{
    "animation": [
        {
            "name": "Root",
            "time": [0.0, 0.25, 0.3667, 0.5833, 0.7833, 1.0],
            "transform": [
                [1.0, 0.0, 0.0, 0.0, 0.0, 0.124118, -0.992267, -0.4, 0.0, 0.992267, 0.124118, 0.9, 0.0, 0.0, 0.0, 1.0],
                [1.0, 0.0, 0.0, 0.0, 0.0, 0.124118, -0.992267, 1.033357, 0.0, 0.992267, 0.124118, 0.877697, 0.0, 0.0, 0.0, 1.0],
                [1.0, 0.0, 0.0, 0.0, 0.0, -0.193298, -0.98114, 2.138429, 0.0, 0.98114, -0.193298, 0.72773, 0.0, 0.0, 0.0, 1.0],
                [1.0, 0.0, 0.0, 0.0, 0.0, -0.193298, -0.98114, 2.138429, 0.0, 0.98114, -0.193298, 0.72773, 0.0, 0.0, 0.0, 1.0],
                [1.0, 0.0, 0.0, 0.0, 0.0, 0.0, -1.0, 2.076024, 0.0, 1.0, 0.0, 0.914006, 0.0, 0.0, 0.0, 1.0],
                [1.0, 0.0, 0.0, 0.0, 0.0, 0.0, -1.0, 2.076024, 0.0, 1.0, 0.0, 0.914006, 0.0, 0.0, 0.0, 1.0]
            ]
        },
        {
            "name": "Head",
            "time": [0.0, 0.25, 0.3667, 0.5833, 0.7833, 1.0],
            "transform": [
                [0.991488, -0.011871, -0.129653, -0.0, 0.01616, -0.976914, 0.213022, 0.418746, -0.129188, -0.213304, -0.968407, -1.289377, 0.0, 0.0, 0.0, 1.0],
                [0.991488, -0.011871, -0.129653, -0.0, 0.01616, -0.976914, 0.213022, 0.418746, -0.129188, -0.213304, -0.968407, -1.289377, 0.0, 0.0, 0.0, 1.0],
                [0.952223, 0.291651, 0.09062, -0.0, -0.123239, 0.095453, 0.987776, 0.418746, 0.279436, -0.951751, 0.126835, -1.289377, 0.0, 0.0, 0.0, 1.0],
                [0.952223, 0.291651, 0.09062, -0.0, -0.123239, 0.095453, 0.987776, 0.418746, 0.279436, -0.951751, 0.126835, -1.289377, 0.0, 0.0, 0.0, 1.0],
                [1.0, 0.0, 0.0, -0.0, 0.0, -0.796235, 0.604988, 0.418746, 0.0, -0.604988, -0.796236, -1.289377, 0.0, 0.0, 0.0, 1.0],
                [1.0, 0.0, 0.0, -0.0, 0.0, -0.796235, 0.604988, 0.418746, 0.0, -0.604988, -0.796236, -1.289377, 0.0, 0.0, 0.0, 1.0]
            ]
        },
        {
            "name": "Thigh_RB",
            "time": [0.0, 0.25, 0.3667, 0.5833, 0.7833, 1.0],
            "transform": [
                [0.0, 0.0, -1.0, 0.295529, 0.0, -1.0, 0.0, -0.230663, -1.0, 0.0, -0.0, 0.16738, 0.0, 0.0, 0.0, 1.0],
                [0.0, 0.0, -1.0, 0.295529, 0.0, -1.0, 0.0, -0.230663, -1.0, 0.0, -0.0, 0.16738, 0.0, 0.0, 0.0, 1.0],
                [0.0, -0.0, -1.0, 0.295529, -0.831628, -0.555332, -0.0, -0.230663, -0.555332, 0.831628, -0.0, 0.16738, 0.0, 0.0, 0.0, 1.0],
                [0.0, -0.0, -1.0, 0.295529, -0.831628, -0.555332, -0.0, -0.230663, -0.555332, 0.831628, -0.0, 0.16738, 0.0, 0.0, 0.0, 1.0],
                [0.0, 0.0, -1.0, 0.295529, -0.012539, -0.999921, -0.0, -0.230663, -0.999921, 0.012539, -0.0, 0.16738, 0.0, 0.0, 0.0, 1.0],
                [0.0, 0.0, -1.0, 0.295529, -0.012539, -0.999921, -0.0, -0.230663, -0.999921, 0.012539, -0.0, 0.16738, 0.0, 0.0, 0.0, 1.0]
            ]
        },
        {
            "name": "Leg_RB",
            "time": [0.0, 0.25, 0.3667, 0.5833, 0.7833, 1.0],
            "transform": [
                [0.0, 0.0, 1.0, -0.0, 0.0, 1.0, 0.0, 0.351412, -1.0, 0.0, 0.0, 0.0, 0.0, 0.0, 0.0, 1.0],
                [0.0, 0.0, 1.0, 0.0, 0.0, 1.0, 0.0, 0.351412, -1.0, 0.0, 0.0, 0.0, 0.0, 0.0, 0.0, 1.0],
                [0.0, -0.086223, 0.996276, 0.0, 0.0, 0.996276, 0.086223, 0.351412, -1.0, -0.0, 0.0, 0.0, 0.0, 0.0, 0.0, 1.0],
                [0.0, -0.086223, 0.996276, 0.0, 0.0, 0.996276, 0.086223, 0.351412, -1.0, -0.0, 0.0, 0.0, 0.0, 0.0, 0.0, 1.0],
                [0.0, -0.140388, 0.990097, -0.0, 0.0, 0.990097, 0.140388, 0.351412, -1.0, -0.0, 0.0, -0.0, 0.0, 0.0, 0.0, 1.0],
                [0.0, -0.140388, 0.990097, -0.0, 0.0, 0.990097, 0.140388, 0.351412, -1.0, -0.0, 0.0, -0.0, 0.0, 0.0, 0.0, 1.0]
            ]
        },
        {
            "name": "Knee_RB",
            "time": [0.0, 1.0],
            "transform": [
                [0.0, 1.0, -0.0, -0.0, -0.0, 0.0, -1.0, 0.351412, -1.0, 0.0, 0.0, 0.0, 0.0, 0.0, 0.0, 1.0],
                [0.0, 1.0, -0.0, -0.0, -0.0, -0.0, -1.0, 0.351412, -1.0, 0.0, 0.0, -0.0, 0.0, 0.0, 0.0, 1.0]
            ]
        },
        {
            "name": "Thigh_LB",
            "time": [0.0, 0.25, 0.3667, 0.5833, 0.7833, 1.0],
            "transform": [
                [0.0, 0.0, -1.0, -0.278945, 0.0, -1.0, 0.0, -0.230663, -1.0, 0.0, -0.0, 0.16738, 0.0, 0.0, 0.0, 1.0],
                [0.0, 0.0, -1.0, -0.278945, 0.0, -1.0, 0.0, -0.230663, -1.0, 0.0, -0.0, 0.16738, 0.0, 0.0, 0.0, 1.0],
                [0.0, -0.0, -1.0, -0.278945, -0.831628, -0.555332, -0.0, -0.230663, -0.555332, 0.831628, -0.0, 0.16738, 0.0, 0.0, 0.0, 1.0],
                [0.0, -0.0, -1.0, -0.278945, -0.831628, -0.555332, -0.0, -0.230663, -0.555332, 0.831628, -0.0, 0.16738, 0.0, 0.0, 0.0, 1.0],
                [0.0, 0.0, -1.0, -0.278945, -0.012539, -0.999921, -0.0, -0.230663, -0.999921, 0.012539, -0.0, 0.16738, 0.0, 0.0, 0.0, 1.0],
                [0.0, 0.0, -1.0, -0.278945, -0.012539, -0.999921, -0.0, -0.230663, -0.999921, 0.012539, -0.0, 0.16738, 0.0, 0.0, 0.0, 1.0]
            ]
        },
        {
            "name": "Leg_LB",
            "time": [0.0, 0.25, 0.3667, 0.5833, 0.7833, 1.0],
            "transform": [
                [0.0, 0.0, 1.0, -0.0, 0.0, 1.0, 0.0, 0.351412, -1.0, 0.0, 0.0, -0.0, 0.0, 0.0, 0.0, 1.0],
                [0.0, 0.0, 1.0, 0.0, 0.0, 1.0, 0.0, 0.351412, -1.0, 0.0, 0.0, -0.0, 0.0, 0.0, 0.0, 1.0],
                [0.0, -0.086223, 0.996276, 0.0, 0.0, 0.996276, 0.086223, 0.351412, -1.0, -0.0, 0.0, -0.0, 0.0, 0.0, 0.0, 1.0],
                [0.0, -0.086223, 0.996276, 0.0, 0.0, 0.996276, 0.086223, 0.351412, -1.0, -0.0, 0.0, -0.0, 0.0, 0.0, 0.0, 1.0],
                [0.0, -0.140388, 0.990097, -0.0, 0.0, 0.990097, 0.140388, 0.351412, -1.0, -0.0, 0.0, -0.0, 0.0, 0.0, 0.0, 1.0],
                [0.0, -0.140388, 0.990097, -0.0, 0.0, 0.990097, 0.140388, 0.351412, -1.0, -0.0, 0.0, -0.0, 0.0, 0.0, 0.0, 1.0]
            ]
        },
        {
            "name": "Knee_LB",
            "time": [0.0, 1.0],
            "transform": [
                [0.0, 1.0, -0.0, -0.0, -0.0, 0.0, -1.0, 0.351412, -1.0, 0.0, 0.0, -0.0, 0.0, 0.0, 0.0, 1.0],
                [0.0, 1.0, -0.0, -0.0, -0.0, -0.0, -1.0, 0.351412, -1.0, 0.0, 0.0, -0.0, 0.0, 0.0, 0.0, 1.0]
            ]
        },
        {
            "name": "Thigh_RF",
            "time": [0.0, 0.25, 0.3667, 0.5833, 0.7833, 1.0],
            "transform": [
                [0.0, 0.0, -1.0, 0.255082, 0.797016, -0.603958, 0.0, -0.230663, -0.603958, -0.797016, -0.0, -0.962435, 0.0, 0.0, 0.0, 1.0],
                [0.0, 0.0, -1.0, 0.255082, 0.797016, -0.603958, 0.0, -0.230663, -0.603958, -0.797016, -0.0, -0.962435, 0.0, 0.0, 0.0, 1.0],
                [0.0, -0.0, -1.0, 0.255082, -0.382445, -0.923978, -0.0, -0.230663, -0.923978, 0.382445, -0.0, -0.962435, 0.0, 0.0, 0.0, 1.0],
                [0.0, -0.0, -1.0, 0.255082, -0.382445, -0.923978, -0.0, -0.230663, -0.923978, 0.382445, -0.0, -0.962435, 0.0, 0.0, 0.0, 1.0],
                [0.0, 0.0, -1.0, 0.255082, 0.0, -1.0, 0.0, -0.230663, -1.0, 0.0, -0.0, -0.962435, 0.0, 0.0, 0.0, 1.0],
                [0.0, 0.0, -1.0, 0.255082, 0.0, -1.0, 0.0, -0.230663, -1.0, 0.0, -0.0, -0.962435, 0.0, 0.0, 0.0, 1.0]
            ]
        },
        {
            "name": "Leg_RF",
            "time": [0.0, 0.25, 0.3667, 1.0],
            "transform": [
                [0.0, -0.454762, 0.890613, 0.0, 0.0, 0.890613, 0.454762, 0.351412, -1.0, -0.0, 0.0, 0.0, 0.0, 0.0, 0.0, 1.0],
                [0.0, -0.454762, 0.890613, -0.0, 0.0, 0.890613, 0.454762, 0.351412, -1.0, -0.0, 0.0, 0.0, 0.0, 0.0, 0.0, 1.0],
                [0.0, 0.0, 1.0, 0.0, 0.0, 1.0, 0.0, 0.351412, -1.0, 0.0, 0.0, 0.0, 0.0, 0.0, 0.0, 1.0],
                [0.0, 0.0, 1.0, 0.0, 0.0, 1.0, 0.0, 0.351412, -1.0, 0.0, 0.0, 0.0, 0.0, 0.0, 0.0, 1.0]
            ]
        },
        {
            "name": "Knee_RF",
            "time": [0.0, 0.25, 0.3667, 1.0],