{
    "animation": [
        {
            "name": "Root",
            "time": [0.0, 0.1667, 0.3333, 0.5, 0.6667, 0.8333],
            "transform": [
                [0.969274, -0.212115, 0.12456, 0.00341, 0.0, -0.506374, -0.862314, -0.345131, 0.245983, 0.835818, -0.490815, 0.527052, 0.0, 0.0, 0.0, 1.0],
                [0.952576, -0.262402, 0.15409, -0.024475, 0.0, -0.506374, -0.862314, -0.345131, 0.3043, 0.82142, -0.48236, 0.509159, 0.0, 0.0, 0.0, 1.0],
                [0.72258, -0.596107, 0.35005, -0.214771, 0.0, -0.506374, -0.862314, -0.345131, 0.691287, 0.623091, -0.365896, 0.409573, 0.0, 0.0, 0.0, 1.0],
                [-0.000284, -0.862314, 0.506374, -0.489472, -0.0, -0.506374, -0.862314, -0.345131, 1.0, -0.000245, 0.000144, 0.257386, 0.0, 0.0, 0.0, 1.0],
                [-0.000284, -0.862314, 0.506374, -0.489472, -0.0, -0.506374, -0.862314, -0.345131, 1.0, -0.000245, 0.000144, 0.254834, 0.0, 0.0, 0.0, 1.0],
                [-0.000284, -0.862314, 0.506374, -0.489472, -0.0, -0.506374, -0.862314, -0.345131, 1.0, -0.000245, 0.000144, 0.254834, 0.0, 0.0, 0.0, 1.0]
            ]
        },
        {
            "name": "Head",
            "time": [0.0, 0.1667, 0.3333, 0.5, 0.6667, 0.8333],
            "transform": [
                [1.0, 0.0, 0.0, 0.0, -0.0, -0.388785, 0.921329, 0.348287, 0.0, -0.921328, -0.388784, -0.713543, 0.0, 0.0, 0.0, 1.0],
                [0.991618, 0.129199, -0.00073, 0.0, 0.050747, -0.384277, 0.921822, 0.348287, 0.118818, -0.914132, -0.387612, -0.713543, 0.0, 0.0, 0.0, 1.0],
                [0.858978, 0.511996, -0.004161, 0.0, 0.200271, -0.328494, 0.923029, 0.348287, 0.47122, -0.793694, -0.384706, -0.713543, 0.0, 0.0, 0.0, 1.0],
                [0.966071, 0.255587, -0.03718, 0.0, 0.134562, -0.375206, 0.917122, 0.348287, 0.220454, -0.891008, -0.396868, -0.713543, 0.0, 0.0, 0.0, 1.0],
                [0.997113, -0.021661, -0.072775, 0.0, 0.057958, -0.402064, 0.913775, 0.348287, -0.049054, -0.915355, -0.399647, -0.713543, 0.0, 0.0, 0.0, 1.0],
                [0.997113, -0.021661, -0.072775, 0.0, 0.057958, -0.402064, 0.913775, 0.348287, -0.049054, -0.915355, -0.399647, -0.713543, 0.0, 0.0, 0.0, 1.0]
            ]
        },
        {
            "name": "Thigh_RB",
            "time": [0.0, 0.1667, 0.3333, 0.5, 0.8333],
            "transform": [
                [0.0, -0.0, -1.0, 0.153735, -0.506338, -0.862335, -0.0, -0.119991, -0.862335, 0.506339, -0.0, 0.087071, 0.0, 0.0, 0.0, 1.0],
                [0.0, -0.002241, -0.999998, 0.153735, -0.506339, -0.862333, 0.001932, -0.119991, -0.862335, 0.506337, -0.001135, 0.087072, 0.0, 0.0, 0.0, 1.0],
                [-2.2e-05, 0.553353, -0.832947, 0.153735, -0.506344, -0.718283, -0.477164, -0.119991, -0.862331, 0.421747, 0.280203, 0.087071, 0.0, 0.0, 0.0, 1.0],
                [2.3e-05, -0.541946, -0.840413, 0.153735, -0.506344, -0.724721, 0.467328, -0.119991, -0.862331, 0.425528, -0.274428, 0.087071, 0.0, 0.0, 0.0, 1.0],
                [2.3e-05, -0.541946, -0.840413, 0.153735, -0.506344, -0.724721, 0.467328, -0.119991, -0.862331, 0.425528, -0.274428, 0.087071, 0.0, 0.0, 0.0, 1.0]
            ]
        },
        {
            "name": "Leg_RB",
            "time": [0.0, 0.8333],
            "transform": [
                [0.0, -0.0, 1.0, 0.0, 0.0, 1.0, 0.0, 0.182805, -1.0, 0.0, 0.0, 0.0, 0.0, 0.0, 0.0, 1.0],
                [0.0, -0.0, 1.0, 0.0, -0.0, 1.0, 0.0, 0.182805, -1.0, 0.0, 0.0, 0.0, 0.0, 0.0, 0.0, 1.0]
            ]
        },
        {
            "name": "knee_RB",
            "time": [0.0, 0.8333],
            "transform": [
                [0.0, 1.0, 0.0, 0.0, -0.0, 0.0, -1.0, 0.182805, -1.0, 0.0, 0.0, 0.0, 0.0, 0.0, 0.0, 1.0],
                [0.0, 1.0, 0.0, 0.0, 0.0, 0.0, -1.0, 0.182805, -1.0, 0.0, -0.0, 0.0, 0.0, 0.0, 0.0, 1.0]
            ]
        },
        {
            "name": "Thigh_LB",
            "time": [0.0, 0.1667, 0.3333, 0.5, 0.8333],
            "transform": [
                [-1.2e-05, 0.293086, -0.956086, -0.145108, -0.50634, -0.824467, -0.252732, -0.119991, -0.862334, 0.484102, 0.148411, 0.087071, 0.0, 0.0, 0.0, 1.0],
                [-1.2e-05, 0.293086, -0.956086, -0.145108, -0.50634, -0.824467, -0.252732, -0.119991, -0.862334, 0.484102, 0.148411, 0.087071, 0.0, 0.0, 0.0, 1.0],
                [-1.8e-05, 0.452775, -0.891625, -0.145108, -0.506342, -0.768881, -0.390434, -0.119991, -0.862333, 0.45146, 0.229273, 0.087071, 0.0, 0.0, 0.0, 1.0],
                [6e-06, -0.134291, -0.990942, -0.145108, -0.506339, -0.854524, 0.115801, -0.119991, -0.862335, 0.501752, -0.068002, 0.087071, 0.0, 0.0, 0.0, 1.0],
                [6e-06, -0.134291, -0.990942, -0.145108, -0.506339, -0.854524, 0.115801, -0.119991, -0.862335, 0.501752, -0.068002, 0.087071, 0.0, 0.0, 0.0, 1.0]
            ]
        },
        {
            "name": "Leg_LB",
            "time": [0.0, 0.8333],
            "transform": [
                [0.0, 0.0, 1.0, -0.0, 0.0, 1.0, 0.0, 0.182805, -1.0, 0.0, 0.0, -0.0, 0.0, 0.0, 0.0, 1.0],
                [0.0, 0.0, 1.0, -0.0, -0.0, 1.0, -0.0, 0.182805, -1.0, 0.0, 0.0, -0.0, 0.0, 0.0, 0.0, 1.0]
            ]
        },
        {
            "name": "Knee_LB",
            "time": [0.0, 0.8333],
            "transform": [
                [0.0, 1.0, -0.0, -0.0, 0.0, 0.0, -1.0, 0.182805, -1.0, 0.0, -0.0, -0.0, 0.0, 0.0, 0.0, 1.0],
                [0.0, 1.0, -0.0, -0.0, -0.0, -0.0, -1.0, 0.182805, -1.0, 0.0, 0.0, -0.0, 0.0, 0.0, 0.0, 1.0]
            ]
        },
        {
            "name": "Thigh_RF",
            "time": [0.0, 0.1667, 0.3333, 0.5, 0.6667, 0.8333],
            "transform": [
                [0.00457, 0.002045, -0.999987, 0.132695, -0.460837, -0.887476, -0.003921, -0.119991, -0.887473, 0.460849, -0.003113, -0.500661, 0.0, 0.0, 0.0, 1.0],
                [-0.00158, 0.119523, -0.99283, 0.132694, -0.460685, -0.881288, -0.105361, -0.119991, -0.887562, 0.457215, 0.056455, -0.500661, 0.0, 0.0, 0.0, 1.0],
                [-0.012698, 0.328814, -0.944309, 0.132695, -0.462054, -0.839441, -0.286085, -0.119991, -0.886761, 0.43269, 0.162589, -0.500661, 0.0, 0.0, 0.0, 1.0],
                [-0.000106, 0.091467, -0.995808, 0.132694, -0.460664, -0.883858, -0.081135, -0.119991, -0.887574, 0.458725, 0.042229, -0.500661, 0.0, 0.0, 0.0, 1.0],
                [0.020255, -0.30344, -0.952635, 0.132694, -0.46419, -0.846762, 0.259847, -0.119991, -0.885504, 0.436941, -0.158005, -0.500661, 0.0, 0.0, 0.0, 1.0],
                [0.020255, -0.30344, -0.952635, 0.132694, -0.46419, -0.846762, 0.259847, -0.119991, -0.885504, 0.436941, -0.158005, -0.500661, 0.0, 0.0, 0.0, 1.0]
            ]
        },
        {
            "name": "Leg_RF",
            "time": [0.0, 0.8333],
            "transform": [
                [0.0, 0.0, 1.0, -0.0, 0.0, 1.0, -0.0, 0.182806, -1.0, 0.0, 0.0, -0.0, 0.0, 0.0, 0.0, 1.0],
                [0.0, -0.0, 1.0, -0.0, -0.0, 1.0, 0.0, 0.182805, -1.0, -0.0, 0.0, 0.0, 0.0, 0.0, 0.0, 1.0]
            ]
        },
        {
            "name": "Right_Knee_RF",
            "time": [0.0, 0.8333],
            "transform": [
                [0.0, 1.0, -0.0, -0.0, -0.0, -0.0, -1.0, 0.182806, -1.0, 0.0, 0.0, -0.0, 0.0, 0.0, 0.0, 1.0],
                [0.0, 1.0, 0.0, -0.0, -0.0, 0.0, -1.0, 0.182805, -1.0, 0.0, 0.0, 0.0, 0.0, 0.0, 0.0, 1.0]
            ]
        },
        {
            "name": "Thigh_LF",
            "time": [0.0, 0.1667, 0.3333, 0.5, 0.6667, 0.8333],