{
    "animation": [
        {
            "name": "Root",
            "time": [0.0, 0.1167, 0.2333, 0.5333, 0.75],
            "transform": [
                [1.0, -0.0, 0.0, 0.00341, 0.0, 0.124118, -0.992267, -0.345131, 0.0, 0.992267, 0.124118, 0.456762, 0.0, 0.0, 0.0, 1.0],
                [1.0, 0.0, 0.0, 0.00341, 0.0, -0.193298, -0.98114, 0.488227, 0.0, 0.98114, -0.193298, 0.42535, 0.0, 0.0, 0.0, 1.0],
                [1.0, 0.0, 0.0, 0.00341, 0.0, -0.193298, -0.98114, 0.488227, 0.0, 0.98114, -0.193298, 0.42535, 0.0, 0.0, 0.0, 1.0],
                [1.0, 0.0, 0.0, 0.00341, 0.0, 0.0, -1.0, 0.546662, 0.0, 1.0, 0.0, 0.492884, 0.0, 0.0, 0.0, 1.0],
                [1.0, 0.0, 0.0, 0.00341, 0.0, 0.0, -1.0, 0.546662, 0.0, 1.0, 0.0, 0.492884, 0.0, 0.0, 0.0, 1.0]
            ]
        },
        {
            "name": "Head",
            "time": [0.0, 0.1167, 0.2333, 0.5333, 0.75],
            "transform": [
                [0.991488, -0.011871, -0.129652, 0.0, 0.01616, -0.976914, 0.213022, 0.348287, -0.129188, -0.213305, -0.968406, -0.713543, 0.0, 0.0, 0.0, 1.0],
                [0.952222, 0.291651, 0.09062, 0.0, -0.12324, 0.095454, 0.987776, 0.348287, 0.279436, -0.951749, 0.126836, -0.713543, 0.0, 0.0, 0.0, 1.0],
                [0.952222, 0.291651, 0.09062, 0.0, -0.12324, 0.095454, 0.987776, 0.348287, 0.279436, -0.951749, 0.126836, -0.713543, 0.0, 0.0, 0.0, 1.0],
                [1.0, 0.0, 0.0, 0.0, -0.0, -0.796235, 0.604988, 0.348287, 0.0, -0.604988, -0.796234, -0.713543, 0.0, 0.0, 0.0, 1.0],
                [1.0, 0.0, 0.0, 0.0, -0.0, -0.796235, 0.604988, 0.348287, 0.0, -0.604988, -0.796234, -0.713543, 0.0, 0.0, 0.0, 1.0]
            ]
        },
        {
            "name": "Thigh_RB",
            "time": [0.0, 0.1167, 0.2333, 0.5333, 0.75],
            "transform": [
                [0.0, 0.0, -1.0, 0.153735, -0.0, -1.0, -0.0, -0.119991, -1.0, 0.0, -0.0, 0.087071, 0.0, 0.0, 0.0, 1.0],
                [0.0, -0.0, -1.0, 0.153735, -0.831628, -0.555332, -0.0, -0.119991, -0.555332, 0.831628, -0.0, 0.087072, 0.0, 0.0, 0.0, 1.0],
                [0.0, -0.0, -1.0, 0.153735, -0.831628, -0.555332, -0.0, -0.119991, -0.555332, 0.831628, -0.0, 0.087072, 0.0, 0.0, 0.0, 1.0],
                [0.0, -0.0, -1.0, 0.153735, -0.012539, -0.999921, -0.0, -0.119991, -0.999921, 0.012539, -0.0, 0.087071, 0.0, 0.0, 0.0, 1.0],
                [0.0, -0.0, -1.0, 0.153735, -0.012539, -0.999921, -0.0, -0.119991, -0.999921, 0.012539, -0.0, 0.087071, 0.0, 0.0, 0.0, 1.0]
            ]
        },
        {
            "name": "Leg_RB",
            "time": [0.0, 0.1167, 0.2333, 0.5333, 0.75],
            "transform": [
                [0.0, 0.0, 1.0, 0.0, 0.0, 1.0, -0.0, 0.182805, -1.0, 0.0, 0.0, 0.0, 0.0, 0.0, 0.0, 1.0],
                [0.0, -0.086223, 0.996276, 0.0, 0.0, 0.996276, 0.086223, 0.182806, -1.0, -0.0, 0.0, -0.0, 0.0, 0.0, 0.0, 1.0],
                [0.0, -0.086223, 0.996276, 0.0, 0.0, 0.996276, 0.086223, 0.182806, -1.0, -0.0, 0.0, -0.0, 0.0, 0.0, 0.0, 1.0],
                [0.0, -0.140388, 0.990097, 0.0, 0.0, 0.990097, 0.140388, 0.182805, -1.0, -0.0, 0.0, 0.0, 0.0, 0.0, 0.0, 1.0],
                [0.0, -0.140388, 0.990097, 0.0, 0.0, 0.990097, 0.140388, 0.182805, -1.0, -0.0, 0.0, 0.0, 0.0, 0.0, 0.0, 1.0]
            ]
        },
        {
            "name": "knee_RB",
            "time": [0.0, 0.75],
            "transform": [
                [0.0, 1.0, -0.0, 0.0, -0.0, 0.0, -1.0, 0.182805, -1.0, 0.0, 0.0, 0.0, 0.0, 0.0, 0.0, 1.0],
                [0.0, 1.0, -0.0, 0.0, -0.0, 0.0, -1.0, 0.182805, -1.0, 0.0, 0.0, 0.0, 0.0, 0.0, 0.0, 1.0]
            ]
        },
        {
            "name": "Thigh_LB",
            "time": [0.0, 0.1167, 0.2333, 0.5333, 0.75],
            "transform": [
                [0.0, 0.0, -1.0, -0.145108, -0.0, -1.0, -0.0, -0.119991, -1.0, 0.0, -0.0, 0.087071, 0.0, 0.0, 0.0, 1.0],
                [0.0, -0.0, -1.0, -0.145108, -0.831628, -0.555332, -0.0, -0.119991, -0.555332, 0.831628, -0.0, 0.087071, 0.0, 0.0, 0.0, 1.0],
                [0.0, -0.0, -1.0, -0.145108, -0.831628, -0.555332, -0.0, -0.119991, -0.555332, 0.831628, -0.0, 0.087071, 0.0, 0.0, 0.0, 1.0],
                [0.0, -0.0, -1.0, -0.145108, -0.012539, -0.999921, -0.0, -0.119991, -0.999921, 0.012539, -0.0, 0.087071, 0.0, 0.0, 0.0, 1.0],
                [0.0, -0.0, -1.0, -0.145108, -0.012539, -0.999921, -0.0, -0.119991, -0.999921, 0.012539, -0.0, 0.087071, 0.0, 0.0, 0.0, 1.0]
            ]
        },
        {
            "name": "Leg_LB",
            "time": [0.0, 0.1167, 0.2333, 0.5333, 0.75],
            "transform": [
                [0.0, 0.0, 1.0, 0.0, 0.0, 1.0, -0.0, 0.182805, -1.0, 0.0, 0.0, 0.0, 0.0, 0.0, 0.0, 1.0],
                [0.0, -0.086223, 0.996276, 0.0, 0.0, 0.996276, 0.086223, 0.182806, -1.0, -0.0, 0.0, -0.0, 0.0, 0.0, 0.0, 1.0],
                [0.0, -0.086223, 0.996276, 0.0, 0.0, 0.996276, 0.086223, 0.182806, -1.0, -0.0, 0.0, -0.0, 0.0, 0.0, 0.0, 1.0],
                [0.0, -0.140388, 0.990097, -0.0, 0.0, 0.990097, 0.140388, 0.182805, -1.0, -0.0, 0.0, 0.0, 0.0, 0.0, 0.0, 1.0],
                [0.0, -0.140388, 0.990097, -0.0, 0.0, 0.990097, 0.140388, 0.182805, -1.0, -0.0, 0.0, 0.0, 0.0, 0.0, 0.0, 1.0]
            ]
        },
        {
            "name": "Knee_LB",
            "time": [0.0, 0.75],
            "transform": [
                [0.0, 1.0, -0.0, 0.0, -0.0, 0.0, -1.0, 0.182805, -1.0, 0.0, 0.0, 0.0, 0.0, 0.0, 0.0, 1.0],
                [0.0, 1.0, -0.0, -0.0, -0.0, 0.0, -1.0, 0.182805, -1.0, 0.0, 0.0, 0.0, 0.0, 0.0, 0.0, 1.0]
            ]
        },
        {
            "name": "Thigh_RF",
            "time": [0.0, 0.1167, 0.2333, 0.5333, 0.75],
            "transform": [
                [0.0, 0.0, -1.0, 0.132695, 0.797016, -0.603958, 0.0, -0.119991, -0.603958, -0.797016, -0.0, -0.500661, 0.0, 0.0, 0.0, 1.0],
                [0.0, -0.0, -1.0, 0.132695, -0.382445, -0.923978, -0.0, -0.119991, -0.923978, 0.382445, -0.0, -0.500661, 0.0, 0.0, 0.0, 1.0],
                [0.0, -0.0, -1.0, 0.132695, -0.382445, -0.923978, -0.0, -0.119991, -0.923978, 0.382445, -0.0, -0.500661, 0.0, 0.0, 0.0, 1.0],
                [0.0, 0.0, -1.0, 0.132695, 0.0, -1.0, 0.0, -0.119991, -1.0, 0.0, -0.0, -0.500661, 0.0, 0.0, 0.0, 1.0],
                [0.0, 0.0, -1.0, 0.132695, 0.0, -1.0, 0.0, -0.119991, -1.0, 0.0, -0.0, -0.500661, 0.0, 0.0, 0.0, 1.0]
            ]
        },
        {
            "name": "Leg_RF",
            "time": [0.0, 0.1167, 0.75],
            "transform": [
                [0.0, -0.454762, 0.890613, -0.0, 0.0, 0.890613, 0.454762, 0.182805, -1.0, -0.0, 0.0, 0.0, 0.0, 0.0, 0.0, 1.0],
                [0.0, -0.0, 1.0, -0.0, 0.0, 1.0, 0.0, 0.182805, -1.0, -0.0, 0.0, 0.0, 0.0, 0.0, 0.0, 1.0],
                [0.0, 0.0, 1.0, 0.0, 0.0, 1.0, 0.0, 0.182805, -1.0, 0.0, 0.0, 0.0, 0.0, 0.0, 0.0, 1.0]
            ]
        },
        {
            "name": "Right_Knee_RF",
            "time": [0.0, 0.1167, 0.75],
            "transform": [
                [0.0, 1.0, -0.0, -0.000414, -0.0, -0.0, -1.0, 0.222476, -1.0, 0.0, 0.0, 0.0, 0.0, 0.0, 0.0, 1.0],
                [0.0, 1.0, 0.0, -0.0, -0.0, 0.0, -1.0, 0.182805, -1.0, 0.0, 0.0, 0.0, 0.0, 0.0, 0.0, 1.0],
                [0.0, 1.0, 0.0, 0.0, -0.0, 0.0, -1.0, 0.182805, -1.0, 0.0, 0.0, 0.0, 0.0, 0.0, 0.0, 1.0]
            ]
        },
        {
            "name": "Thigh_LF",
            "time": [0.0, 0.1167, 0.2333, 0.5333, 0.75],