{
    "animation": [
        {
            "name": "Root",
            "time": [0.0, 0.1667, 0.3333, 0.5, 0.6667, 0.8333],
            "transform": [
                [0.969274, -0.212115, 0.12456, 0.0, 0.0, -0.506374, -0.862314, -0.4, 0.245983, 0.835818, -0.490815, 0.948175, 0.0, 0.0, 0.0, 1.0],
                [0.952576, -0.262403, 0.15409, -0.027886, 0.0, -0.506374, -0.862314, -0.4, 0.3043, 0.82142, -0.48236, 0.930282, 0.0, 0.0, 0.0, 1.0],
                [0.72258, -0.596107, 0.35005, -0.218181, 0.0, -0.506374, -0.862314, -0.4, 0.691287, 0.623091, -0.365896, 0.683495, 0.0, 0.0, 0.0, 1.0],
                [-0.000284, -0.862314, 0.506374, -0.492882, -0.0, -0.506374, -0.862314, -0.4, 1.0, -0.000245, 0.000144, 0.496847, 0.0, 0.0, 0.0, 1.0],
                [-0.000284, -0.862314, 0.506374, -0.492882, -0.0, -0.506374, -0.862314, -0.4, 1.0, -0.000245, 0.000144, 0.496847, 0.0, 0.0, 0.0, 1.0],
                [-0.000284, -0.862314, 0.506374, -0.492882, -0.0, -0.506374, -0.862314, -0.4, 1.0, -0.000245, 0.000144, 0.496847, 0.0, 0.0, 0.0, 1.0]
            ]
        },
        {
            "name": "Head",
            "time": [0.0, 0.1667, 0.3333, 0.5, 0.6667, 0.8333],
            "transform": [
                [1.0, 0.0, -0.0, -0.0, -0.0, -0.388785, 0.921328, 0.418746, 0.0, -0.921329, -0.388786, -1.289377, 0.0, 0.0, 0.0, 1.0],
                [0.991619, 0.129199, -0.00073, -0.0, 0.050747, -0.384278, 0.921822, 0.418746, 0.118818, -0.914133, -0.387614, -1.289377, 0.0, 0.0, 0.0, 1.0],
                [0.858978, 0.511996, -0.004161, 0.0, 0.200271, -0.328494, 0.923029, 0.418746, 0.47122, -0.793695, -0.384708, -1.289377, 0.0, 0.0, 0.0, 1.0],
                [0.966071, 0.255587, -0.03718, -0.0, 0.134562, -0.375207, 0.917122, 0.418746, 0.220454, -0.891008, -0.396869, -1.289377, 0.0, 0.0, 0.0, 1.0],
                [0.997113, -0.021662, -0.072775, -0.0, 0.057958, -0.402064, 0.913775, 0.418746, -0.049054, -0.915356, -0.399649, -1.289377, 0.0, 0.0, 0.0, 1.0],
                [0.997113, -0.021662, -0.072775, -0.0, 0.057958, -0.402064, 0.913775, 0.418746, -0.049054, -0.915356, -0.399649, -1.289377, 0.0, 0.0, 0.0, 1.0]
            ]
        },
        {
            "name": "Thigh_RB",
            "time": [0.0, 0.1667, 0.3333, 0.5, 0.8333],
            "transform": [
                [0.0, -0.0, -1.0, 0.295529, -0.506339, -0.862335, -0.0, -0.230663, -0.862335, 0.506339, -0.0, 0.16738, 0.0, 0.0, 0.0, 1.0],
                [0.0, -0.002241, -0.999998, 0.295529, -0.506339, -0.862333, 0.001932, -0.230663, -0.862335, 0.506337, -0.001135, 0.16738, 0.0, 0.0, 0.0, 1.0],
                [-2.3e-05, 0.553353, -0.832947, 0.295529, -0.506344, -0.718283, -0.477164, -0.230663, -0.862331, 0.421747, 0.280203, 0.16738, 0.0, 0.0, 0.0, 1.0],
                [2.2e-05, -0.541946, -0.840413, 0.295529, -0.506344, -0.724721, 0.467328, -0.230663, -0.862331, 0.425528, -0.274428, 0.16738, 0.0, 0.0, 0.0, 1.0],
                [2.2e-05, -0.541946, -0.840413, 0.295529, -0.506344, -0.724721, 0.467328, -0.230663, -0.862331, 0.425528, -0.274428, 0.16738, 0.0, 0.0, 0.0, 1.0]
            ]
        },
        {
            "name": "Leg_RB",
            "time": [0.0, 0.8333],
            "transform": [
                [0.0, -0.0, 1.0, 0.0, 0.0, 1.0, -0.0, 0.351412, -1.0, 0.0, 0.0, -0.0, 0.0, 0.0, 0.0, 1.0],
                [0.0, 0.0, 1.0, 0.0, -0.0, 1.0, -0.0, 0.351412, -1.0, 0.0, 0.0, -0.0, 0.0, 0.0, 0.0, 1.0]
            ]
        },
        {
            "name": "Knee_RB",
            "time": [0.0, 0.8333],
            "transform": [
                [0.0, 1.0, 0.0, 0.0, -0.0, -0.0, -1.0, 0.351412, -1.0, 0.0, 0.0, -0.0, 0.0, 0.0, 0.0, 1.0],
                [0.0, 1.0, -0.0, 0.0, -0.0, -0.0, -1.0, 0.351412, -1.0, 0.0, -0.0, -0.0, 0.0, 0.0, 0.0, 1.0]
            ]
        },
        {
            "name": "Thigh_LB",
            "time": [0.0, 0.1667, 0.3333, 0.5, 0.8333],
            "transform": [
                [-1.2e-05, 0.293086, -0.956086, -0.278945, -0.50634, -0.824467, -0.252732, -0.230663, -0.862334, 0.484102, 0.148411, 0.16738, 0.0, 0.0, 0.0, 1.0],
                [-1.2e-05, 0.293086, -0.956086, -0.278945, -0.50634, -0.824467, -0.252732, -0.230663, -0.862334, 0.484102, 0.148411, 0.16738, 0.0, 0.0, 0.0, 1.0],
                [-1.9e-05, 0.452775, -0.891625, -0.278945, -0.506342, -0.768881, -0.390434, -0.230663, -0.862333, 0.45146, 0.229274, 0.16738, 0.0, 0.0, 0.0, 1.0],
                [6e-06, -0.134291, -0.990942, -0.278945, -0.506339, -0.854524, 0.115801, -0.230663, -0.862335, 0.501752, -0.068001, 0.16738, 0.0, 0.0, 0.0, 1.0],
                [6e-06, -0.134291, -0.990942, -0.278945, -0.506339, -0.854524, 0.115801, -0.230663, -0.862335, 0.501752, -0.068001, 0.16738, 0.0, 0.0, 0.0, 1.0]
            ]
        },
        {
            "name": "Leg_LB",
            "time": [0.0, 0.8333],
            "transform": [
                [0.0, -0.0, 1.0, -0.0, 0.0, 1.0, 0.0, 0.351412, -1.0, 0.0, 0.0, -0.0, 0.0, 0.0, 0.0, 1.0],
                [0.0, 0.0, 1.0, 0.0, 0.0, 1.0, -0.0, 0.351412, -1.0, 0.0, 0.0, 0.0, 0.0, 0.0, 0.0, 1.0]
            ]
        },
        {
            "name": "Knee_LB",
            "time": [0.0, 0.8333],
            "transform": [
                [0.0, 1.0, 0.0, -0.0, -0.0, -0.0, -1.0, 0.351412, -1.0, 0.0, -0.0, -0.0, 0.0, 0.0, 0.0, 1.0],
                [0.0, 1.0, -0.0, 0.0, -0.0, -0.0, -1.0, 0.351412, -1.0, 0.0, 0.0, 0.0, 0.0, 0.0, 0.0, 1.0]
            ]
        },
        {
            "name": "Thigh_RF",
            "time": [0.0, 0.1667, 0.3333, 0.5, 0.6667, 0.8333],
            "transform": [
                [0.00457, 0.002045, -0.999987, 0.255082, -0.460837, -0.887476, -0.003921, -0.230663, -0.887473, 0.460849, -0.003113, -0.962435, 0.0, 0.0, 0.0, 1.0],
                [-0.001581, 0.119523, -0.99283, 0.255082, -0.460685, -0.881288, -0.105361, -0.230663, -0.887562, 0.457215, 0.056455, -0.962435, 0.0, 0.0, 0.0, 1.0],
                [-0.012698, 0.328814, -0.944309, 0.255082, -0.462054, -0.839441, -0.286085, -0.230663, -0.886761, 0.432689, 0.162589, -0.962435, 0.0, 0.0, 0.0, 1.0],
                [-0.000106, 0.091467, -0.995808, 0.255082, -0.460664, -0.883858, -0.081135, -0.230663, -0.887574, 0.458725, 0.042229, -0.962435, 0.0, 0.0, 0.0, 1.0],
                [0.020255, -0.30344, -0.952635, 0.255082, -0.46419, -0.846762, 0.259847, -0.230663, -0.885504, 0.436941, -0.158005, -0.962435, 0.0, 0.0, 0.0, 1.0],
                [0.020255, -0.30344, -0.952635, 0.255082, -0.46419, -0.846762, 0.259847, -0.230663, -0.885504, 0.436941, -0.158005, -0.962435, 0.0, 0.0, 0.0, 1.0]
            ]
        },
        {
            "name": "Leg_RF",
            "time": [0.0, 0.8333],
            "transform": [
                [0.0, -0.0, 1.0, -0.0, 0.0, 1.0, -0.0, 0.351412, -1.0, 0.0, 0.0, 0.0, 0.0, 0.0, 0.0, 1.0],
                [0.0, 0.0, 1.0, 0.0, 0.0, 1.0, -0.0, 0.351412, -1.0, 0.0, 0.0, 0.0, 0.0, 0.0, 0.0, 1.0]
            ]
        },
        {
            "name": "Knee_RF",
            "time": [0.0, 0.8333],
            "transform": [
                [0.0, 1.0, 0.0, -0.0, -0.0, 0.0, -1.0, 0.351412, -1.0, 0.0, 0.0, 0.0, 0.0, 0.0, 0.0, 1.0],
                [0.0, 1.0, -0.0, 0.0, -0.0, -0.0, -1.0, 0.351412, -1.0, 0.0, 0.0, 0.0, 0.0, 0.0, 0.0, 1.0]
            ]
        },
        {
            "name": "Thigh_LF",
            "time": [0.0, 0.1667, 0.3333, 0.5, 0.6667, 0.8333],