{
    "animation": [
        {
            "name": "Root",
            "time": [0.0, 0.0833, 0.1667, 0.25, 0.3333, 0.4167, 0.5, 0.5833, 0.6667],
            "transform": [
                [1.0, 0.0, 0.0, 0.0, 0.0, -0.009212, -0.999958, -0.4, 0.0, 0.999958, -0.009212, 0.894837, 0.0, 0.0, 0.0, 1.0],
                [1.0, 0.0, 0.0, 0.0, 0.0, -0.009212, -0.999958, -0.4, 0.0, 0.999958, -0.009212, 0.9, 0.0, 0.0, 0.0, 1.0],
                [1.0, 0.0, 0.0, 0.0, 0.0, -0.009212, -0.999958, -0.4, 0.0, 0.999958, -0.009212, 0.879349, 0.0, 0.0, 0.0, 1.0],
                [1.0, 0.0, 0.0, 0.0, 0.0, -0.009212, -0.999958, -0.4, 0.0, 0.999958, -0.009212, 0.852608, 0.0, 0.0, 0.0, 1.0],
                [1.0, 0.0, 0.0, 0.0, 0.0, -0.009212, -0.999958, -0.4, 0.0, 0.999958, -0.009212, 0.890379, 0.0, 0.0, 0.0, 1.0],
                [1.0, 0.0, 0.0, 0.0, 0.0, -0.009212, -0.999958, -0.4, 0.0, 0.999958, -0.009212, 0.903414, 0.0, 0.0, 0.0, 1.0],
                [1.0, 0.0, 0.0, 0.0, 0.0, -0.009212, -0.999958, -0.4, 0.0, 0.999958, -0.009212, 0.881938, 0.0, 0.0, 0.0, 1.0],
                [1.0, 0.0, 0.0, 0.0, 0.0, -0.009212, -0.999958, -0.4, 0.0, 0.999958, -0.009212, 0.883225, 0.0, 0.0, 0.0, 1.0],
                [1.0, 0.0, 0.0, 0.0, 0.0, -0.009212, -0.999958, -0.4, 0.0, 0.999958, -0.009212, 0.894837, 0.0, 0.0, 0.0, 1.0]
            ]
        },
        {
            "name": "Head",
            "time": [0.0, 0.1667, 0.5, 0.6667],
            "transform": [
                [1.0, 0.0, -0.0, -0.0, 0.0, -0.859786, 0.510654, 0.418746, 0.0, -0.510654, -0.859787, -1.289377, 0.0, 0.0, 0.0, 1.0],
                [1.0, 0.0, -0.0, -0.0, 0.0, -0.917418, 0.397925, 0.418746, -0.0, -0.397924, -0.917419, -1.289377, 0.0, 0.0, 0.0, 1.0],
                [1.0, -0.0, 0.0, -0.0, -0.0, -0.788375, 0.615195, 0.418746, -0.0, -0.615195, -0.788375, -1.289377, 0.0, 0.0, 0.0, 1.0],
                [1.0, 0.0, -0.0, -0.0, 0.0, -0.859786, 0.510654, 0.418746, 0.0, -0.510654, -0.859787, -1.289377, 0.0, 0.0, 0.0, 1.0]
            ]
        },
        {
            "name": "Thigh_RB",
            "time": [0.0, 0.0833, 0.25, 0.4167, 0.5833, 0.6667],
            "transform": [
                [0.0, 0.0, -1.0, 0.295529, -0.289315, -0.957234, -0.0, -0.230663, -0.957234, 0.289315, -0.0, 0.16738, 0.0, 0.0, 0.0, 1.0],
                [0.0, 0.0, -1.0, 0.295529, 0.314734, -0.94918, 0.0, -0.230663, -0.94918, -0.314734, -0.0, 0.16738, 0.0, 0.0, 0.0, 1.0],
                [0.0, 0.0, -1.0, 0.295529, 0.542836, -0.839839, 0.0, -0.230663, -0.839839, -0.542836, -0.0, 0.16738, 0.0, 0.0, 0.0, 1.0],
                [0.0, 0.0, -1.0, 0.295529, 0.0, -1.0, -0.0, -0.230663, -1.0, 0.0, -0.0, 0.16738, 0.0, 0.0, 0.0, 1.0],
                [0.0, 0.0, -1.0, 0.295529, -0.293592, -0.955931, -0.0, -0.230663, -0.955931, 0.293592, -0.0, 0.16738, 0.0, 0.0, 0.0, 1.0],
                [0.0, 0.0, -1.0, 0.295529, -0.289315, -0.957234, -0.0, -0.230663, -0.957234, 0.289315, -0.0, 0.16738, 0.0, 0.0, 0.0, 1.0]
            ]
        },
        {
            "name": "Leg_RB",
            "time": [0.0, 0.0833, 0.25, 0.4167, 0.5833, 0.6667],
            "transform": [
                [0.0, -0.326647, 0.945147, -0.0, 0.0, 0.945147, 0.326647, 0.351412, -1.0, -0.0, 0.0, -0.0, 0.0, 0.0, 0.0, 1.0],
                [0.0, -0.792569, 0.609783, 0.0, 0.0, 0.609783, 0.792569, 0.351412, -1.0, -0.0, 0.0, -0.0, 0.0, 0.0, 0.0, 1.0],
                [0.0, -0.558635, 0.829414, 0.0, 0.0, 0.829414, 0.558635, 0.351412, -1.0, -0.0, 0.0, -0.0, 0.0, 0.0, 0.0, 1.0],
                [0.0, -0.0, 1.0, 0.0, 0.0, 1.0, 0.0, 0.351412, -1.0, 0.0, 0.0, 0.0, 0.0, 0.0, 0.0, 1.0],
                [0.0, -0.294062, 0.955786, 0.0, 0.0, 0.955786, 0.294062, 0.351412, -1.0, -0.0, 0.0, -0.0, 0.0, 0.0, 0.0, 1.0],
                [0.0, -0.326647, 0.945147, -0.0, 0.0, 0.945147, 0.326647, 0.351412, -1.0, -0.0, 0.0, -0.0, 0.0, 0.0, 0.0, 1.0]
            ]
        },
        {
            "name": "knee_RB",
            "time": [0.0, 0.0833, 0.25, 0.4167, 0.5833, 0.6667],
            "transform": [
                [0.0, 1.0, -0.0, -0.000474, -0.0, 0.0, -1.0, 0.371365, -1.0, 0.0, 0.0, -0.0, 0.0, 0.0, 0.0, 1.0],
                [0.0, 1.0, -0.0, -0.000619, -0.0, 0.0, -1.0, 0.418633, -1.0, 0.0, 0.0, -0.0, 0.0, 0.0, 0.0, 1.0],
                [0.0, 1.0, -0.0, -0.000937, -0.0, 0.0, -1.0, 0.394288, -1.0, 0.0, 0.0, -0.0, 0.0, 0.0, 0.0, 1.0],
                [0.0, 1.0, 0.0, 0.0, -0.0, 0.0, -1.0, 0.351412, -1.0, 0.0, 0.0, 0.0, 0.0, 0.0, 0.0, 1.0],
                [0.0, 1.0, -0.0, 0.00093, -0.0, 0.0, -1.0, 0.364663, -1.0, 0.0, 0.0, -0.0, 0.0, 0.0, 0.0, 1.0],
                [0.0, 1.0, -0.0, -0.000474, -0.0, 0.0, -1.0, 0.371365, -1.0, 0.0, 0.0, -0.0, 0.0, 0.0, 0.0, 1.0]
            ]
        },
        {
            "name": "Thigh_LB",
            "time": [0.0, 0.0833, 0.25, 0.4167, 0.5833, 0.6667],
            "transform": [
                [0.0, 0.0, -1.0, -0.278945, 0.203032, -0.979172, 0.0, -0.230663, -0.979172, -0.203032, -0.0, 0.16738, 0.0, 0.0, 0.0, 1.0],
                [0.0, 0.0, -1.0, -0.278945, 0.0, -1.0, -0.0, -0.230663, -1.0, 0.0, -0.0, 0.16738, 0.0, 0.0, 0.0, 1.0],
                [0.0, 0.0, -1.0, -0.278945, -0.360636, -0.932707, -0.0, -0.230663, -0.932707, 0.360636, -0.0, 0.16738, 0.0, 0.0, 0.0, 1.0],
                [0.0, 0.0, -1.0, -0.278945, 0.386144, -0.922439, 0.0, -0.230663, -0.922439, -0.386144, -0.0, 0.16738, 0.0, 0.0, 0.0, 1.0],
                [0.0, 0.0, -1.0, -0.278945, 0.286099, -0.9582, 0.0, -0.230663, -0.9582, -0.286099, -0.0, 0.16738, 0.0, 0.0, 0.0, 1.0],
                [0.0, 0.0, -1.0, -0.278945, 0.203032, -0.979172, 0.0, -0.230663, -0.979172, -0.203032, -0.0, 0.16738, 0.0, 0.0, 0.0, 1.0]
            ]
        },
        {
            "name": "Leg_LB",
            "time": [0.0, 0.0833, 0.25, 0.4167, 0.5833, 0.6667],
            "transform": [
                [0.0, -0.205971, 0.978558, 0.0, 0.0, 0.978558, 0.205971, 0.351412, -1.0, -0.0, 0.0, 0.0, 0.0, 0.0, 0.0, 1.0],
                [0.0, -0.0, 1.0, 0.0, 0.0, 1.0, 0.0, 0.351412, -1.0, 0.0, 0.0, 0.0, 0.0, 0.0, 0.0, 1.0],
                [0.0, -0.257215, 0.966354, -0.0, 0.0, 0.966354, 0.257215, 0.351412, -1.0, -0.0, 0.0, -0.0, 0.0, 0.0, 0.0, 1.0],
                [0.0, -0.8456, 0.533817, 0.0, 0.0, 0.533817, 0.8456, 0.351412, -1.0, -0.0, 0.0, -0.0, 0.0, 0.0, 0.0, 1.0],
                [0.0, -0.303226, 0.952919, -0.0, 0.0, 0.952919, 0.303226, 0.351412, -1.0, -0.0, 0.0, -0.0, 0.0, 0.0, 0.0, 1.0],
                [0.0, -0.205971, 0.978558, 0.0, 0.0, 0.978558, 0.205971, 0.351412, -1.0, -0.0, 0.0, 0.0, 0.0, 0.0, 0.0, 1.0]
            ]
        },
        {
            "name": "Knee_LB",
            "time": [0.0, 0.0833, 0.25, 0.4167, 0.5833, 0.6667],
            "transform": [
                [0.0, 1.0, -0.0, 0.000525, -0.0, 0.0, -1.0, 0.362584, -1.0, 0.0, 0.0, 0.0, 0.0, 0.0, 0.0, 1.0],
                [0.0, 1.0, 0.0, 0.0, -0.0, 0.0, -1.0, 0.351412, -1.0, 0.0, 0.0, 0.0, 0.0, 0.0, 0.0, 1.0],
                [0.0, 1.0, -0.0, -0.000172, -0.0, 0.0, -1.0, 0.370084, -1.0, 0.0, 0.0, -0.0, 0.0, 0.0, 0.0, 1.0],
                [0.0, 1.0, -0.0, 0.001258, -0.0, 0.0, -1.0, 0.423537, -1.0, 0.0, 0.0, -0.0, 0.0, 0.0, 0.0, 1.0],
                [0.0, 1.0, -0.0, 0.00082, -0.0, 0.0, -1.0, 0.373379, -1.0, 0.0, 0.0, -0.0, 0.0, 0.0, 0.0, 1.0],
                [0.0, 1.0, -0.0, 0.000525, -0.0, 0.0, -1.0, 0.362584, -1.0, 0.0, 0.0, 0.0, 0.0, 0.0, 0.0, 1.0]
            ]
        },
        {
            "name": "Thigh_RF",
            "time": [0.0, 0.1667, 0.3333, 0.5, 0.6667],