{
    "animation": [
        {
            "name": "Root",
            "time": [0.0, 0.2667, 0.6, 0.75],
            "transform": [
                [1.0, 0.0, 0.0, 0.0, 0.0, -0.173648, -0.984808, 0.0, 0.0, 0.984808, -0.173648, 0.37, 0.0, 0.0, 0.0, 1.0],
                [1.0, 0.0, 0.0, 0.0, 0.0, -0.264779, -0.964309, -0.999271, 0.0, 0.964309, -0.264779, 0.37, 0.0, 0.0, 0.0, 1.0],
                [1.0, 0.0, 0.0, 0.0, 0.0, 0.0, -1.0, -1.003376, 0.0, 1.0, 0.0, 0.37, 0.0, 0.0, 0.0, 1.0],
                [1.0, 0.0, 0.0, 0.0, 0.0, 0.0, -1.0, -1.003376, 0.0, 1.0, 0.0, 0.37, 0.0, 0.0, 0.0, 1.0]
            ]
        },
        {
            "name": "Torso",
            "time": [0.0, 0.1167, 0.2667, 0.6, 0.75],
            "transform": [
                [1.0, 0.0, 0.0, 0.0, 0.0, 0.939693, 0.34202, 0.39, 0.0, -0.34202, 0.939693, 0.0, 0.0, 0.0, 0.0, 1.0],
                [1.0, 0.0, 0.0, 0.0, 0.0, 0.838517, 0.544875, 0.39, 0.0, -0.544875, 0.838517, 0.0, 0.0, 0.0, 0.0, 1.0],
                [1.0, 0.0, 0.0, 0.0, 0.0, 0.995037, -0.099501, 0.39, 0.0, 0.099501, 0.995037, -0.0, 0.0, 0.0, 0.0, 1.0],
                [1.0, 0.0, 0.0, 0.0, 0.0, 1.0, 0.0, 0.39, 0.0, 0.0, 1.0, 0.0, 0.0, 0.0, 0.0, 1.0],
                [1.0, 0.0, 0.0, 0.0, 0.0, 1.0, 0.0, 0.39, 0.0, 0.0, 1.0, 0.0, 0.0, 0.0, 0.0, 1.0]
            ]
        },
        {
            "name": "Head",
            "time": [0.0, 0.1167, 0.2667, 0.6, 0.75],
            "transform": [
                [1.0, 0.0, 0.0, 0.0, 0.0, 0.866025, 0.5, 0.36, 0.0, -0.5, 0.866025, 0.0, 0.0, 0.0, 0.0, 1.0],
                [1.0, 0.0, 0.0, 0.0, 0.0, 0.91317, 0.40758, 0.36, 0.0, -0.40758, 0.91317, -0.0, 0.0, 0.0, 0.0, 1.0],
                [1.0, 0.0, 0.0, 0.0, 0.0, 0.935089, -0.354413, 0.36, 0.0, 0.354413, 0.935089, -0.0, 0.0, 0.0, 0.0, 1.0],
                [1.0, 0.0, 0.0, 0.0, 0.0, 1.0, 0.0, 0.36, 0.0, 0.0, 1.0, 0.0, 0.0, 0.0, 0.0, 1.0],
                [1.0, 0.0, 0.0, 0.0, 0.0, 1.0, 0.0, 0.36, 0.0, 0.0, 1.0, 0.0, 0.0, 0.0, 0.0, 1.0]
            ]
        },
        {
            "name": "Leg_RF",
            "time": [0.0, 0.2667, 0.6, 0.75],
            "transform": [
                [1.0, 0.0, 0.0, 0.124487, 0.0, -0.984808, -0.173647, -0.043412, 0.0, 0.173647, -0.984808, -0.246202, 0.0, 0.0, 0.0, 1.0],
                [1.0, 0.0, 0.0, 0.124487, 0.0, -0.938902, 0.344183, 0.014723, 0.0, -0.344183, -0.938903, -0.245606, 0.0, 0.0, 0.0, 1.0],
                [1.0, 0.0, 0.0, 0.124487, 0.0, -1.0, 1e-06, 0.0, 0.0, -1e-06, -1.0, -0.25, 0.0, 0.0, 0.0, 1.0],
                [1.0, 0.0, 0.0, 0.124487, 0.0, -1.0, 1e-06, 0.0, 0.0, -1e-06, -1.0, -0.25, 0.0, 0.0, 0.0, 1.0]
            ]
        },
        {
            "name": "Leg_LF",
            "time": [0.0, 0.1167, 0.4333, 0.6, 0.75],
            "transform": [
                [1.0, 0.0, 0.0, -0.125513, 0.0, -0.984808, -0.173647, -0.043412, 0.0, 0.173647, -0.984808, -0.246202, 0.0, 0.0, 0.0, 1.0],
                [1.0, 0.0, 0.0, -0.125513, 0.0, -0.889182, 0.457553, 0.014723, 0.0, -0.457553, -0.889182, -0.245606, 0.0, 0.0, 0.0, 1.0],
                [1.0, 0.0, 0.0, -0.125513, 0.0, -0.99205, -0.125847, 0.007361, 0.0, 0.125847, -0.99205, -0.247803, 0.0, 0.0, 0.0, 1.0],
                [1.0, 0.0, 0.0, -0.125513, 0.0, -1.0, 1e-06, 0.0, 0.0, -1e-06, -1.0, -0.25, 0.0, 0.0, 0.0, 1.0],
                [1.0, 0.0, 0.0, -0.125513, 0.0, -1.0, 1e-06, 0.0, 0.0, -1e-06, -1.0, -0.25, 0.0, 0.0, 0.0, 1.0]
            ]
        },
        {
            "name": "Leg_RB",
            "time": [0.0, 0.75],
            "transform": [
                [1.0, 0.0, -0.0, 0.124487, 0.0, -0.859428, 0.511257, -0.0, 0.0, -0.511257, -0.859428, 0.246732, 0.0, 0.0, 0.0, 1.0],
                [1.0, 0.0, -0.0, 0.124487, 0.0, -0.859428, 0.511257, 0.0, 0.0, -0.511257, -0.859428, 0.246732, 0.0, 0.0, 0.0, 1.0]
            ]
        },
        {
            "name": "Leg_LB",
            "time": [0.0, 0.1167, 0.6, 0.75],
            "transform": [
                [1.0, 0.0, 0.0, -0.125513, 0.0, -0.984808, -0.173647, 0.043412, 0.0, 0.173647, -0.984808, 0.246202, 0.0, 0.0, 0.0, 1.0],
                [1.0, 0.0, 0.0, -0.125513, 0.0, -0.894329, -0.447409, 0.043412, 0.0, 0.447409, -0.89433, 0.246202, 0.0, 0.0, 0.0, 1.0],
                [1.0, 0.0, 0.0, -0.125513, 0.0, -1.0, 1e-06, 0.0, 0.0, -1e-06, -1.0, 0.25, 0.0, 0.0, 0.0, 1.0],
                [1.0, 0.0, 0.0, -0.125513, 0.0, -1.0, 1e-06, 0.0, 0.0, -1e-06, -1.0, 0.25, 0.0, 0.0, 0.0, 1.0]
            ]
        }
    ]
}