{
    "animation": [
        {
            "name": "Root",
            "time": [0.0, 0.3, 0.6, 0.85, 1.1, 1.4667, 1.6],
            "transform": [
                [1.0, -0.0, 0.0, 0.002315, 0.0, 0.580972, -0.813924, -0.264256, 0.0, 0.813924, 0.580972, 1.738525, 0.0, 0.0, 0.0, 1.0],
                [1.0, -0.0, 0.0, 0.002315, 0.0, 0.893769, -0.448527, -0.463505, -0.0, 0.448527, 0.893769, 1.757041, 0.0, 0.0, 0.0, 1.0],
                [1.0, -0.0, 0.0, 0.002315, -0.0, -0.99037, 0.138446, 1.251753, 0.0, -0.138446, -0.99037, 3.046424, 0.0, 0.0, 0.0, 1.0],
                [1.0, -0.0, 0.0, 0.002315, -0.0, 0.086355, 0.996265, -1.945529, -0.0, -0.996265, 0.086355, 5.193775, 0.0, 0.0, 0.0, 1.0],
                [1.0, -0.0, 0.0, 0.002315, 0.0, 0.993484, 0.113967, -4.335484, -0.0, -0.113967, 0.993484, 2.6142, 0.0, 0.0, 0.0, 1.0],
                [1.0, -0.0, 0.0, 0.002315, 0.0, 0.008861, -0.999961, -4.809441, 0.0, 0.999961, 0.008861, 2.104473, 0.0, 0.0, 0.0, 1.0],
                [1.0, -0.0, 0.0, 0.002315, 0.0, 0.008861, -0.999961, -4.809441, 0.0, 0.999961, 0.008861, 2.104473, 0.0, 0.0, 0.0, 1.0]
            ]
        },
        {
            "name": "Head_M",
            "time": [0.0, 0.3, 0.6, 1.1, 1.4667, 1.6],
            "transform": [
                [1.0, -0.0, -0.0, -0.05082, -0.0, 0.931854, -0.362833, 0.295828, 0.0, 0.362833, 0.931854, 0.05793, 0.0, 0.0, 0.0, 1.0],
                [1.0, -0.0, -0.0, -0.05082, -0.0, 0.798289, -0.602275, 0.278928, 0.0, 0.602275, 0.798289, 0.100878, 0.0, 0.0, 0.0, 1.0],
                [1.0, -0.0, -0.0, -0.05082, -0.0, 0.947321, -0.320284, 0.310014, 0.0, 0.320284, 0.947321, 0.046255, 0.0, 0.0, 0.0, 1.0],
                [1.0, -0.0, -0.0, -0.05082, -0.0, 0.527238, -0.849718, 0.251909, 0.0, 0.849718, 0.527238, 0.124042, 0.0, 0.0, 0.0, 1.0],
                [1.0, -0.0, -0.0, -0.05082, 0.0, 0.999973, -0.007326, 0.316263, 0.0, 0.007326, 0.999973, 0.001093, 0.0, 0.0, 0.0, 1.0],
                [1.0, -0.0, -0.0, -0.05082, 0.0, 0.999973, -0.007326, 0.316263, 0.0, 0.007326, 0.999973, 0.001093, 0.0, 0.0, 0.0, 1.0]
            ]
        },
        {
            "name": "Head_R",
            "time": [0.0, 0.3, 0.6, 1.1, 1.4667, 1.6],
            "transform": [
                [1.0, -0.0, -0.0, 1.096968, -0.0, 0.925308, -0.379217, 0.111543, 0.0, 0.379217, 0.925308, -0.02532, 0.0, 0.0, 0.0, 1.0],
                [1.0, -0.0, -0.0, 1.096968, -0.0, 0.779067, -0.62694, 0.11949, 0.0, 0.62694, 0.779067, -0.044092, 0.0, 0.0, 0.0, 1.0],
                [1.0, -0.0, -0.0, 1.096968, -0.0, 0.972147, -0.234373, 0.103947, 0.0, 0.234373, 0.972147, -0.01678, 0.0, 0.0, 0.0, 1.0],
                [1.0, -0.0, -0.0, 1.096968, -0.0, 0.601041, -0.799218, 0.133, 0.0, 0.799218, 0.601041, -0.055673, 0.0, 0.0, 0.0, 1.0],
                [1.0, -0.0, -0.0, 1.096968, 0.0, 0.999999, -0.001115, 0.100821, 0.0, 0.001115, 0.999999, 0.0058, 0.0, 0.0, 0.0, 1.0],
                [1.0, -0.0, -0.0, 1.096968, 0.0, 0.999999, -0.001115, 0.100821, 0.0, 0.001115, 0.999999, 0.0058, 0.0, 0.0, 0.0, 1.0]
            ]
        },
        {
            "name": "Head_L",
            "time": [0.0, 0.3, 0.6, 1.1, 1.4667, 1.6],
            "transform": [
                [1.0, -0.0, -0.0, -1.19818, -0.0, 0.925308, -0.379217, 0.111542, 0.0, 0.379217, 0.925308, -0.02532, 0.0, 0.0, 0.0, 1.0],
                [1.0, -0.0, -0.0, -1.19818, -0.0, 0.779067, -0.62694, 0.11949, 0.0, 0.62694, 0.779067, -0.044093, 0.0, 0.0, 0.0, 1.0],
                [1.0, -0.0, -0.0, -1.19818, -0.0, 0.972147, -0.234373, 0.103947, 0.0, 0.234373, 0.972147, -0.016781, 0.0, 0.0, 0.0, 1.0],
                [1.0, -0.0, -0.0, -1.19818, -0.0, 0.601041, -0.799218, 0.133, 0.0, 0.799218, 0.601041, -0.055674, 0.0, 0.0, 0.0, 1.0],
                [1.0, -0.0, -0.0, -1.19818, 0.0, 0.999999, -0.001115, 0.100822, 0.0, 0.001115, 0.999999, 0.0058, 0.0, 0.0, 0.0, 1.0],
                [1.0, -0.0, -0.0, -1.19818, 0.0, 0.999999, -0.001115, 0.100822, 0.0, 0.001115, 0.999999, 0.0058, 0.0, 0.0, 0.0, 1.0]
            ]
        },
        {
            "name": "Torso",
            "time": [0.0, 0.3, 0.6, 0.85, 1.1833, 1.4667, 1.6],
            "transform": [
                [1.0, -0.0, 0.0, -0.0, 0.0, -0.930689, -0.36581, 0.0, 0.0, 0.36581, -0.93069, -0.0, 0.0, 0.0, 0.0, 1.0],
                [1.0, 0.0, 0.0, 0.0, 0.0, -0.894625, -0.446818, 0.0, 0.0, 0.446818, -0.894625, -0.0, 0.0, 0.0, 0.0, 1.0],
                [1.0, 0.0, 0.0, -0.0, 0.0, -0.809826, 0.586669, -0.0, 0.0, -0.58667, -0.809826, 0.0, 0.0, 0.0, 0.0, 1.0],
                [1.0, 0.0, 0.0, -0.0, 0.0, -0.983537, -0.180704, 0.0, 0.0, 0.180704, -0.983538, 0.0, 0.0, 0.0, 0.0, 1.0],
                [1.0, 0.0, 0.0, -0.0, 0.0, -0.948763, -0.315989, 0.0, 0.0, 0.315989, -0.948763, -0.0, 0.0, 0.0, 0.0, 1.0],
                [1.0, 0.0, 0.0, -0.0, 0.0, -0.616583, -0.78729, -0.0, 0.0, 0.78729, -0.616583, -1e-06, 0.0, 0.0, 0.0, 1.0],
                [1.0, 0.0, 0.0, -0.0, 0.0, -0.787227, -0.616663, -0.0, 0.0, 0.616663, -0.787227, -1e-06, 0.0, 0.0, 0.0, 1.0]
            ]
        },
        {
            "name": "Tail",
            "time": [0.0, 0.3, 0.5, 0.6, 0.85, 1.1833, 1.4667, 1.6],
            "transform": [
                [1.0, 0.0, 1e-06, 0.0, -1e-06, 0.759162, 0.650902, 1.259969, -1e-06, -0.650902, 0.759162, -0.009378, 0.0, 0.0, 0.0, 1.0],
                [1.0, -0.0, 1e-06, 0.0, -0.0, 0.889437, 0.457057, 1.259969, -1e-06, -0.457057, 0.889438, -0.009378, 0.0, 0.0, 0.0, 1.0],
                [1.0, -0.0, 1e-06, 0.0, 0.0, 0.97861, 0.205724, 1.259969, -1e-06, -0.205724, 0.97861, -0.009378, 0.0, 0.0, 0.0, 1.0],
                [1.0, 0.0, 1e-06, 0.0, 1e-06, 0.650536, -0.759476, 1.259969, -1e-06, 0.759476, 0.650536, -0.009379, 0.0, 0.0, 0.0, 1.0],
                [1.0, 0.0, 1e-06, 0.0, -0.0, 0.996945, 0.0781, 1.259969, -1e-06, -0.0781, 0.996945, -0.009378, 0.0, 0.0, 0.0, 1.0],
                [1.0, -0.0, 1e-06, 0.0, -0.0, 0.862081, 0.506771, 1.259969, -1e-06, -0.506771, 0.862081, -0.009378, 0.0, 0.0, 0.0, 1.0],
                [1.0, 0.0, 1e-06, 0.0, -1e-06, 0.766757, 0.641938, 1.259969, -1e-06, -0.641938, 0.766757, -0.009378, 0.0, 0.0, 0.0, 1.0],
                [1.0, -0.0, 1e-06, 0.0, -0.0, 0.862081, 0.506771, 1.259969, -1e-06, -0.506771, 0.862081, -0.009378, 0.0, 0.0, 0.0, 1.0]
            ]
        }
    ]
}