{
    "animation": [
        {
            "name": "Root",
            "time": [0.0, 0.8333, 1.1667, 1.2833, 1.5, 5.0],
            "transform": [
                [1.0, 0.0, 0.0, 0.002315, 0.0, -0.667344, -0.744749, 0.004492, 0.0, 0.744749, -0.667344, 2.259456, 0.0, 0.0, 0.0, 1.0],
                [1.0, 0.0, 0.0, 0.002315, 0.0, -0.922041, -0.387092, 0.004492, 0.0, 0.387092, -0.922041, 2.259456, 0.0, 0.0, 0.0, 1.0],
                [1.0, 0.0, 0.0, 0.002315, 0.0, -0.97809, -0.208185, -0.30973, 0.0, 0.208185, -0.97809, 0.189446, 0.0, 0.0, 0.0, 1.0],
                [1.0, 0.0, 0.0, 0.002315, 0.0, -0.999104, 0.042322, -0.311078, 0.0, -0.042322, -0.999104, 0.205333, 0.0, 0.0, 0.0, 1.0],
                [1.0, -0.0, 0.0, 0.002315, -0.0, -1.0, 0.0, -0.311472, 0.0, -0.0, -1.0, 0.193208, 0.0, 0.0, 0.0, 1.0],
                [1.0, -0.0, 0.0, 0.002315, -0.0, -1.0, 0.0, -0.311472, 0.0, -0.0, -1.0, 0.193208, 0.0, 0.0, 0.0, 1.0]
            ]
        },
        {
            "name": "Head_M",
            "time": [0.0, 0.05, 0.1, 0.15, 0.2, 0.25, 0.3, 0.35, 0.4, 0.45, 0.5, 0.55, 0.6, 0.65, 0.7, 0.75, 0.8, 0.8333, 1.0, 1.1667, 1.4667, 5.0],
            "transform": [
                [0.995954, 0.075593, -0.048584, -0.05082, -0.089726, 0.80708, -0.583585, 0.318623, -0.004904, 0.585583, 0.810597, 0.0, 0.0, 0.0, 0.0, 1.0],
                [0.995954, 0.075593, -0.048584, -0.05082, -0.089726, 0.80708, -0.583585, 0.318623, -0.004904, 0.585583, 0.810598, 0.0, 0.0, 0.0, 0.0, 1.0],
                [0.994897, -0.094731, 0.034736, -0.05082, 0.097136, 0.806091, -0.583765, 0.318623, 0.0273, 0.58416, 0.811179, 0.0, 0.0, 0.0, 0.0, 1.0],
                [0.995954, 0.075593, -0.048584, -0.05082, -0.089726, 0.80708, -0.583585, 0.318623, -0.004904, 0.585583, 0.810597, 0.0, 0.0, 0.0, 0.0, 1.0],
                [0.994897, -0.094731, 0.034736, -0.05082, 0.097136, 0.806091, -0.583765, 0.318623, 0.0273, 0.58416, 0.81118, 0.0, 0.0, 0.0, 0.0, 1.0],
                [0.995954, 0.075593, -0.048584, -0.05082, -0.089726, 0.80708, -0.583585, 0.318623, -0.004904, 0.585583, 0.810597, -0.0, 0.0, 0.0, 0.0, 1.0],
                [0.994897, -0.094731, 0.034736, -0.05082, 0.097136, 0.806091, -0.583765, 0.318623, 0.0273, 0.58416, 0.811179, -0.0, 0.0, 0.0, 0.0, 1.0],
                [0.995954, 0.075593, -0.048584, -0.05082, -0.089726, 0.80708, -0.583585, 0.318623, -0.004904, 0.585583, 0.810597, 0.0, 0.0, 0.0, 0.0, 1.0],
                [0.994897, -0.094731, 0.034736, -0.05082, 0.097136, 0.806091, -0.583765, 0.318623, 0.0273, 0.58416, 0.811179, -0.0, 0.0, 0.0, 0.0, 1.0],
                [0.995954, 0.075593, -0.048584, -0.05082, -0.089726, 0.80708, -0.583585, 0.318623, -0.004904, 0.585583, 0.810597, 0.0, 0.0, 0.0, 0.0, 1.0],
                [0.994897, -0.094731, 0.034736, -0.05082, 0.097136, 0.806091, -0.583765, 0.318623, 0.0273, 0.58416, 0.811179, -0.0, 0.0, 0.0, 0.0, 1.0],
                [0.995954, 0.075593, -0.048584, -0.05082, -0.089726, 0.80708, -0.583585, 0.318623, -0.004904, 0.585583, 0.810598, 0.0, 0.0, 0.0, 0.0, 1.0],
                [0.994897, -0.094731, 0.034736, -0.05082, 0.097136, 0.806091, -0.583765, 0.318623, 0.0273, 0.58416, 0.811179, -0.0, 0.0, 0.0, 0.0, 1.0],
                [0.995954, 0.075593, -0.048584, -0.05082, -0.089726, 0.80708, -0.583585, 0.318623, -0.004904, 0.585583, 0.810597, 0.0, 0.0, 0.0, 0.0, 1.0],
                [0.994897, -0.094731, 0.034736, -0.05082, 0.097136, 0.806091, -0.583765, 0.318623, 0.0273, 0.58416, 0.811179, -0.0, 0.0, 0.0, 0.0, 1.0],
                [0.995954, 0.075593, -0.048584, -0.05082, -0.089726, 0.80708, -0.583585, 0.318623, -0.004904, 0.585583, 0.810597, -0.0, 0.0, 0.0, 0.0, 1.0],
                [0.994897, -0.094731, 0.034736, -0.05082, 0.097136, 0.806091, -0.583765, 0.318623, 0.0273, 0.58416, 0.811179, 0.0, 0.0, 0.0, 0.0, 1.0],
                [1.0, -0.0, -0.0, -0.05082, 0.0, 0.806083, -0.591802, 0.318623, 0.0, 0.591802, 0.806083, 0.0, 0.0, 0.0, 0.0, 1.0],
                [1.0, 0.0, -0.0, -0.05082, 0.0, 0.934141, 0.356905, 0.318623, 0.0, -0.356905, 0.934141, -0.0, 0.0, 0.0, 0.0, 1.0],
                [1.0, 0.0, -0.0, -0.05082, 0.0, 0.758905, 0.651201, 0.304188, 0.0, -0.651201, 0.758905, -0.062089, 0.0, 0.0, 0.0, 1.0],
                [1.0, 0.0, -0.0, -0.05082, -0.0, 0.979016, 0.203782, 0.318623, 0.0, -0.203782, 0.979016, -0.0, 0.0, 0.0, 0.0, 1.0],
                [1.0, 0.0, -0.0, -0.05082, -0.0, 0.979016, 0.203782, 0.318623, 0.0, -0.203782, 0.979016, 0.0, 0.0, 0.0, 0.0, 1.0]
            ]
        },
        {
            "name": "Head_R",
            "time": [0.0, 0.05, 0.1, 0.15, 0.2, 0.25, 0.3, 0.35, 0.4, 0.45, 0.5, 0.55, 0.6, 0.65, 0.7, 0.75, 0.8333, 1.0, 1.1667, 1.3833, 5.0],