{
    "animation": [
        {
            "name": "Root",
            "time": [0.0, 0.25, 0.55, 0.6667, 0.9333, 2.3333, 3.3333, 4.0],
            "transform": [
                [1.0, 0.0, 0.0, 0.002315, 0.0, 0.272934, -0.962033, -1.133003, -0.0, 0.962033, 0.272934, 2.259456, 0.0, 0.0, 0.0, 1.0],
                [1.0, 0.0, 0.0, 0.002315, 0.0, -0.191507, -0.981491, -1.814022, 0.0, 0.981491, -0.191507, 2.116624, 0.0, 0.0, 0.0, 1.0],
                [1.0, -0.0, 0.0, 0.002315, 0.0, 0.202344, -0.979314, -2.44789, 0.0, 0.979314, 0.202344, 1.442456, 0.0, 0.0, 0.0, 1.0],
                [1.0, 0.0, 0.0, 0.002315, 0.0, 0.208907, -0.977935, -2.631076, -0.0, 0.977935, 0.208907, 1.433698, 0.0, 0.0, 0.0, 1.0],
                [1.0, 0.0, 0.0, 0.002315, 0.0, 0.208907, -0.977935, -2.598668, -0.0, 0.977935, 0.208907, 1.433698, 0.0, 0.0, 0.0, 1.0],
                [1.0, 0.0, 0.0, 0.002315, 0.0, 0.208907, -0.977935, -2.598668, -0.0, 0.977935, 0.208907, 1.433698, 0.0, 0.0, 0.0, 1.0],
                [1.0, 0.0, 0.0, 0.002315, 0.0, 0.0, -1.0, -2.548331, 0.0, 1.0, 0.0, 2.259456, 0.0, 0.0, 0.0, 1.0],
                [1.0, 0.0, 0.0, 0.002315, 0.0, 0.0, -1.0, -2.548331, 0.0, 1.0, 0.0, 2.259456, 0.0, 0.0, 0.0, 1.0]
            ]
        },
        {
            "name": "Head_M",
            "time": [0.0, 0.0833, 0.15, 0.3, 0.55, 0.8167, 2.3333, 3.3333, 4.0],
            "transform": [
                [1.0, 0.0, -0.0, -0.05082, -0.0, 0.86022, 0.509922, 0.318623, 0.0, -0.509922, 0.86022, -0.0, 0.0, 0.0, 0.0, 1.0],
                [1.0, 0.0, -0.0, -0.05082, 0.0, 0.595848, 0.803097, 0.309235, 0.0, -0.803097, 0.595848, -0.051363, 0.0, 0.0, 0.0, 1.0],
                [1.0, 0.0, -0.0, -0.05082, 0.0, 0.820764, 0.571268, 0.318624, 0.0, -0.571268, 0.820764, -0.0, 0.0, 0.0, 0.0, 1.0],
                [1.0, -0.0, -0.0, -0.05082, -0.0, 0.577173, -0.816622, 0.318623, 0.0, 0.816622, 0.577173, -0.0, 0.0, 0.0, 0.0, 1.0],
                [1.0, 0.0, -0.0, -0.05082, -0.0, 0.836491, 0.547981, 0.318623, 0.0, -0.547981, 0.836491, 0.0, 0.0, 0.0, 0.0, 1.0],
                [1.0, 0.0, -0.0, -0.05082, -0.0, 0.391233, 0.920292, 0.318623, 0.0, -0.920292, 0.391233, 0.0, 0.0, 0.0, 0.0, 1.0],
                [1.0, 0.0, -0.0, -0.05082, -0.0, 0.391233, 0.920292, 0.318623, 0.0, -0.920292, 0.391233, -0.0, 0.0, 0.0, 0.0, 1.0],
                [1.0, 0.0, -0.0, -0.05082, 0.0, 1.0, 0.0, 0.318623, 0.0, 0.0, 1.0, -0.0, 0.0, 0.0, 0.0, 1.0],
                [1.0, 0.0, -0.0, -0.05082, 0.0, 1.0, 0.0, 0.318623, 0.0, 0.0, 1.0, -0.0, 0.0, 0.0, 0.0, 1.0]
            ]
        },
        {
            "name": "Head_R",
            "time": [0.0, 0.1, 0.1833, 0.35, 0.55, 0.8667, 2.3333, 3.0833, 4.0],
            "transform": [
                [1.0, 0.0, -0.0, 1.096968, 0.0, 0.964737, 0.263215, 0.100823, 0.0, -0.263215, 0.964737, 0.0, 0.0, 0.0, 0.0, 1.0],
                [1.0, 0.0, -0.0, 1.096968, 0.0, 0.767737, 0.640765, 0.105517, 0.0, -0.640765, 0.767737, 0.025682, 0.0, 0.0, 0.0, 1.0],
                [1.0, 0.0, -0.0, 1.096968, 0.0, 0.919092, 0.394044, 0.100823, 0.0, -0.394044, 0.919092, 0.0, 0.0, 0.0, 0.0, 1.0],
                [0.987357, 0.099916, -0.12306, 1.096968, -0.157558, 0.53341, -0.831053, 0.100823, -0.017394, 0.839935, 0.542408, 0.0, 0.0, 0.0, 0.0, 1.0],
                [0.981212, 0.190705, -0.029237, 1.096968, -0.138006, 0.79966, 0.584379, 0.100823, 0.134823, -0.569365, 0.810954, 0.0, 0.0, 0.0, 0.0, 1.0],
                [0.990935, 0.113202, 0.072342, 1.096968, -0.028065, -0.35217, 0.935515, 0.100824, 0.131379, -0.929065, -0.345801, 0.0, 0.0, 0.0, 0.0, 1.0],
                [0.990935, 0.113202, 0.072342, 1.096968, -0.028065, -0.35217, 0.935515, 0.100824, 0.131379, -0.929065, -0.345801, 0.0, 0.0, 0.0, 0.0, 1.0],
                [1.0, -0.0, -0.0, 1.096968, -0.0, 1.0, 0.0, 0.100823, 0.0, 0.0, 1.0, 0.0, 0.0, 0.0, 0.0, 1.0],
                [1.0, 0.0, -0.0, 1.096968, 0.0, 1.0, 0.0, 0.100823, 0.0, 0.0, 1.0, 0.0, 0.0, 0.0, 0.0, 1.0]
            ]
        },
        {
            "name": "Head_L",
            "time": [0.0, 0.1333, 0.2, 0.3667, 0.55, 0.9333, 2.3333, 3.2167, 4.0],
            "transform": [
                [1.0, 0.0, -0.0, -1.19818, 0.0, 0.872398, 0.488796, 0.100823, 0.0, -0.488796, 0.872398, -0.0, 0.0, 0.0, 0.0, 1.0],
                [1.0, 0.0, -0.0, -1.19818, 0.0, 0.56487, 0.82518, 0.105517, 0.0, -0.82518, 0.56487, 0.025681, 0.0, 0.0, 0.0, 1.0],
                [1.0, 0.0, -0.0, -1.19818, 0.0, 0.75863, 0.651521, 0.100824, 0.0, -0.651521, 0.75863, -1e-06, 0.0, 0.0, 0.0, 1.0],
                [0.982991, -0.159958, 0.090238, -1.19818, 0.178333, 0.713898, -0.677161, 0.100824, 0.043896, 0.681736, 0.73028, 0.0, 0.0, 0.0, 0.0, 1.0],
                [0.982059, -0.182413, 0.047816, -1.19818, 0.160363, 0.941253, 0.297199, 0.100823, -0.099219, -0.284199, 0.953618, -0.0, 0.0, 0.0, 0.0, 1.0],
                [0.990873, -0.128706, -0.040072, -1.19818, 0.028161, -0.093071, 0.995261, 0.100824, -0.131826, -0.987306, -0.088597, -1e-06, 0.0, 0.0, 0.0, 1.0],
                [0.990873, -0.128706, -0.040072, -1.19818, 0.028161, -0.093071, 0.995261, 0.100824, -0.131826, -0.987306, -0.088597, -1e-06, 0.0, 0.0, 0.0, 1.0],
                [1.0, -0.0, -0.0, -1.19818, -0.0, 1.0, 0.0, 0.100824, 0.0, 0.0, 1.0, -0.0, 0.0, 0.0, 0.0, 1.0],
                [1.0, 0.0, -0.0, -1.19818, 0.0, 1.0, 0.0, 0.100823, 0.0, 0.0, 1.0, -0.0, 0.0, 0.0, 0.0, 1.0]
            ]
        },
        {
            "name": "Torso",
            "time": [0.0, 0.25, 0.55, 0.6667, 2.3333, 3.3333, 4.0],
            "transform": [
                [1.0, 0.0, 0.0, 0.0, -0.0, -0.884056, 0.46738, 0.0, 0.0, -0.46738, -0.884057, -0.0, 0.0, 0.0, 0.0, 1.0],
                [1.0, -0.0, 0.0, -0.0, 0.0, -0.881856, -0.471519, -0.0, 0.0, 0.471519, -0.881856, -0.0, 0.0, 0.0, 0.0, 1.0],
                [1.0, 0.0, 0.0, 0.0, 0.0, -0.980174, 0.198139, -0.0, 0.0, -0.198139, -0.980174, 0.0, 0.0, 0.0, 0.0, 1.0],
                [1.0, 0.0, 0.0, -0.0, -0.0, -0.940608, 0.339494, 0.0, 0.0, -0.339494, -0.940608, -0.0, 0.0, 0.0, 0.0, 1.0],
                [1.0, 0.0, 0.0, -0.0, -0.0, -0.940608, 0.339494, 0.0, 0.0, -0.339494, -0.940608, -0.0, 0.0, 0.0, 0.0, 1.0],
                [1.0, -0.0, 0.0, -0.0, 0.0, -0.967166, -0.254145, 0.0, 0.0, 0.254145, -0.967166, 0.0, 0.0, 0.0, 0.0, 1.0],
                [1.0, -0.0, 0.0, -0.0, 0.0, -0.967166, -0.254145, 0.0, 0.0, 0.254145, -0.967166, 0.0, 0.0, 0.0, 0.0, 1.0]
            ]
        },
        {
            "name": "Tail",
            "time": [0.0, 0.25, 0.4, 0.55, 0.6667, 2.3333, 3.3333, 4.0],
            "transform": [
                [1.0, -0.0, 1e-06, 0.0, 1e-06, 0.763302, -0.646042, 1.259969, -1e-06, 0.646042, 0.763302, -0.009378, 0.0, 0.0, 0.0, 1.0],
                [1.0, 0.0, 1e-06, 0.0, -1e-06, 0.807583, 0.589754, 1.259969, -1e-06, -0.589754, 0.807583, -0.009378, 0.0, 0.0, 0.0, 1.0],
                [1.0, 0.0, 1e-06, 0.0, -1e-06, 0.402049, 0.915618, 1.259969, -0.0, -0.915618, 0.402049, -0.009378, 0.0, 0.0, 0.0, 1.0],
                [1.0, 0.0, 1e-06, 0.0, -1e-06, 0.004842, 0.999988, 1.259969, 0.0, -0.999988, 0.004842, -0.009378, 0.0, 0.0, 0.0, 1.0],
                [1.0, 0.0, 1e-06, 0.0, -1e-06, -0.124544, 0.992214, 1.259969, 0.0, -0.992214, -0.124544, -0.009378, 0.0, 0.0, 0.0, 1.0],
                [1.0, 0.0, 1e-06, 0.0, -1e-06, -0.124544, 0.992214, 1.259969, 0.0, -0.992214, -0.124544, -0.009378, 0.0, 0.0, 0.0, 1.0],
                [1.0, 0.0, 1e-06, 0.0, -1e-06, 0.707066, 0.707148, 1.259969, -1e-06, -0.707148, 0.707066, -0.009378, 0.0, 0.0, 0.0, 1.0],
                [1.0, 0.0, 1e-06, 0.0, -1e-06, 0.707066, 0.707148, 1.259969, -1e-06, -0.707148, 0.707066, -0.009378, 0.0, 0.0, 0.0, 1.0]
            ]
        }
    ]
}