{
    "animation": [
        {
            "name": "Root",
            "time": [0.0, 0.3667, 0.5167, 0.5833, 0.8833, 2.0667],
            "transform": [
                [1.0, -0.0, 0.0, 0.002315, 0.0, 0.527782, -0.84938, -1.686479, 0.0, 0.84938, 0.527782, 2.263787, 0.0, 0.0, 0.0, 1.0],
                [1.0, 0.0, 0.0, 0.002315, 0.0, 0.586736, -0.809778, -2.008485, -0.0, 0.809778, 0.586736, 2.264347, 0.0, 0.0, 0.0, 1.0],
                [1.0, 0.0, 0.0, 0.002315, 0.0, 0.15444, -0.988002, 6.009325, -0.0, 0.988002, 0.15444, 2.264347, 0.0, 0.0, 0.0, 1.0],
                [1.0, 0.0, 0.0, 0.002315, 0.0, 0.010604, -0.999944, 8.055257, -0.0, 0.999944, 0.010604, 2.278785, 0.0, 0.0, 0.0, 1.0],
                [1.0, 0.0, 0.0, 0.002315, 0.0, 0.0, -1.0, 8.65555, 0.0, 1.0, 0.0, 2.259456, 0.0, 0.0, 0.0, 1.0],
                [1.0, 0.0, 0.0, 0.002315, 0.0, 0.0, -1.0, 8.65555, 0.0, 1.0, 0.0, 2.259456, 0.0, 0.0, 0.0, 1.0]
            ]
        },
        {
            "name": "Head_M",
            "time": [0.0, 0.3667, 0.5167, 0.5833, 0.8833, 2.0667],
            "transform": [
                [1.0, -0.0, -0.0, -0.05082, -0.0, 0.947321, -0.320284, 0.310014, 0.0, 0.320284, 0.947321, 0.046255, 0.0, 0.0, 0.0, 1.0],
                [1.0, -0.0, -0.0, -0.05082, 0.0, 0.933037, -0.359781, 0.3089, 0.0, 0.359781, 0.933037, 0.05224, 0.0, 0.0, 0.0, 1.0],
                [1.0, -0.0, -0.0, -0.05082, -0.0, 1.0, 0.0, 0.3089, 0.0, 0.0, 1.0, 0.05224, 0.0, 0.0, 0.0, 1.0],
                [1.0, 0.0, -0.0, -0.05082, 0.0, 0.999999, 0.001063, 0.310067, 0.0, -0.001063, 1.0, 0.048546, 0.0, 0.0, 0.0, 1.0],
                [1.0, 0.0, -0.0, -0.05082, 0.0, 1.0, 0.0, 0.318623, 0.0, 0.0, 1.0, -0.0, 0.0, 0.0, 0.0, 1.0],
                [1.0, 0.0, -0.0, -0.05082, 0.0, 1.0, 0.0, 0.318623, 0.0, 0.0, 1.0, -0.0, 0.0, 0.0, 0.0, 1.0]
            ]
        },
        {
            "name": "Head_R",
            "time": [0.0, 0.3667, 0.5167, 0.5833, 0.8833, 2.0667],
            "transform": [
                [1.0, -0.0, -0.0, 1.096968, 0.0, 0.972147, -0.234373, 0.103947, 0.0, 0.234373, 0.972147, -0.01678, 0.0, 0.0, 0.0, 1.0],
                [1.0, -0.0, -0.0, 1.096968, 0.0, 0.933037, -0.359781, 0.105685, 0.0, 0.359781, 0.933037, -0.02612, 0.0, 0.0, 0.0, 1.0],
                [1.0, 0.0, -0.0, 1.096968, 0.0, 1.0, 0.0, 0.105685, 0.0, 0.0, 1.0, -0.02612, 0.0, 0.0, 0.0, 1.0],
                [1.0, -0.0, -0.0, 1.096968, 0.0, 0.99999, -0.004508, 0.105102, 0.0, 0.004508, 0.99999, -0.024273, 0.0, 0.0, 0.0, 1.0],
                [1.0, 0.0, -0.0, 1.096968, 0.0, 1.0, 0.0, 0.100823, 0.0, 0.0, 1.0, 0.0, 0.0, 0.0, 0.0, 1.0],
                [1.0, 0.0, -0.0, 1.096968, 0.0, 1.0, 0.0, 0.100823, 0.0, 0.0, 1.0, 0.0, 0.0, 0.0, 0.0, 1.0]
            ]
        },
        {
            "name": "Head_L",
            "time": [0.0, 0.3667, 0.5167, 0.5833, 0.8833, 2.0667],
            "transform": [
                [1.0, -0.0, -0.0, -1.19818, 0.0, 0.972147, -0.234373, 0.103947, 0.0, 0.234373, 0.972147, -0.016781, 0.0, 0.0, 0.0, 1.0],
                [1.0, -0.0, -0.0, -1.19818, 0.0, 0.933037, -0.359781, 0.105685, 0.0, 0.359781, 0.933037, -0.026121, 0.0, 0.0, 0.0, 1.0],
                [1.0, 0.0, -0.0, -1.19818, 0.0, 1.0, 0.0, 0.105685, 0.0, 0.0, 1.0, -0.02612, 0.0, 0.0, 0.0, 1.0],
                [1.0, -0.0, -0.0, -1.19818, 0.0, 0.99999, -0.004508, 0.105102, 0.0, 0.004508, 0.99999, -0.024273, 0.0, 0.0, 0.0, 1.0],
                [1.0, 0.0, -0.0, -1.19818, 0.0, 1.0, 0.0, 0.100823, 0.0, 0.0, 1.0, -0.0, 0.0, 0.0, 0.0, 1.0],
                [1.0, 0.0, -0.0, -1.19818, 0.0, 1.0, 0.0, 0.100823, 0.0, 0.0, 1.0, -0.0, 0.0, 0.0, 0.0, 1.0]
            ]
        },
        {
            "name": "Torso",
            "time": [0.0, 0.3667, 0.5167, 0.6333, 1.0667, 2.0667],
            "transform": [
                [1.0, 0.0, 0.0, 0.0, 0.0, -0.693467, 0.720488, -0.0, 0.0, -0.720488, -0.693467, 0.0, 0.0, 0.0, 0.0, 1.0],
                [1.0, 0.0, 0.0, 0.0, -0.0, -0.593323, 0.804964, -0.0, 0.0, -0.804964, -0.593323, -0.0, 0.0, 0.0, 0.0, 1.0],
                [1.0, -0.0, 0.0, -0.0, 0.0, -0.55318, -0.833061, 0.0, 0.0, 0.833062, -0.55318, 0.0, 0.0, 0.0, 0.0, 1.0],
                [1.0, -0.0, 0.0, -0.0, 0.0, -0.844039, -0.536281, 0.0, 0.0, 0.536281, -0.84404, -0.0, 0.0, 0.0, 0.0, 1.0],
                [1.0, -0.0, 0.0, 0.0, 0.0, -0.967166, -0.254145, 0.0, 0.0, 0.254145, -0.967166, 0.0, 0.0, 0.0, 0.0, 1.0],
                [1.0, -0.0, 0.0, 0.0, 0.0, -0.967166, -0.254145, 0.0, 0.0, 0.254145, -0.967166, 0.0, 0.0, 0.0, 0.0, 1.0]
            ]
        },
        {
            "name": "Tail",
            "time": [0.0, 0.3667, 0.5833, 0.6333, 1.0667, 2.0667],
            "transform": [
                [1.0, -0.0, 1e-06, 0.0, 0.0, 0.938724, -0.34467, 1.259969, -1e-06, 0.34467, 0.938724, -0.009378, 0.0, 0.0, 0.0, 1.0],
                [1.0, -0.0, 1e-06, 0.0, 1e-06, 0.828499, -0.55999, 1.259969, -1e-06, 0.55999, 0.828499, -0.009378, 0.0, 0.0, 0.0, 1.0],
                [1.0, 0.0, 1e-06, 0.0, -1e-06, 0.824234, 0.566249, 1.259969, -1e-06, -0.566249, 0.824234, -0.009378, 0.0, 0.0, 0.0, 1.0],
                [1.0, 0.0, 1e-06, 0.0, -1e-06, 0.793401, 0.6087, 1.259969, -1e-06, -0.6087, 0.793401, -0.009378, 0.0, 0.0, 0.0, 1.0],
                [1.0, 0.0, 1e-06, 0.0, -1e-06, 0.707066, 0.707148, 1.259969, -1e-06, -0.707148, 0.707066, -0.009378, 0.0, 0.0, 0.0, 1.0],
                [1.0, 0.0, 1e-06, 0.0, -1e-06, 0.707066, 0.707148, 1.259969, -1e-06, -0.707148, 0.707066, -0.009378, 0.0, 0.0, 0.0, 1.0]
            ]
        }
    ]
}