{
    "animation": [
        {
            "name": "Root",
            "time": [0.0, 1.6667, 2.05, 3.6667, 4.3333, 5.0],
            "transform": [
                [1.0, -0.0, 0.0, 0.002315, 0.0, 0.284092, -0.958797, 0.004492, 0.0, 0.958797, 0.284092, 2.731624, 0.0, 0.0, 0.0, 1.0],
                [1.0, 0.0, 0.0, 0.002315, 0.0, 0.31083, -0.950466, 0.004492, -0.0, 0.950466, 0.31083, 2.956977, 0.0, 0.0, 0.0, 1.0],
                [1.0, 0.0, 0.0, 0.002315, 0.0, -0.261346, -0.965245, 0.004492, 0.0, 0.965245, -0.261346, 2.94878, 0.0, 0.0, 0.0, 1.0],
                [1.0, 0.0, 0.0, 0.002315, 0.0, -0.261346, -0.965245, 0.004492, 0.0, 0.965245, -0.261346, 2.94878, 0.0, 0.0, 0.0, 1.0],
                [1.0, 0.0, 0.0, 0.002315, 0.0, 0.0, -1.0, 0.004492, 0.0, 1.0, 0.0, 2.259456, 0.0, 0.0, 0.0, 1.0],
                [1.0, 0.0, 0.0, 0.002315, 0.0, 0.0, -1.0, 0.004492, 0.0, 1.0, 0.0, 2.259456, 0.0, 0.0, 0.0, 1.0]
            ]
        },
        {
            "name": "Head_M",
            "time": [0.0, 1.6667, 2.05, 3.05, 3.6667, 4.3333, 5.0],
            "transform": [
                [1.0, 0.0, -0.0, -0.05082, 0.0, 0.757211, 0.653171, 0.318623, 0.0, -0.653171, 0.757211, -0.0, 0.0, 0.0, 0.0, 1.0],
                [1.0, 0.0, -0.0, -0.05082, -0.0, 0.707707, 0.706506, 0.318623, 0.0, -0.706506, 0.707707, -0.0, 0.0, 0.0, 0.0, 1.0],
                [1.0, -0.0, -0.0, -0.05082, 0.0, 0.670146, -0.74223, 0.318623, 0.0, 0.74223, 0.670146, -0.0, 0.0, 0.0, 0.0, 1.0],
                [1.0, -0.0, -0.0, -0.05082, 0.0, 0.584338, -0.81151, 0.318623, 0.0, 0.81151, 0.584338, -0.0, 0.0, 0.0, 0.0, 1.0],
                [1.0, -0.0, -0.0, -0.05082, 0.0, 0.584338, -0.81151, 0.318623, 0.0, 0.81151, 0.584338, -0.0, 0.0, 0.0, 0.0, 1.0],
                [1.0, 0.0, -0.0, -0.05082, 0.0, 1.0, 0.0, 0.318623, 0.0, 0.0, 1.0, -0.0, 0.0, 0.0, 0.0, 1.0],
                [1.0, 0.0, -0.0, -0.05082, 0.0, 1.0, 0.0, 0.318623, 0.0, 0.0, 1.0, -0.0, 0.0, 0.0, 0.0, 1.0]
            ]
        },
        {
            "name": "Head_R",
            "time": [0.0, 1.6667, 2.05, 3.05, 3.6667, 4.3333, 5.0],
            "transform": [
                [0.981849, 0.068225, 0.176969, 1.096968, -0.175245, 0.683194, 0.708897, 0.100823, -0.07254, -0.727043, 0.68275, 0.0, 0.0, 0.0, 0.0, 1.0],
                [0.975025, 0.063841, 0.21272, 1.096968, -0.211092, 0.5641, 0.798268, 0.100823, -0.069033, -0.823235, 0.563488, 0.0, 0.0, 0.0, 0.0, 1.0],
                [0.981684, -0.0, -0.190517, 1.096968, -0.17027, 0.448618, -0.877354, 0.100824, 0.08547, 0.893724, 0.440401, 0.0, 0.0, 0.0, 0.0, 1.0],
                [0.921411, 0.041472, -0.386369, 1.096968, -0.363354, 0.44441, -0.818824, 0.100824, 0.137749, 0.894863, 0.424554, 0.0, 0.0, 0.0, 0.0, 1.0],
                [0.921411, 0.041472, -0.386369, 1.096968, -0.363354, 0.44441, -0.818824, 0.100824, 0.137749, 0.894863, 0.424554, 0.0, 0.0, 0.0, 0.0, 1.0],
                [1.0, 0.0, -0.0, 1.096968, 0.0, 1.0, 0.0, 0.100823, 0.0, 0.0, 1.0, 0.0, 0.0, 0.0, 0.0, 1.0],
                [1.0, 0.0, -0.0, 1.096968, 0.0, 1.0, 0.0, 0.100823, 0.0, 0.0, 1.0, 0.0, 0.0, 0.0, 0.0, 1.0]
            ]
        },
        {
            "name": "Head_L",
            "time": [0.0, 1.6667, 2.05, 3.05, 3.6667, 4.3333, 5.0],
            "transform": [
                [0.982247, -0.059478, -0.177912, -1.19818, 0.173093, 0.652948, 0.737359, 0.100823, 0.072311, -0.755064, 0.651652, -0.0, 0.0, 0.0, 0.0, 1.0],
                [0.975693, -0.052724, -0.212704, -1.19818, 0.208286, 0.524819, 0.825337, 0.100823, 0.068116, -0.849579, 0.523044, -0.0, 0.0, 0.0, 0.0, 1.0],
                [0.993431, -0.0, 0.114434, -1.19818, 0.102272, 0.448618, -0.887853, 0.100824, -0.051337, 0.893724, 0.445671, -0.0, 0.0, 0.0, 0.0, 1.0],
                [0.940663, -0.046072, 0.336201, -1.19818, 0.320843, 0.443411, -0.836927, 0.100824, -0.110516, 0.895133, 0.431883, -0.0, 0.0, 0.0, 0.0, 1.0],
                [0.940663, -0.046072, 0.336201, -1.19818, 0.320843, 0.443411, -0.836927, 0.100824, -0.110516, 0.895133, 0.431883, -0.0, 0.0, 0.0, 0.0, 1.0],
                [1.0, 0.0, -0.0, -1.19818, 0.0, 1.0, 0.0, 0.100823, 0.0, 0.0, 1.0, -0.0, 0.0, 0.0, 0.0, 1.0],
                [1.0, 0.0, -0.0, -1.19818, 0.0, 1.0, 0.0, 0.100823, 0.0, 0.0, 1.0, -0.0, 0.0, 0.0, 0.0, 1.0]
            ]
        },
        {
            "name": "Torso",
            "time": [0.0, 1.6667, 2.05, 3.6667, 4.3333, 5.0],
            "transform": [
                [1.0, 0.0, 0.0, 0.0, 0.0, -0.922251, 0.386591, -0.0, 0.0, -0.386591, -0.922251, 0.0, 0.0, 0.0, 0.0, 1.0],
                [1.0, 0.0, 0.0, 0.0, -0.0, -0.895611, 0.444838, -0.0, 0.0, -0.444838, -0.895611, -0.0, 0.0, 0.0, 0.0, 1.0],
                [1.0, -0.0, 0.0, 0.0, 0.0, -0.834281, -0.551338, -0.0, 0.0, 0.551338, -0.834282, 0.0, 0.0, 0.0, 0.0, 1.0],
                [1.0, -0.0, 0.0, 0.0, 0.0, -0.834281, -0.551338, -0.0, 0.0, 0.551338, -0.834282, 0.0, 0.0, 0.0, 0.0, 1.0],
                [1.0, -0.0, 0.0, -0.0, 0.0, -0.967166, -0.254145, 0.0, 0.0, 0.254145, -0.967166, 0.0, 0.0, 0.0, 0.0, 1.0],
                [1.0, -0.0, 0.0, -0.0, 0.0, -0.967166, -0.254145, 0.0, 0.0, 0.254145, -0.967166, 0.0, 0.0, 0.0, 0.0, 1.0]
            ]
        },
        {
            "name": "Tail",
            "time": [0.0, 1.6667, 2.05, 5.0],
            "transform": [
                [1.0, -0.0, 1e-06, 0.0, 0.0, 0.980036, -0.19882, 1.259969, -1e-06, 0.19882, 0.980036, -0.009378, 0.0, 0.0, 0.0, 1.0],
                [1.0, -0.0, 1e-06, 0.0, 0.0, 0.957526, -0.288346, 1.259969, -1e-06, 0.288346, 0.957526, -0.009378, 0.0, 0.0, 0.0, 1.0],
                [1.0, 0.0, 1e-06, 0.0, -1e-06, 0.707066, 0.707148, 1.259969, -1e-06, -0.707147, 0.707066, -0.009378, 0.0, 0.0, 0.0, 1.0],
                [1.0, 0.0, 1e-06, 0.0, -1e-06, 0.707066, 0.707148, 1.259969, -1e-06, -0.707148, 0.707066, -0.009378, 0.0, 0.0, 0.0, 1.0]
            ]
        }
    ]
}