{
    "animation": [
        {
            "name": "Root",
            "time": [0.0, 0.2667, 0.4167, 0.6333, 1.0833, 1.65],
            "transform": [
                [0.81367, 0.218057, -0.53888, 0.002315, -0.579833, 0.238032, -0.779188, -0.652123, -0.041637, 0.946463, 0.320116, 1.745233, 0.0, 0.0, 0.0, 1.0],
                [0.644084, 0.336987, -0.686728, 0.002315, -0.764954, 0.28374, -0.578218, -0.879932, -0.0, 0.897737, 0.440532, 1.566826, 0.0, 0.0, 0.0, 1.0],
                [-0.456262, -0.381999, 0.80368, 0.002315, 0.889776, -0.207131, 0.406689, 0.554665, 0.011112, 0.900652, 0.434399, 1.795471, 0.0, 0.0, 0.0, 1.0],
                [0.290753, 0.370641, -0.882093, 0.002315, -0.942823, -0.046008, -0.330103, 1.903125, -0.162933, 0.927636, 0.336072, 2.108621, 0.0, 0.0, 0.0, 1.0],
                [0.999998, -0.000969, 0.001975, 0.002315, 0.001978, 0.003658, -0.999991, 2.794392, 0.000962, 0.999993, 0.00366, 2.500826, 0.0, 0.0, 0.0, 1.0],
                [0.999998, -0.000969, 0.001975, 0.002315, 0.001978, 0.003658, -0.999991, 2.794392, 0.000962, 0.999993, 0.00366, 2.500826, 0.0, 0.0, 0.0, 1.0]
            ]
        },
        {
            "name": "Head_M",
            "time": [0.0, 0.2667, 1.0833, 1.65],
            "transform": [
                [0.994417, -0.034747, 0.099639, -0.05082, 0.044787, 0.993942, -0.100362, 0.305086, -0.095548, 0.104264, 0.989949, 0.0523, 0.0, 0.0, 0.0, 1.0],
                [0.98989, -0.044305, 0.134742, -0.05082, 0.062485, 0.989031, -0.133842, 0.30039, -0.127334, 0.140908, 0.9818, 0.070446, 0.0, 0.0, 0.0, 1.0],
                [1.0, -0.0, -0.0, -0.05082, 0.0, 1.0, 0.0, 0.30039, 0.0, 0.0, 1.0, 0.070445, 0.0, 0.0, 0.0, 1.0],
                [1.0, -0.0, -0.0, -0.05082, 0.0, 1.0, 0.0, 0.30039, 0.0, 0.0, 1.0, 0.070445, 0.0, 0.0, 0.0, 1.0]
            ]
        },
        {
            "name": "Head_R",
            "time": [0.0, 0.2667, 1.0833, 1.65],
            "transform": [
                [0.934251, 0.212058, -0.286716, 1.096968, -0.194245, 0.976857, 0.089554, 0.107592, 0.299071, -0.027972, 0.953821, -0.02615, 0.0, 0.0, 0.0, 1.0],
                [0.882117, 0.284194, -0.375637, 1.096968, -0.252257, 0.958506, 0.132791, 0.10994, 0.397789, -0.022381, 0.917204, -0.035222, 0.0, 0.0, 0.0, 1.0],
                [1.0, -0.0, -0.0, 1.096968, 0.0, 1.0, 0.0, 0.109941, 0.0, 0.0, 1.0, -0.035223, 0.0, 0.0, 0.0, 1.0],
                [1.0, -0.0, -0.0, 1.096968, 0.0, 1.0, 0.0, 0.109941, 0.0, 0.0, 1.0, -0.035223, 0.0, 0.0, 0.0, 1.0]
            ]
        },
        {
            "name": "Head_L",
            "time": [0.0, 0.2667, 1.0833, 1.65],
            "transform": [
                [0.869466, -0.088095, 0.486074, -1.19818, 0.182605, 0.971592, -0.150545, 0.107592, -0.459003, 0.219653, 0.860853, -0.02615, 0.0, 0.0, 0.0, 1.0],
                [0.769352, -0.090775, 0.632343, -1.19818, 0.25777, 0.949805, -0.177272, 0.10994, -0.584511, 0.299384, 0.754133, -0.035223, 0.0, 0.0, 0.0, 1.0],
                [1.0, -0.0, -0.0, -1.19818, 0.0, 1.0, 0.0, 0.109941, 0.0, 0.0, 1.0, -0.035223, 0.0, 0.0, 0.0, 1.0],
                [1.0, -0.0, -0.0, -1.19818, 0.0, 1.0, 0.0, 0.109941, 0.0, 0.0, 1.0, -0.035223, 0.0, 0.0, 0.0, 1.0]
            ]
        },
        {
            "name": "Torso",
            "time": [0.0, 0.2667, 0.4167, 1.0833, 1.65],
            "transform": [
                [0.994467, -0.059753, 0.086395, -0.0, -0.044414, -0.984498, -0.169677, 0.0, 0.095194, 0.164901, -0.981706, 0.0, 0.0, 0.0, 0.0, 1.0],
                [0.989979, -0.078533, 0.117363, 0.0, -0.061667, -0.988086, -0.141008, -0.0, 0.127039, 0.132357, -0.983027, 0.0, 0.0, 0.0, 0.0, 1.0],
                [0.999836, -0.013196, 0.012389, -0.0, -0.001715, -0.750436, -0.66094, 0.0, 0.018019, 0.660811, -0.750336, 0.0, 0.0, 0.0, 0.0, 1.0],
                [1.0, -0.000557, -0.00039, -0.0, -0.000649, -0.952263, -0.305278, 0.0, -0.000201, 0.305278, -0.952263, -0.0, 0.0, 0.0, 0.0, 1.0],
                [1.0, -0.000557, -0.00039, -0.0, -0.000649, -0.952263, -0.305278, 0.0, -0.000201, 0.305278, -0.952263, -0.0, 0.0, 0.0, 0.0, 1.0]
            ]
        },
        {
            "name": "Tail",
            "time": [0.0, 0.2667, 0.4167, 1.0833, 1.65],
            "transform": [
                [0.975443, -0.216234, 0.041883, -0.0, 0.12325, 0.69348, 0.709856, 1.259969, -0.18254, -0.687262, 0.7031, -0.009378, 0.0, 0.0, 0.0, 1.0],
                [0.955195, -0.290577, 0.056275, -0.0, 0.165618, 0.682323, 0.712044, 1.259969, -0.245301, -0.670821, 0.699876, -0.009378, 0.0, 0.0, 0.0, 1.0],
                [0.999719, -0.02197, 0.008922, -0.0, 0.017594, 0.939509, 0.342073, 1.259969, -0.015897, -0.34182, 0.939631, -0.009378, 0.0, 0.0, 0.0, 1.0],
                [1.0, 0.0, 1e-06, 0.0, -1e-06, 0.707066, 0.707147, 1.259969, -1e-06, -0.707147, 0.707066, -0.009378, 0.0, 0.0, 0.0, 1.0],
                [1.0, 0.0, 1e-06, 0.0, -1e-06, 0.707066, 0.707147, 1.259969, -1e-06, -0.707147, 0.707066, -0.009378, 0.0, 0.0, 0.0, 1.0]
            ]
        }
    ]
}