{
    "animation": [
        {
            "name": "Root",
            "time": [0.0, 0.0833, 0.15, 0.4167, 0.6833, 1.0],
            "transform": [
                [0.496216, 0.0, -0.868199, -5e-06, -0.868199, 0.0, -0.496216, 0.000946, 0.0, 1.0, 0.0, 0.713487, 0.0, 0.0, 0.0, 1.0],
                [0.974442, 0.0, 0.224638, -5e-06, 0.224638, 0.0, -0.974442, 0.760684, 0.0, 1.0, 0.0, 0.759871, 0.0, 0.0, 0.0, 1.0],
                [0.19346, 0.0, 0.981108, -5e-06, 0.981108, 0.0, -0.19346, 1.288323, 0.0, 1.0, 0.0, 0.707689, 0.0, 0.0, 0.0, 1.0],
                [0.965691, 0.0, 0.259694, -5e-06, 0.259694, 0.0, -0.965691, 1.290643, 0.0, 1.0, 0.0, 0.723034, 0.0, 0.0, 0.0, 1.0],
                [0.854689, 0.0, -0.51914, -5e-06, -0.51914, 0.0, -0.854689, 1.290974, 0.0, 1.0, 0.0, 0.738379, 0.0, 0.0, 0.0, 1.0],
                [0.854689, 0.0, -0.51914, -5e-06, -0.51914, 0.0, -0.854689, 1.290974, 0.0, 1.0, 0.0, 0.738379, 0.0, 0.0, 0.0, 1.0]
            ]
        },
        {
            "name": "Thigh_R",
            "time": [0.0, 0.0833, 0.15, 0.4167, 0.6833, 1.0],
            "transform": [
                [0.980048, 0.159949, -0.117992, 0.124994, 0.188553, -0.935968, 0.297335, -0.002831, -0.062878, -0.313649, -0.947455, -1.2e-05, 0.0, 0.0, 0.0, 1.0],
                [0.858649, 0.377398, 0.346831, 0.124994, 0.133034, -0.817559, 0.560264, -0.002831, 0.494998, -0.434929, -0.752205, -1.2e-05, 0.0, 0.0, 0.0, 1.0],
                [0.237409, 0.476372, 0.846585, 0.124994, 0.039088, -0.875478, 0.481671, -0.002831, 0.970623, -0.081261, -0.226467, -1.2e-05, 0.0, 0.0, 0.0, 1.0],
                [0.96514, 0.113868, 0.235663, 0.124994, 0.017302, -0.926189, 0.376658, -0.002831, 0.261158, -0.359449, -0.895875, -1.2e-05, 0.0, 0.0, 0.0, 1.0],
                [0.992718, 0.082939, -0.087356, 0.124994, 0.099696, -0.972732, 0.2094, -0.002831, -0.067607, -0.216583, -0.973921, -1.2e-05, 0.0, 0.0, 0.0, 1.0],
                [0.992718, 0.082939, -0.087356, 0.124994, 0.099696, -0.972732, 0.2094, -0.002831, -0.067607, -0.216583, -0.973921, -1.2e-05, 0.0, 0.0, 0.0, 1.0]
            ]
        },
        {
            "name": "Leg_R",
            "time": [0.0, 0.0833, 0.15, 0.4167, 0.6833, 1.0],
            "transform": [
                [1.0, -1e-06, 1e-06, -0.0, -0.0, 0.846927, 0.531709, 0.37472, -1e-06, -0.53171, 0.846926, 0.0, 0.0, 0.0, 0.0, 1.0],
                [0.999998, 0.001819, 0.000254, 0.0, -0.00071, 0.255108, 0.966912, 0.37472, 0.001694, -0.966912, 0.255108, -0.0, 0.0, 0.0, 0.0, 1.0],
                [1.0, 0.0, 1e-06, -0.0, -1e-06, 0.876749, 0.480949, 0.37472, -0.0, -0.48095, 0.876748, 0.0, 0.0, 0.0, 0.0, 1.0],
                [1.0, -0.0, 1e-06, 0.0, -0.0, 0.819226, 0.573471, 0.37472, -1e-06, -0.573472, 0.819225, -0.0, 0.0, 0.0, 0.0, 1.0],
                [1.0, -0.0, 1e-06, -0.0, 0.0, 0.878065, 0.478543, 0.37472, -1e-06, -0.478544, 0.878063, -0.0, 0.0, 0.0, 0.0, 1.0],
                [1.0, -0.0, 1e-06, -0.0, 0.0, 0.878065, 0.478543, 0.37472, -1e-06, -0.478544, 0.878063, -0.0, 0.0, 0.0, 0.0, 1.0]
            ]
        },
        {
            "name": "Knee_R",
            "time": [0.0, 0.0833, 0.15, 0.4167, 0.6833, 1.0],
            "transform": [
                [1.0, 0.0, -0.0, -0.0, -0.0, 1e-06, -1.0, 0.391491, -0.0, 1.0, 1e-06, 0.0, 0.0, 0.0, 0.0, 1.0],
                [1.0, 0.0, -0.0, -0.000102, -0.0, 1e-06, -1.0, 0.453861, -0.0, 1.0, 1e-06, -0.003305, 0.0, 0.0, 0.0, 1.0],
                [1.0, 0.0, -0.0, 0.0, -0.0, 1e-06, -1.0, 0.386949, -0.0, 1.0, 1e-06, 0.0, 0.0, 0.0, 0.0, 1.0],
                [1.0, 0.0, -0.0, 0.0, -0.0, 1e-06, -1.0, 0.362947, -0.0, 1.0, 1e-06, -0.0, 0.0, 0.0, 0.0, 1.0],
                [1.0, 0.0, -0.0, -0.0, -0.0, 1e-06, -1.0, 0.38625, -0.0, 1.0, 1e-06, -0.0, 0.0, 0.0, 0.0, 1.0],
                [1.0, 0.0, -0.0, -0.0, -0.0, 1e-06, -1.0, 0.38625, -0.0, 1.0, 1e-06, -0.0, 0.0, 0.0, 0.0, 1.0]
            ]
        },
        {
            "name": "Thigh_L",
            "time": [0.0, 0.0833, 0.15, 0.4167, 0.6833, 1.0],
            "transform": [
                [0.483043, -0.431538, -0.761869, -0.125006, 0.025714, -0.862747, 0.504981, -0.002831, -0.875219, -0.263518, -0.405648, -1.2e-05, 0.0, 0.0, 0.0, 1.0],
                [0.974611, 0.010332, 0.223665, -0.125006, -0.002009, -0.998491, 0.054881, -0.002831, 0.223894, -0.053937, -0.97312, -1.2e-05, 0.0, 0.0, 0.0, 1.0],
                [0.945631, -0.275827, 0.17234, -0.125006, -0.314124, -0.911904, 0.264115, -0.002831, 0.084308, -0.303891, -0.948969, -1.2e-05, 0.0, 0.0, 0.0, 1.0],
                [0.966735, 0.114604, 0.228668, -0.125006, -0.004613, -0.886047, 0.463571, -0.002831, 0.255738, -0.449205, -0.856045, -1.2e-05, 0.0, 0.0, 0.0, 1.0],
                [0.866796, -0.209848, -0.452359, -0.125006, -0.029883, -0.927373, 0.372943, -0.002831, -0.497766, -0.309747, -0.810114, -1.2e-05, 0.0, 0.0, 0.0, 1.0],
                [0.866796, -0.209848, -0.452359, -0.125006, -0.029883, -0.927373, 0.372943, -0.002831, -0.497766, -0.309747, -0.810114, -1.2e-05, 0.0, 0.0, 0.0, 1.0]
            ]
        },
        {
            "name": "Leg_L",
            "time": [0.0, 0.0833, 0.15, 0.4167, 0.6833, 1.0],
            "transform": [
                [1.0, -1e-06, 1e-06, -0.0, 0.0, 0.830652, 0.556792, 0.37472, -1e-06, -0.556791, 0.830652, 0.0, 0.0, 0.0, 0.0, 1.0],
                [1.0, 0.000421, -0.000537, 0.0, -0.000308, 0.980525, 0.196395, 0.37472, 0.000609, -0.196394, 0.980525, 0.0, 0.0, 0.0, 0.0, 1.0],
                [1.0, -1e-06, 1e-06, 0.0, -0.0, 0.893106, 0.449847, 0.37472, -2e-06, -0.449847, 0.893106, -0.0, 0.0, 0.0, 0.0, 1.0],
                [1.0, -0.0, 1e-06, 0.0, -0.0, 0.880009, 0.474956, 0.37472, -1e-06, -0.474955, 0.88001, -0.0, 0.0, 0.0, 0.0, 1.0],
                [1.0, -1e-06, 1e-06, -0.0, 0.0, 0.925976, 0.377581, 0.37472, -1e-06, -0.377581, 0.925977, 0.0, 0.0, 0.0, 0.0, 1.0],
                [1.0, -1e-06, 1e-06, -0.0, 0.0, 0.925976, 0.377581, 0.37472, -1e-06, -0.377581, 0.925977, 0.0, 0.0, 0.0, 0.0, 1.0]
            ]
        },
        {
            "name": "Knee_L",
            "time": [0.0, 0.0833, 0.15, 0.4167, 0.6833, 1.0],
            "transform": [
                [1.0, 0.0, -0.0, -0.0, -0.0, 1e-06, -1.0, 0.391491, -0.0, 1.0, 1e-06, 0.0, 0.0, 0.0, 0.0, 1.0],
                [1.0, 0.0, -0.0, 0.0, -0.0, 1e-06, -1.0, 0.37472, -0.0, 1.0, 1e-06, 0.0, 0.0, 0.0, 0.0, 1.0],
                [1.0, 0.0, -0.0, 0.0, -0.0, 1e-06, -1.0, 0.385202, -0.0, 1.0, 1e-06, -0.0, 0.0, 0.0, 0.0, 1.0],
                [1.0, 0.0, -0.0, 0.0, -0.0, 1e-06, -1.0, 0.393558, -0.0, 1.0, 1e-06, -0.0, 0.0, 0.0, 0.0, 1.0],
                [1.0, 0.0, -0.0, -0.0, -0.0, 1e-06, -1.0, 0.378913, -0.0, 1.0, 1e-06, 0.0, 0.0, 0.0, 0.0, 1.0],
                [1.0, 0.0, -0.0, -0.0, -0.0, 1e-06, -1.0, 0.378913, -0.0, 1.0, 1e-06, 0.0, 0.0, 0.0, 0.0, 1.0]
            ]
        },
        {
            "name": "Torso",
            "time": [0.0, 0.0833, 0.15, 0.4167, 0.6833, 1.0],
            "transform": [
                [0.99978, -0.020971, -0.000197, 0.0, 0.020971, 0.999603, 0.018833, 0.05, -0.000198, -0.018833, 0.999823, 0.0, 0.0, 0.0, 0.0, 1.0],
                [0.99978, -0.020971, -0.000197, -0.0, 0.020971, 0.999603, 0.01883, 0.05, -0.000198, -0.01883, 0.999823, -0.0, 0.0, 0.0, 0.0, 1.0],
                [0.99978, -0.020971, -0.000197, -0.0, 0.020971, 0.999603, 0.018827, 0.05, -0.000198, -0.018827, 0.999823, -0.0, 0.0, 0.0, 0.0, 1.0],
                [0.99978, -0.020971, -0.000197, -0.0, 0.020971, 0.999603, 0.018827, 0.05, -0.000198, -0.018827, 0.999823, -0.0, 0.0, 0.0, 0.0, 1.0],
                [0.99978, -0.020971, -0.000197, -0.0, 0.020971, 0.999603, 0.018833, 0.05, -0.000198, -0.018833, 0.999823, 0.0, 0.0, 0.0, 0.0, 1.0],
                [0.99978, -0.020971, -0.000197, -0.0, 0.020971, 0.999603, 0.018833, 0.05, -0.000198, -0.018833, 0.999823, 0.0, 0.0, 0.0, 0.0, 1.0]
            ]
        },
        {
            "name": "Chest",
            "time": [0.0, 0.0833, 0.15, 0.4167, 0.6833, 1.0],