{
    "animation": [
        {
            "name": "Root",
            "time": [0.0, 0.2333, 0.3833, 0.4333, 0.7333, 1.0],
            "transform": [
                [0.790306, -0.074771, -0.608133, -5e-06, -0.608677, 0.017909, -0.793216, 0.000946, 0.0702, 0.99704, -0.031358, 0.734042, 0.0, 0.0, 0.0, 1.0],
                [0.637937, -0.105503, -0.762827, -5e-06, -0.770088, -0.087502, -0.631908, 0.000946, -8e-05, 0.990562, -0.137067, 0.798422, 0.0, 0.0, 0.0, 1.0],
                [0.84441, -0.137284, 0.517808, -5e-06, 0.531215, 0.339371, -0.776297, 0.000946, -0.069156, 0.930581, 0.359496, 0.688972, 0.0, 0.0, 0.0, 1.0],
                [0.83814, -0.138236, 0.527647, -5e-06, 0.540549, 0.339947, -0.769573, 0.000946, -0.07299, 0.93023, 0.359646, 0.68802, 0.0, 0.0, 0.0, 1.0],
                [0.925879, -0.123627, 0.357021, -5e-06, 0.376756, 0.231255, -0.896982, 0.000946, 0.028328, 0.965007, 0.260691, 0.681653, 0.0, 0.0, 0.0, 1.0],
                [0.925879, -0.123627, 0.357021, -5e-06, 0.376756, 0.231255, -0.896982, 0.000946, 0.028328, 0.965007, 0.260691, 0.681653, 0.0, 0.0, 0.0, 1.0]
            ]
        },
        {
            "name": "Thigh_R",
            "time": [0.0, 0.2333, 0.3833, 0.4333, 0.7333, 1.0],
            "transform": [
                [0.982336, 0.179784, 0.051886, 0.124994, 0.187052, -0.935915, -0.298446, -0.002831, -0.005095, 0.30288, -0.953015, -1.2e-05, 0.0, 0.0, 0.0, 1.0],
                [0.927878, 0.369811, 0.047767, 0.124994, 0.357338, -0.845264, -0.397284, -0.002831, -0.106545, 0.3857, -0.916452, -1.2e-05, 0.0, 0.0, 0.0, 1.0],
                [0.865809, 0.108403, 0.488491, 0.160796, -0.055467, -0.949439, 0.309007, -0.01604, 0.49729, -0.294635, -0.816022, 0.032295, 0.0, 0.0, 0.0, 1.0],
                [0.863972, 0.108221, 0.491772, 0.161107, -0.058196, -0.948624, 0.311, -0.016155, 0.500164, -0.297314, -0.81329, 0.032576, 0.0, 0.0, 0.0, 1.0],
                [0.885409, 0.002762, 0.464804, 0.158877, -0.104339, -0.973279, 0.204542, -0.015332, 0.452949, -0.2296, -0.861464, 0.030563, 0.0, 0.0, 0.0, 1.0],
                [0.885409, 0.002762, 0.464804, 0.158877, -0.104339, -0.973279, 0.204542, -0.015332, 0.452949, -0.2296, -0.861464, 0.030563, 0.0, 0.0, 0.0, 1.0]
            ]
        },
        {
            "name": "Leg_R",
            "time": [0.0, 0.2333, 0.3833, 0.4333, 0.7333, 1.0],
            "transform": [
                [1.0, -8.2e-05, -0.000448, -0.0, 0.000118, 0.996771, 0.080306, 0.37472, 0.00044, -0.080307, 0.996769, 0.0, 0.0, 0.0, 0.0, 1.0],
                [1.0, -7.5e-05, -0.000852, 0.0, 0.000196, 0.989745, 0.14285, 0.37472, 0.000833, -0.14285, 0.989743, 0.0, 0.0, 0.0, 0.0, 1.0],
                [0.999975, 0.003147, -0.006347, -0.0, 0.002522, 0.67911, 0.734032, 0.37472, 0.00662, -0.73403, 0.679084, -0.0, 0.0, 0.0, 0.0, 1.0],
                [0.999975, 0.003184, -0.006379, 0.0, 0.002552, 0.675598, 0.737266, 0.37472, 0.006657, -0.737264, 0.675572, 0.0, 0.0, 0.0, 0.0, 1.0],
                [0.999977, 0.002884, -0.006118, 0.0, 0.002299, 0.705712, 0.708495, 0.37472, 0.006361, -0.708494, 0.705689, 0.0, 0.0, 0.0, 0.0, 1.0],
                [0.999977, 0.002884, -0.006118, 0.0, 0.002299, 0.705712, 0.708495, 0.37472, 0.006361, -0.708494, 0.705689, 0.0, 0.0, 0.0, 0.0, 1.0]
            ]
        },
        {
            "name": "Knee_R",
            "time": [0.0, 0.2333, 0.3833, 0.4333, 0.7333, 1.0],
            "transform": [
                [1.0, 0.0, -0.0, -0.0, -0.0, 1e-06, -1.0, 0.37472, -0.0, 1.0, 1e-06, 0.0, 0.0, 0.0, 0.0, 1.0],
                [1.0, 0.0, -0.0, 0.0, -0.0, 1e-06, -1.0, 0.37472, -0.0, 1.0, 1e-06, 0.0, 0.0, 0.0, 0.0, 1.0],
                [1.0, 0.0, -0.0, -0.000305, -0.0, 1e-06, -1.0, 0.409203, -0.0, 1.0, 1e-06, -0.000536, 0.0, 0.0, 0.0, 1.0],
                [1.0, 0.0, -0.0, -0.000307, -0.0, 1e-06, -1.0, 0.409503, -0.0, 1.0, 1e-06, -0.000541, 0.0, 0.0, 0.0, 1.0],
                [1.0, 0.0, -0.0, -0.000288, -0.0, 1e-06, -1.0, 0.407355, -0.0, 1.0, 1e-06, -0.000508, 0.0, 0.0, 0.0, 1.0],
                [1.0, 0.0, -0.0, -0.000288, -0.0, 1e-06, -1.0, 0.407355, -0.0, 1.0, 1e-06, -0.000508, 0.0, 0.0, 0.0, 1.0]
            ]
        },
        {
            "name": "Thigh_L",
            "time": [0.0, 0.2333, 0.3833, 0.4333, 0.7333, 1.0],
            "transform": [
                [0.786821, -0.192323, -0.586451, -0.14283, -0.105099, -0.978082, 0.179748, -0.002503, -0.608167, -0.079794, -0.789788, 0.025069, 0.0, 0.0, 0.0, 1.0],
                [0.64006, -0.07279, -0.764869, -0.149177, -0.116408, -0.993197, -0.002894, -0.00221, -0.759455, 0.09089, -0.644179, 0.034, 0.0, 0.0, 0.0, 1.0],
                [0.98502, -0.170629, 0.024924, -0.124659, -0.166656, -0.904871, 0.391706, 0.007336, -0.044283, -0.389991, -0.919753, -0.000446, 0.0, 0.0, 0.0, 1.0],
                [0.98502, -0.170629, 0.024924, -0.124659, -0.166656, -0.904871, 0.391706, 0.007336, -0.044283, -0.389991, -0.919753, -0.000446, 0.0, 0.0, 0.0, 1.0],
                [0.959852, -0.263849, -0.095229, -0.125973, -0.27367, -0.955339, -0.111499, 0.00682, -0.061557, 0.133084, -0.989191, 0.001401, 0.0, 0.0, 0.0, 1.0],
                [0.959852, -0.263849, -0.095229, -0.125973, -0.27367, -0.955339, -0.111499, 0.00682, -0.061557, 0.133084, -0.989191, 0.001401, 0.0, 0.0, 0.0, 1.0]
            ]
        },
        {
            "name": "Leg_L",
            "time": [0.0, 0.2333, 0.3833, 0.4333, 0.7333, 1.0],
            "transform": [
                [0.999997, 0.002011, -0.001137, 0.0, -0.001131, 0.855225, 0.518256, 0.37472, 0.002015, -0.518253, 0.855225, -0.0, 0.0, 0.0, 0.0, 1.0],
                [0.999995, 0.002846, -0.001265, 0.0, -0.001255, 0.739904, 0.672711, 0.37472, 0.00285, -0.672706, 0.739905, -0.0, 0.0, 0.0, 0.0, 1.0],
                [0.999995, 0.002837, -0.001264, 0.0, -0.001255, 0.741356, 0.671111, 0.37472, 0.002841, -0.671105, 0.741357, -0.0, 0.0, 0.0, 0.0, 1.0],
                [0.999995, 0.002837, -0.001264, -0.0, -0.001255, 0.741356, 0.671111, 0.37472, 0.002841, -0.671105, 0.741356, 0.0, 0.0, 0.0, 0.0, 1.0],
                [1.0, 0.000136, -0.00013, -0.0, -0.00013, 0.999046, 0.043653, 0.37472, 0.000136, -0.043653, 0.999047, 0.0, 0.0, 0.0, 0.0, 1.0],
                [1.0, 0.000136, -0.00013, -0.0, -0.00013, 0.999046, 0.043653, 0.37472, 0.000136, -0.043653, 0.999047, 0.0, 0.0, 0.0, 0.0, 1.0]
            ]
        },
        {
            "name": "Knee_L",
            "time": [0.0, 0.2333, 0.3833, 0.4333, 0.7333, 1.0],
            "transform": [
                [1.0, 0.0, -0.0, -4.9e-05, -0.0, 1e-06, -1.0, 0.387559, -0.0, 1.0, 1e-06, 0.000623, 0.0, 0.0, 0.0, 1.0],
                [1.0, 0.0, -0.0, -0.000104, -0.0, 1e-06, -1.0, 0.401049, -0.0, 1.0, 1e-06, 0.000859, 0.0, 0.0, 0.0, 1.0],
                [1.0, 0.0, -0.0, -0.000103, -0.0, 1e-06, -1.0, 0.400897, -0.0, 1.0, 1e-06, 0.000856, 0.0, 0.0, 0.0, 1.0],
                [1.0, 0.0, -0.0, -0.000103, -0.0, 1e-06, -1.0, 0.400897, -0.0, 1.0, 1e-06, 0.000856, 0.0, 0.0, 0.0, 1.0],
                [1.0, 0.0, -0.0, -0.0, -0.0, 1e-06, -1.0, 0.376911, -0.0, 1.0, 1e-06, 0.0, 0.0, 0.0, 0.0, 1.0],
                [1.0, 0.0, -0.0, -0.0, -0.0, 1e-06, -1.0, 0.376911, -0.0, 1.0, 1e-06, 0.0, 0.0, 0.0, 0.0, 1.0]
            ]
        },
        {
            "name": "Torso",
            "time": [0.0, 0.2333, 0.3833, 0.4333, 0.7333, 1.0],