{
    "animation": [
        {
            "name": "Root",
            "time": [0.0, 0.25, 0.3333, 0.4833, 0.8667],
            "transform": [
                [-0.109434, 0.0, -0.993994, -5e-06, -0.993994, 0.0, 0.109434, 0.000946, 0.0, 1.0, 0.0, 0.713487, 0.0, 0.0, 0.0, 1.0],
                [-0.254474, 0.0, -0.96708, -5e-06, -0.96708, 0.0, 0.254474, 0.000946, 0.0, 1.0, 0.0, 0.707689, 0.0, 0.0, 0.0, 1.0],
                [0.930233, 0.0, -0.36697, -5e-06, -0.36697, 0.0, -0.930233, 1.63691, 0.0, 1.0, 0.0, 0.746398, 0.0, 0.0, 0.0, 1.0],
                [-0.360422, 0.0, 0.93279, -5e-06, 0.93279, 0.0, 0.360422, 2.637365, 0.0, 1.0, 0.0, 0.707689, 0.0, 0.0, 0.0, 1.0],
                [-0.360422, 0.0, 0.93279, -5e-06, 0.93279, 0.0, 0.360422, 2.637365, 0.0, 1.0, 0.0, 0.707689, 0.0, 0.0, 0.0, 1.0]
            ]
        },
        {
            "name": "Thigh_R",
            "time": [0.0, 0.25, 0.3333, 0.4833, 0.8667],
            "transform": [
                [0.993855, 0.077738, -0.078788, 0.124994, 0.104609, -0.892295, 0.439163, -0.002831, -0.036163, -0.444705, -0.894947, -1.2e-05, 0.0, 0.0, 0.0, 1.0],
                [0.996342, 0.061762, -0.059053, 0.124994, 0.08228, -0.879922, 0.467936, -0.002831, -0.023062, -0.471082, -0.881788, -1.2e-05, 0.0, 0.0, 0.0, 1.0],
                [0.90708, -0.271118, -0.322023, 0.124994, 0.037468, -0.709944, 0.70326, -0.002831, -0.419286, -0.649977, -0.63382, -1.2e-05, 0.0, 0.0, 0.0, 1.0],
                [0.272112, 0.390046, 0.87967, 0.124994, 0.254107, -0.91084, 0.325265, -0.002831, 0.928108, 0.135022, -0.346965, -1.2e-05, 0.0, 0.0, 0.0, 1.0],
                [0.272112, 0.390046, 0.87967, 0.124994, 0.254107, -0.91084, 0.325265, -0.002831, 0.928108, 0.135022, -0.346965, -1.2e-05, 0.0, 0.0, 0.0, 1.0]
            ]
        },
        {
            "name": "Leg_R",
            "time": [0.0, 0.25, 0.3333, 0.4833, 0.8667],
            "transform": [
                [1.0, -0.0, 1e-06, 0.0, -0.0, 0.905746, 0.423823, 0.37472, -1e-06, -0.423823, 0.905744, 0.0, 0.0, 0.0, 0.0, 1.0],
                [1.0, -0.0, 1e-06, -0.0, 0.0, 0.90902, 0.416754, 0.37472, -1e-06, -0.416755, 0.909018, 0.0, 0.0, 0.0, 0.0, 1.0],
                [1.0, -1e-06, 1e-06, -0.0, -1e-06, 0.118879, 0.992908, 0.37472, -1e-06, -0.99291, 0.118878, -0.0, 0.0, 0.0, 0.0, 1.0],
                [1.0, 0.0, 1e-06, -0.0, -1e-06, 0.911285, 0.411777, 0.37472, -1e-06, -0.411777, 0.911284, -0.0, 0.0, 0.0, 0.0, 1.0],
                [1.0, 0.0, 1e-06, -0.0, -1e-06, 0.911285, 0.411777, 0.37472, -1e-06, -0.411777, 0.911284, -0.0, 0.0, 0.0, 0.0, 1.0]
            ]
        },
        {
            "name": "Knee_R",
            "time": [0.0, 0.25, 0.3333, 0.4833, 0.8667],
            "transform": [
                [1.0, 0.0, -0.0, 0.0, -0.0, 1e-06, -1.0, 0.381653, -0.0, 1.0, 1e-06, 0.0, 0.0, 0.0, 0.0, 1.0],
                [1.0, 0.0, -0.0, 0.0, -0.0, 1e-06, -1.0, 0.381884, -0.0, 1.0, 1e-06, 0.0, 0.0, 0.0, 0.0, 1.0],
                [1.0, 0.0, -0.0, 0.0, -0.0, 1e-06, -1.0, 0.461871, -0.0, 1.0, 1e-06, -0.0, 0.0, 0.0, 0.0, 1.0],
                [1.0, 0.0, -0.0, -0.0, -0.0, 1e-06, -1.0, 0.381597, -0.0, 1.0, 1e-06, -0.0, 0.0, 0.0, 0.0, 1.0],
                [1.0, 0.0, -0.0, -0.0, -0.0, 1e-06, -1.0, 0.381597, -0.0, 1.0, 1e-06, -0.0, 0.0, 0.0, 0.0, 1.0]
            ]
        },
        {
            "name": "Thigh_L",
            "time": [0.0, 0.25, 0.3333, 0.4833, 0.8667],
            "transform": [
                [-0.067875, -0.496033, -0.865647, -0.125006, -0.033788, -0.866007, 0.498889, -0.002831, -0.997121, 0.063111, 0.04202, -1.2e-05, 0.0, 0.0, 0.0, 1.0],
                [-0.216331, -0.512891, -0.830749, -0.125006, -0.038262, -0.845791, 0.532141, -0.002831, -0.97557, 0.146906, 0.163346, -1.2e-05, 0.0, 0.0, 0.0, 1.0],
                [0.902723, -0.111485, -0.415527, -0.125006, -0.006021, -0.969021, 0.246904, -0.002831, -0.430181, -0.220384, -0.875429, -1.2e-05, 0.0, 0.0, 0.0, 1.0],
                [0.974365, -0.17282, 0.144033, -0.125006, -0.217822, -0.884827, 0.411867, -0.002831, 0.056265, -0.432682, -0.899789, -1.2e-05, 0.0, 0.0, 0.0, 1.0],
                [0.974365, -0.17282, 0.144033, -0.125006, -0.217822, -0.884827, 0.411867, -0.002831, 0.056265, -0.432682, -0.899789, -1.2e-05, 0.0, 0.0, 0.0, 1.0]
            ]
        },
        {
            "name": "Leg_L",
            "time": [0.0, 0.25, 0.3333, 0.4833, 0.8667],
            "transform": [
                [1.0, -1e-06, 1e-06, 0.0, -0.0, 0.813112, 0.582107, 0.37472, -1e-06, -0.582107, 0.813112, -0.0, 0.0, 0.0, 0.0, 1.0],
                [1.0, -0.0, 1e-06, 0.0, -0.0, 0.842825, 0.538187, 0.37472, -1e-06, -0.538187, 0.842826, 0.0, 0.0, 0.0, 0.0, 1.0],
                [1.0, -1e-06, 1e-06, 0.0, 0.0, 0.899261, 0.437412, 0.37472, -1e-06, -0.437412, 0.899262, 0.0, 0.0, 0.0, 0.0, 1.0],
                [1.0, -0.0, 1e-06, 0.0, 0.0, 0.967548, 0.252686, 0.37472, -1e-06, -0.252686, 0.967549, -0.0, 0.0, 0.0, 0.0, 1.0],
                [1.0, -0.0, 1e-06, 0.0, 0.0, 0.967548, 0.252686, 0.37472, -1e-06, -0.252686, 0.967549, -0.0, 0.0, 0.0, 0.0, 1.0]
            ]
        },
        {
            "name": "Knee_L",
            "time": [0.0, 0.25, 0.3333, 0.8667],
            "transform": [
                [1.0, 0.0, -0.0, 0.0, -0.0, 1e-06, -1.0, 0.396508, -0.0, 1.0, 1e-06, -0.0, 0.0, 0.0, 0.0, 1.0],
                [1.0, 0.0, -0.0, 0.0, -0.0, 1e-06, -1.0, 0.389922, -0.0, 1.0, 1e-06, -0.0, 0.0, 0.0, 0.0, 1.0],
                [1.0, 0.0, -0.0, 0.0, -0.0, 1e-06, -1.0, 0.37472, -0.0, 1.0, 1e-06, 0.0, 0.0, 0.0, 0.0, 1.0],
                [1.0, 0.0, -0.0, 0.0, -0.0, 1e-06, -1.0, 0.37472, -0.0, 1.0, 1e-06, -0.0, 0.0, 0.0, 0.0, 1.0]
            ]
        },
        {
            "name": "Torso",
            "time": [0.0, 0.3333, 0.4833, 0.8667],
            "transform": [
                [0.99978, -0.020971, -0.000197, -0.0, 0.020971, 0.999603, 0.018833, 0.05, -0.000198, -0.018833, 0.999823, 0.0, 0.0, 0.0, 0.0, 1.0],
                [0.99978, -0.020971, -0.000197, 0.0, 0.020971, 0.999603, 0.018833, 0.05, -0.000198, -0.018833, 0.999823, 0.0, 0.0, 0.0, 0.0, 1.0],
                [0.99978, -0.020971, -0.000197, -0.0, 0.020971, 0.999603, 0.01883, 0.05, -0.000198, -0.01883, 0.999823, 0.0, 0.0, 0.0, 0.0, 1.0],
                [0.99978, -0.020971, -0.000197, -0.0, 0.020971, 0.999603, 0.01883, 0.05, -0.000198, -0.01883, 0.999823, 0.0, 0.0, 0.0, 0.0, 1.0]
            ]
        },
        {
            "name": "Chest",
            "time": [0.0, 0.25, 0.8667],
            "transform": [
                [0.998331, 0.04098, -0.040685, 0.0, -0.023929, 0.934787, 0.354404, 0.3, 0.052555, -0.352839, 0.934207, -0.0, 0.0, 0.0, 0.0, 1.0],
                [0.997736, 0.050445, -0.044469, -0.0, -0.028625, 0.916968, 0.397934, 0.3, 0.06085, -0.39576, 0.916336, -0.0, 0.0, 0.0, 0.0, 1.0],
                [0.997736, 0.050444, -0.044469, 0.0, -0.028625, 0.916968, 0.397934, 0.3, 0.06085, -0.39576, 0.916336, 0.0, 0.0, 0.0, 0.0, 1.0]
            ]
        },
        {
            "name": "Head",
            "time": [0.0, 0.25, 0.3333, 0.4833, 0.8667],
            "transform": [
                [0.053234, -0.136686, 0.989183, -0.0, 0.263993, 0.957271, 0.118069, 0.4, -0.963055, 0.254853, 0.087043, 0.0, 0.0, 0.0, 0.0, 1.0],
                [-0.073165, -0.098859, 0.992408, 0.0, 0.323749, 0.938832, 0.11739, 0.4, -0.94331, 0.32988, -0.036685, 0.0, 0.0, 0.0, 0.0, 1.0],
                [0.928973, -0.045319, 0.367361, 0.0, 0.168384, 0.935578, -0.310388, 0.4, -0.329629, 0.3502, 0.876758, 0.0, 0.0, 0.0, 0.0, 1.0],
                [0.007685, 0.008109, -0.999938, -0.0, -0.355258, 0.934756, 0.00485, 0.4, 0.934737, 0.355198, 0.010064, 0.0, 0.0, 0.0, 0.0, 1.0],
                [0.007685, 0.008109, -0.999938, -0.0, -0.355258, 0.934756, 0.00485, 0.4, 0.934737, 0.355198, 0.010064, 0.0, 0.0, 0.0, 0.0, 1.0]
            ]
        },
        {
            "name": "Shoulder_R",
            "time": [0.0, 0.25, 0.3333, 0.4833, 0.8667],