{
    "animation": [
        {
            "name": "Root",
            "time": [0.0, 0.1333, 0.2, 0.6833, 1.0],
            "transform": [
                [0.885907, 0.0, 0.463863, -5e-06, 0.463863, 0.0, -0.885907, 0.129455, 0.0, 1.0, 0.0, 0.763972, 0.0, 0.0, 0.0, 1.0],
                [0.927586, 0.0, -0.373609, -5e-06, -0.373609, 0.0, -0.927586, 0.817138, 0.0, 1.0, 0.0, 0.734653, 0.0, 0.0, 0.0, 1.0],
                [0.376165, 0.0, -0.926553, -5e-06, -0.926553, 0.0, -0.376165, 1.293907, 0.0, 1.0, 0.0, 0.717718, 0.0, 0.0, 0.0, 1.0],
                [0.854689, 0.0, -0.51914, -5e-06, -0.51914, 0.0, -0.854689, 1.290974, 0.0, 1.0, 0.0, 0.738379, 0.0, 0.0, 0.0, 1.0],
                [0.854689, 0.0, -0.51914, -5e-06, -0.51914, 0.0, -0.854689, 1.290974, 0.0, 1.0, 0.0, 0.738379, 0.0, 0.0, 0.0, 1.0]
            ]
        },
        {
            "name": "Thigh_R",
            "time": [0.0, 0.1333, 0.2, 0.6833, 1.0],
            "transform": [
                [0.880607, -0.126086, 0.456764, 0.138168, 0.00744, -0.960148, -0.279386, -0.002831, 0.473789, 0.249428, -0.844577, 0.006886, 0.0, 0.0, 0.0, 1.0],
                [0.926755, 0.085936, -0.365704, 0.134588, -0.000295, -0.973314, -0.229467, -0.002831, -0.375665, 0.212768, -0.902001, 0.001121, 0.0, 0.0, 0.0, 1.0],
                [0.958882, 0.282986, -0.021535, 0.124994, 0.280939, -0.935704, 0.213373, -0.002831, 0.040231, -0.210648, -0.976734, -1.2e-05, 0.0, 0.0, 0.0, 1.0],
                [0.993012, 0.090808, -0.075371, 0.124994, 0.097418, -0.991234, 0.089226, -0.002831, -0.066608, -0.095944, -0.993156, -1.2e-05, 0.0, 0.0, 0.0, 1.0],
                [0.993012, 0.090808, -0.075371, 0.124994, 0.097418, -0.991234, 0.089226, -0.002831, -0.066608, -0.095944, -0.993156, -1.2e-05, 0.0, 0.0, 0.0, 1.0]
            ]
        },
        {
            "name": "Leg_R",
            "time": [0.0, 0.1333, 0.2, 0.6833, 1.0],
            "transform": [
                [1.0, 0.0, 1e-06, 0.0, -0.0, 0.999958, 0.009277, 0.37472, -1e-06, -0.009277, 0.999956, -0.0, 0.0, 0.0, 0.0, 1.0],
                [1.0, 0.000343, 9.7e-05, 0.0, -0.000351, 0.995547, 0.094276, 0.37472, -6.5e-05, -0.094276, 0.995545, -0.0, 0.0, 0.0, 0.0, 1.0],
                [1.0, -0.0, 2e-06, -0.0, -0.0, 0.911839, 0.410549, 0.37472, -2e-06, -0.41055, 0.911838, -0.0, 0.0, 0.0, 0.0, 1.0],
                [1.0, -0.0, 1e-06, -0.0, 0.0, 0.968291, 0.249827, 0.37472, -1e-06, -0.249828, 0.96829, 0.0, 0.0, 0.0, 0.0, 1.0],
                [1.0, -0.0, 1e-06, -0.0, 0.0, 0.968291, 0.249827, 0.37472, -1e-06, -0.249828, 0.96829, 0.0, 0.0, 0.0, 0.0, 1.0]
            ]
        },
        {
            "name": "Knee_R",
            "time": [0.0, 0.1333, 0.2, 0.6833, 1.0],
            "transform": [
                [1.0, 0.0, -0.0, 0.0, -0.0, 1e-06, -1.0, 0.37472, -0.0, 1.0, 1e-06, -0.0, 0.0, 0.0, 0.0, 1.0],
                [1.0, 0.0, -0.0, 0.0, -0.0, 1e-06, -1.0, 0.37472, -0.0, 1.0, 1e-06, -0.0, 0.0, 0.0, 0.0, 1.0],
                [1.0, 0.0, -0.0, -0.0, -0.0, 1e-06, -1.0, 0.383776, -0.0, 1.0, 1e-06, -0.0, 0.0, 0.0, 0.0, 1.0],
                [1.0, 0.0, -0.0, 0.0, -0.0, 1e-06, -1.0, 0.413474, -0.0, 1.0, 1e-06, 0.0, 0.0, 0.0, 0.0, 1.0],
                [1.0, 0.0, -0.0, 0.0, -0.0, 1e-06, -1.0, 0.413474, -0.0, 1.0, 1e-06, 0.0, 0.0, 0.0, 0.0, 1.0]
            ]
        },
        {
            "name": "Thigh_L",
            "time": [0.0, 0.1333, 0.2, 0.6833, 1.0],
            "transform": [
                [0.892802, 0.262125, 0.366327, -0.134887, -0.00109, -0.811987, 0.583674, -0.002831, 0.450448, -0.521505, -0.724658, -0.005185, 0.0, 0.0, 0.0, 1.0],
                [0.927538, -0.226368, -0.297375, -0.134586, 0.000684, -0.794665, 0.607047, -0.002831, -0.373729, -0.563262, -0.736927, 9.9e-05, 0.0, 0.0, 0.0, 1.0],
                [0.372506, -0.440319, -0.81692, -0.125006, 0.000705, -0.880139, 0.474715, -0.002831, -0.92803, -0.177409, -0.327547, -1.2e-05, 0.0, 0.0, 0.0, 1.0],
                [0.866497, -0.13565, -0.480398, -0.125006, -0.027169, -0.973759, 0.225954, -0.002831, -0.498442, -0.182736, -0.847445, -1.2e-05, 0.0, 0.0, 0.0, 1.0],
                [0.866497, -0.13565, -0.480398, -0.125006, -0.027169, -0.973759, 0.225954, -0.002831, -0.498442, -0.182736, -0.847445, -1.2e-05, 0.0, 0.0, 0.0, 1.0]
            ]
        },
        {
            "name": "Leg_L",
            "time": [0.0, 0.1333, 0.2, 0.6833, 1.0],
            "transform": [
                [1.0, -1e-06, 1e-06, 0.0, -1e-06, 0.303393, 0.952866, 0.37472, -1e-06, -0.952865, 0.303394, 0.0, 0.0, 0.0, 0.0, 1.0],
                [1.0, 0.000133, -0.00042, 0.0, 0.000405, 0.100223, 0.994965, 0.37472, 0.000174, -0.994965, 0.100223, -0.0, 0.0, 0.0, 0.0, 1.0],
                [1.0, -1e-06, 2e-06, 0.0, -1e-06, 0.889328, 0.457269, 0.37472, -2e-06, -0.457269, 0.889329, 0.0, 0.0, 0.0, 0.0, 1.0],
                [1.0, -0.0, 1e-06, 0.0, 0.0, 0.970944, 0.239304, 0.37472, -1e-06, -0.239304, 0.970945, -0.0, 0.0, 0.0, 0.0, 1.0],
                [1.0, -0.0, 1e-06, 0.0, 0.0, 0.970944, 0.239304, 0.37472, -1e-06, -0.239304, 0.970945, -0.0, 0.0, 0.0, 0.0, 1.0]
            ]
        },
        {
            "name": "Knee_L",
            "time": [0.0, 0.1333, 0.2, 0.6833, 1.0],
            "transform": [
                [1.0, 0.0, -0.0, 0.0, -0.0, 1e-06, -1.0, 0.445082, -0.0, 1.0, 1e-06, 0.0, 0.0, 0.0, 0.0, 1.0],
                [1.0, 0.0, -0.0, -2.4e-05, -0.0, 1e-06, -1.0, 0.464616, -0.0, 1.0, 1e-06, 0.00179, 0.0, 0.0, 0.0, 1.0],
                [1.0, 0.0, -0.0, 0.0, -0.0, 1e-06, -1.0, 0.387399, -0.0, 1.0, 1e-06, 0.0, 0.0, 0.0, 0.0, 1.0],
                [1.0, 0.0, -0.0, 0.0, -0.0, 1e-06, -1.0, 0.405625, -0.0, 1.0, 1e-06, -0.0, 0.0, 0.0, 0.0, 1.0],
                [1.0, 0.0, -0.0, 0.0, -0.0, 1e-06, -1.0, 0.405625, -0.0, 1.0, 1e-06, -0.0, 0.0, 0.0, 0.0, 1.0]
            ]
        },
        {
            "name": "Torso",
            "time": [0.0, 0.05, 0.2, 0.6833, 1.0],
            "transform": [
                [0.99978, -0.020971, -0.000197, 0.0, 0.020971, 0.999603, 0.018827, 0.05, -0.000198, -0.018827, 0.999823, 0.0, 0.0, 0.0, 0.0, 1.0],
                [0.99978, -0.020971, -0.000197, -0.0, 0.020971, 0.999603, 0.018827, 0.05, -0.000198, -0.018827, 0.999823, 0.0, 0.0, 0.0, 0.0, 1.0],
                [0.99978, -0.020971, -0.000197, 0.0, 0.020971, 0.999603, 0.018827, 0.05, -0.000198, -0.018827, 0.999823, 0.0, 0.0, 0.0, 0.0, 1.0],
                [0.99978, -0.020971, -0.000197, -0.0, 0.020971, 0.999603, 0.018833, 0.05, -0.000198, -0.018833, 0.999823, 0.0, 0.0, 0.0, 0.0, 1.0],
                [0.99978, -0.020971, -0.000197, -0.0, 0.020971, 0.999603, 0.018833, 0.05, -0.000198, -0.018833, 0.999823, 0.0, 0.0, 0.0, 0.0, 1.0]
            ]
        },
        {
            "name": "Chest",
            "time": [0.0, 0.05, 0.1333, 0.2, 0.6833, 1.0],
            "transform": [
                [1.0, 0.000135, 0.000613, -0.0, -8.1e-05, 0.996168, -0.087463, 0.3, -0.000622, 0.087463, 0.996168, -0.0, 0.0, 0.0, 0.0, 1.0],
                [1.0, 0.000135, 0.000613, -0.0, -8.1e-05, 0.996168, -0.087463, 0.3, -0.000622, 0.087463, 0.996168, -0.0, 0.0, 0.0, 0.0, 1.0],
                [0.999252, 0.027664, -0.027034, -0.0, -0.025427, 0.996483, 0.079844, 0.3, 0.029148, -0.079097, 0.996441, 0.0, 0.0, 0.0, 0.0, 1.0],
                [0.997848, 0.04924, -0.043296, 0.0, -0.039893, 0.979974, 0.195089, 0.3, 0.052036, -0.192942, 0.979829, -0.0, 0.0, 0.0, 0.0, 1.0],
                [0.999771, -0.021411, -0.000206, 0.0, 0.021411, 0.999586, 0.019225, 0.3, -0.000206, -0.019225, 0.999815, -0.0, 0.0, 0.0, 0.0, 1.0],
                [0.999771, -0.021411, -0.000206, 0.0, 0.021411, 0.999586, 0.019225, 0.3, -0.000206, -0.019225, 0.999815, -0.0, 0.0, 0.0, 0.0, 1.0]
            ]
        },
        {
            "name": "Head",
            "time": [0.0, 0.05, 0.1333, 0.2, 0.6833, 1.0],