{
    "animation": [
        {
            "name": "Coord",
            "time": [0.0, 0.0833, 0.65, 0.9833],
            "transform": [
                [1.0, 0.0, 0.0, 0.0, 0.0, 0.0, -1.0, 0.369916, 0.0, 1.0, 0.0, 0.0, 0.0, 0.0, 0.0, 1.0],
                [1.0, 0.0, 0.0, 0.0, 0.0, 0.0, -1.0, 0.991353, 0.0, 1.0, 0.0, 0.0, 0.0, 0.0, 0.0, 1.0],
                [1.0, 0.0, 0.0, 0.0, 0.0, 0.0, -1.0, 0.991353, 0.0, 1.0, 0.0, 0.0, 0.0, 0.0, 0.0, 1.0],
                [1.0, 0.0, 0.0, 0.0, 0.0, 0.0, -1.0, 1.000279, 0.0, 1.0, 0.0, 0.0, 0.0, 0.0, 0.0, 1.0]
            ]
        },
        {
            "name": "Root",
            "time": [0.0, 0.0833, 0.2, 0.65, 0.8167, 0.9833],
            "transform": [
                [0.975266, -0.001381, -0.221031, -5e-06, 0.028578, 0.992375, 0.119894, 0.625408, 0.21918, -0.123245, 0.967869, -0.000323, 0.0, 0.0, 0.0, 1.0],
                [0.036415, -0.017409, 0.999185, -5e-06, -0.153, 0.987963, 0.02279, 0.616412, -0.987555, -0.153705, 0.033313, -0.000323, 0.0, 0.0, 0.0, 1.0],
                [-0.146182, -0.017409, 0.989105, -5e-06, -0.154591, 0.987963, -0.005458, 0.582971, -0.977104, -0.153705, -0.147114, -0.056915, 0.0, 0.0, 0.0, 1.0],
                [-0.146182, -0.017409, 0.989105, -5e-06, -0.154591, 0.987963, -0.005458, 0.582971, -0.977104, -0.153705, -0.147114, -0.056915, 0.0, 0.0, 0.0, 1.0],
                [0.73655, 0.032255, 0.675614, -0.001253, -0.078918, 0.996138, 0.03848, 0.696147, -0.671764, -0.081661, 0.736251, 0.219252, 0.0, 0.0, 0.0, 1.0],
                [0.972802, 0.0, -0.231636, -5e-06, 0.0, 1.0, 0.0, 0.730001, 0.231636, 0.0, 0.972802, -0.000946, 0.0, 0.0, 0.0, 1.0]
            ]
        },
        {
            "name": "Thigh_R",
            "time": [0.0, 0.0833, 0.2, 0.65, 0.7333, 0.8167, 0.9, 0.9833],
            "transform": [
                [0.956001, 0.284673, -0.070869, 0.124994, 0.196216, -0.440897, 0.875847, -0.002831, 0.218084, -0.851215, -0.477357, -1.2e-05, 0.0, 0.0, 0.0, 1.0],
                [0.191509, 0.895364, 0.402051, 0.124994, 0.22808, -0.439016, 0.869048, -0.002831, 0.954622, -0.07473, -0.288291, -1.2e-05, 0.0, 0.0, 0.0, 1.0],
                [0.160419, 0.92338, 0.348757, 0.124994, 0.360075, -0.383728, 0.850352, -0.002831, 0.919027, -0.010834, -0.394045, -1.2e-05, 0.0, 0.0, 0.0, 1.0],
                [0.160419, 0.92338, 0.348757, 0.124994, 0.360075, -0.383728, 0.850352, -0.002831, 0.919027, -0.010834, -0.394045, -1.2e-05, 0.0, 0.0, 0.0, 1.0],
                [0.523943, 0.719796, 0.455384, 0.124994, 0.1478, -0.603363, 0.78365, -0.002831, 0.838831, -0.343282, -0.422515, -1.2e-05, 0.0, 0.0, 0.0, 1.0],
                [0.788904, 0.301311, 0.535576, 0.124994, 0.082399, -0.915535, 0.393704, -0.002831, 0.608967, -0.266463, -0.747099, -1.2e-05, 0.0, 0.0, 0.0, 1.0],
                [0.948944, 0.104786, 0.29753, 0.124994, 0.049012, -0.980734, 0.189087, -0.002831, 0.311612, -0.16485, -0.935801, -1.2e-05, 0.0, 0.0, 0.0, 1.0],
                [0.997174, 0.061399, -0.043272, 0.124994, 0.057811, -0.995131, -0.079801, -0.002831, -0.047961, 0.077074, -0.995871, -1.2e-05, 0.0, 0.0, 0.0, 1.0]
            ]
        },
        {
            "name": "Leg_R",
            "time": [0.0, 0.0833, 0.2, 0.65, 0.7333, 0.8167, 0.9, 0.9833],
            "transform": [
                [1.0, -1e-06, 0.0, 0.0, -0.0, -0.020436, 0.99979, 0.37472, -1e-06, -0.999792, -0.020436, -0.0, 0.0, 0.0, 0.0, 1.0],
                [1.0, 0.0, 1e-06, 0.0, -0.0, 0.660249, 0.751047, 0.37472, -0.0, -0.751048, 0.660248, -0.0, 0.0, 0.0, 0.0, 1.0],
                [1.0, -0.0, 0.0, 0.0, -0.0, 0.407439, 0.913232, 0.37472, -0.0, -0.913233, 0.407439, -0.0, 0.0, 0.0, 0.0, 1.0],
                [1.0, -0.0, 0.0, 0.0, -0.0, 0.407439, 0.913232, 0.37472, -0.0, -0.913233, 0.407439, -0.0, 0.0, 0.0, 0.0, 1.0],
                [1.0, -1e-06, -0.0, 0.0, -0.0, -0.229789, 0.97324, 0.37472, -1e-06, -0.973241, -0.229789, -0.0, 0.0, 0.0, 0.0, 1.0],
                [1.0, -0.0, 1e-06, -0.0, -0.0, 0.615769, 0.787926, 0.37472, -1e-06, -0.787927, 0.615768, -0.0, 0.0, 0.0, 0.0, 1.0],
                [1.0, -0.0, 1e-06, 0.0, -0.0, 0.765176, 0.643822, 0.37472, -1e-06, -0.643823, 0.765175, 0.0, 0.0, 0.0, 0.0, 1.0],
                [1.0, -0.0, 1e-06, -0.0, -0.0, 0.935811, 0.352504, 0.37472, -1e-06, -0.352505, 0.935809, -0.0, 0.0, 0.0, 0.0, 1.0]
            ]
        },
        {
            "name": "Knee_R",
            "time": [0.0, 0.0833, 0.2, 0.65, 0.7333, 0.8167, 0.9, 0.9833],
            "transform": [
                [1.0, 0.0, -0.0, 0.0, -0.0, 1e-06, -1.0, 0.47972, -0.0, 1.0, 1e-06, -0.0, 0.0, 0.0, 0.0, 1.0],
                [1.0, 0.0, -0.0, 0.0, -0.0, 1e-06, -1.0, 0.414967, -0.0, 1.0, 1e-06, -0.0, 0.0, 0.0, 0.0, 1.0],
                [1.0, 0.0, -0.0, 0.0, -0.0, 1e-06, -1.0, 0.442039, -0.0, 1.0, 1e-06, 0.0, 0.0, 0.0, 0.0, 1.0],
                [1.0, 0.0, -0.0, 0.0, -0.0, 1e-06, -1.0, 0.442039, -0.0, 1.0, 1e-06, 0.0, 0.0, 0.0, 0.0, 1.0],
                [1.0, 0.0, -0.0, 0.0, -0.0, 1e-06, -1.0, 0.47972, -0.0, 1.0, 1e-06, -0.0, 0.0, 0.0, 0.0, 1.0],
                [1.0, 0.0, -0.0, 0.0, -0.0, 1e-06, -1.0, 0.420156, -0.0, 1.0, 1e-06, -0.0, 0.0, 0.0, 0.0, 1.0],
                [1.0, 0.0, -0.0, 0.0, -0.0, 1e-06, -1.0, 0.401483, -0.0, 1.0, 1e-06, 0.0, 0.0, 0.0, 0.0, 1.0],
                [1.0, 0.0, -0.0, -0.0, -0.0, 1e-06, -1.0, 0.37472, -0.0, 1.0, 1e-06, -0.0, 0.0, 0.0, 0.0, 1.0]
            ]
        },
        {
            "name": "Thigh_L",
            "time": [0.0, 0.0833, 0.2, 0.65, 0.7333, 0.8167, 0.9, 0.9833],
            "transform": [
                [0.741759, -0.42108, -0.522001, -0.125006, 0.051251, -0.740467, 0.670136, -0.002831, -0.668705, -0.523832, -0.527667, -1.2e-05, 0.0, 0.0, 0.0, 1.0],
                [0.918265, -0.395755, 0.012926, -0.125006, -0.37542, -0.859777, 0.346183, -0.002831, -0.12589, -0.32274, -0.938078, -1.2e-05, 0.0, 0.0, 0.0, 1.0],
                [0.897143, -0.437728, 0.059393, -0.125006, -0.427376, -0.82609, 0.36732, -0.002831, -0.111722, -0.354922, -0.928196, -1.2e-05, 0.0, 0.0, 0.0, 1.0],
                [0.897143, -0.437728, 0.059393, -0.125006, -0.427376, -0.82609, 0.36732, -0.002831, -0.111722, -0.354922, -0.928196, -1.2e-05, 0.0, 0.0, 0.0, 1.0],
                [0.946478, -0.316849, 0.061523, -0.125006, -0.321806, -0.911661, 0.255568, -0.00283, -0.024888, -0.261688, -0.964831, -1.2e-05, 0.0, 0.0, 0.0, 1.0],
                [0.993829, -0.101145, 0.045514, -0.125006, -0.104667, -0.991025, 0.083152, -0.002831, 0.036695, -0.087403, -0.995497, -1.2e-05, 0.0, 0.0, 0.0, 1.0],
                [0.989801, -0.026392, 0.139989, -0.125006, -0.109478, -0.769681, 0.628971, -0.002831, 0.091147, -0.637883, -0.764721, -1.2e-05, 0.0, 0.0, 0.0, 1.0],
                [0.981717, -0.09396, -0.165535, -0.125006, -0.014789, -0.904694, 0.425805, -0.002831, -0.189767, -0.415572, -0.889544, -1.2e-05, 0.0, 0.0, 0.0, 1.0]
            ]
        },
        {
            "name": "Leg_L",
            "time": [0.0, 0.0833, 0.2, 0.65, 0.7333, 0.8167, 0.9, 0.9833],