{
    "animation": [
        {
            "name": "Root",
            "time": [0.0, 0.0667, 0.0833, 0.1, 0.1667, 0.4166],
            "transform": [
                [-0.069409, -0.003084, 0.997584, -5e-06, 0.997533, 0.010297, 0.069437, -0.000501, -0.010486, 0.999942, 0.002362, 0.677878, 0.0, 0.0, 0.0, 1.0],
                [-0.327918, -0.017066, 0.944552, -5e-06, 0.943953, 0.034006, 0.328324, 0.002019, -0.037724, 0.999276, 0.004958, 0.683971, 0.0, 0.0, 0.0, 1.0],
                [0.000914, -0.003515, 0.999994, -5e-06, 0.997793, 0.066404, -0.000679, 0.454499, -0.066401, 0.997787, 0.003568, 0.677878, 0.0, 0.0, 0.0, 1.0],
                [0.059457, -0.000858, 0.998231, -5e-06, 0.991851, 0.112926, -0.05898, 0.608941, -0.112676, 0.993603, 0.007565, 0.677878, 0.0, 0.0, 0.0, 1.0],
                [0.071112, -0.0, 0.997468, -5e-06, 0.989997, 0.122167, -0.07058, 0.61798, -0.121858, 0.992509, 0.008688, 0.677878, 0.0, 0.0, 0.0, 1.0],
                [0.071112, -0.0, 0.997468, -5e-06, 0.989997, 0.122167, -0.07058, 0.61798, -0.121858, 0.992509, 0.008688, 0.677878, 0.0, 0.0, 0.0, 1.0]
            ]
        },
        {
            "name": "Thigh_R",
            "time": [0.0, 0.0667, 0.0833, 0.1, 0.1667, 0.4166],
            "transform": [
                [-0.045131, 0.623256, 0.780714, 0.124994, 0.010643, -0.781164, 0.624233, -0.002831, 0.998924, 0.036482, 0.028621, -1.2e-05, 0.0, 0.0, 0.0, 1.0],
                [-0.307066, 0.599042, 0.739497, 0.124994, 0.00533, -0.775941, 0.63078, -0.002831, 0.951672, 0.197634, 0.235073, -1.2e-05, 0.0, 0.0, 0.0, 1.0],
                [0.090414, 0.692068, 0.716145, 0.124994, 0.095397, -0.7218, 0.685493, -0.002831, 0.991325, 0.006341, -0.131283, -1.2e-05, 0.0, 0.0, 0.0, 1.0],
                [0.111409, 0.767126, 0.631746, 0.124994, 0.06354, -0.6399, 0.765825, -0.002831, 0.991741, -0.045179, -0.120035, -1.2e-05, 0.0, 0.0, 0.0, 1.0],
                [0.116023, 0.780821, 0.613884, 0.124994, 0.057463, -0.622298, 0.780667, -0.002831, 0.991583, -0.055299, -0.11707, -1.2e-05, 0.0, 0.0, 0.0, 1.0],
                [0.116023, 0.780821, 0.613884, 0.124994, 0.057463, -0.622298, 0.780667, -0.002831, 0.991583, -0.055299, -0.11707, -1.2e-05, 0.0, 0.0, 0.0, 1.0]
            ]
        },
        {
            "name": "Leg_R",
            "time": [0.0, 0.0667, 0.0833, 0.1, 0.1667, 0.4166],
            "transform": [
                [1.0, 0.0, 1e-06, -0.0, -1e-06, 0.927245, 0.374453, 0.37472, -0.0, -0.374452, 0.927249, -0.0, 0.0, 0.0, 0.0, 1.0],
                [1.0, 0.0, 1e-06, 0.0, -0.0, 0.910864, 0.412705, 0.37472, -0.0, -0.412704, 0.910868, 0.0, 0.0, 0.0, 0.0, 1.0],
                [1.0, 0.0, 1e-06, -0.0, -1e-06, 0.904366, 0.426757, 0.37472, -0.0, -0.426755, 0.904369, 0.0, 0.0, 0.0, 0.0, 1.0],
                [1.0, 0.0, 0.0, -0.0, -0.0, 0.755064, 0.655652, 0.37472, -0.0, -0.65565, 0.755067, 0.0, 0.0, 0.0, 0.0, 1.0],
                [1.0, -0.0, 0.0, -0.0, -0.0, 0.718114, 0.695927, 0.37472, -0.0, -0.695924, 0.718117, -0.0, 0.0, 0.0, 0.0, 1.0],
                [1.0, -0.0, 0.0, -0.0, -0.0, 0.718114, 0.695927, 0.37472, -0.0, -0.695924, 0.718117, -0.0, 0.0, 0.0, 0.0, 1.0]
            ]
        },
        {
            "name": "Knee_R",
            "time": [0.0, 0.0833, 0.1, 0.1667, 0.4166],
            "transform": [
                [1.0, 0.0, -0.0, 0.0, -0.0, 1e-06, -1.0, 0.380371, -0.0, 1.0, 1e-06, -0.0, 0.0, 0.0, 0.0, 1.0],
                [1.0, 0.0, -0.0, 0.0, -0.0, 1e-06, -1.0, 0.380371, -0.0, 1.0, 1e-06, 0.0, 0.0, 0.0, 0.0, 1.0],
                [1.0, 0.0, -0.0, 0.0, -0.0, 1e-06, -1.0, 0.399444, -0.0, 1.0, 1e-06, 0.0, 0.0, 0.0, 0.0, 1.0],
                [1.0, 0.0, -0.0, 0.0, -0.0, 1e-06, -1.0, 0.403259, -0.0, 1.0, 1e-06, -0.0, 0.0, 0.0, 0.0, 1.0],
                [1.0, 0.0, -0.0, 0.0, -0.0, 1e-06, -1.0, 0.403259, -0.0, 1.0, 1e-06, -0.0, 0.0, 0.0, 0.0, 1.0]
            ]
        },
        {
            "name": "Thigh_L",
            "time": [0.0, 0.0667, 0.0833, 0.1, 0.1667, 0.4166],
            "transform": [
                [0.928311, -0.149356, 0.340488, -0.125006, -0.300973, -0.83954, 0.452312, -0.002831, 0.218298, -0.522363, -0.824307, -1.2e-05, 0.0, 0.0, 0.0, 1.0],
                [0.915332, -0.160698, 0.369247, -0.125006, -0.302113, -0.88029, 0.365806, -0.002831, 0.26626, -0.446388, -0.854308, -1.2e-05, 0.0, 0.0, 0.0, 1.0],
                [0.73363, -0.034194, 0.678688, -0.125006, -0.295396, -0.915482, 0.273186, -0.002831, 0.611986, -0.400899, -0.681728, -1.2e-05, 0.0, 0.0, 0.0, 1.0],
                [0.521413, -0.165986, 0.837005, -0.125006, -0.174859, -0.980865, -0.085586, -0.002831, 0.835196, -0.101732, -0.540461, -1.2e-05, 0.0, 0.0, 0.0, 1.0],
                [0.477352, -0.200877, 0.855444, -0.125006, -0.137858, -0.978583, -0.152865, -0.002831, 0.86783, -0.044959, -0.494822, -1.2e-05, 0.0, 0.0, 0.0, 1.0],
                [0.477352, -0.200877, 0.855444, -0.125006, -0.137858, -0.978583, -0.152865, -0.002831, 0.86783, -0.044959, -0.494822, -1.2e-05, 0.0, 0.0, 0.0, 1.0]
            ]
        },
        {
            "name": "Leg_L",
            "time": [0.0, 0.0667, 0.0833, 0.1, 0.1667, 0.4166],
            "transform": [
                [1.0, -1e-06, 1e-06, -0.0, -0.0, 0.765857, 0.64301, 0.37472, -1e-06, -0.643011, 0.765856, 0.0, 0.0, 0.0, 0.0, 1.0],
                [1.0, -0.0, 1e-06, -0.0, -0.0, 0.833814, 0.552045, 0.37472, -1e-06, -0.552046, 0.833813, 0.0, 0.0, 0.0, 0.0, 1.0],
                [1.0, -0.0, 1e-06, 0.0, -0.0, 0.816693, 0.577073, 0.37472, -1e-06, -0.577074, 0.816691, 0.0, 0.0, 0.0, 0.0, 1.0],
                [1.0, 0.0, 1e-06, 0.0, -0.0, 0.955254, 0.295787, 0.37472, -1e-06, -0.295787, 0.955253, -0.0, 0.0, 0.0, 0.0, 1.0],
                [1.0, 0.0, 1e-06, 0.0, -0.0, 0.971917, 0.235328, 0.37472, -1e-06, -0.235329, 0.971915, 0.0, 0.0, 0.0, 0.0, 1.0],
                [1.0, 0.0, 1e-06, 0.0, -0.0, 0.971917, 0.235328, 0.37472, -1e-06, -0.235329, 0.971915, 0.0, 0.0, 0.0, 0.0, 1.0]
            ]
        },
        {
            "name": "Knee_L",
            "time": [0.0, 0.0833, 0.1, 0.1667, 0.4166],
            "transform": [
                [1.0, 0.0, -0.0, -0.0, -0.0, 1e-06, -1.0, 0.395912, -0.0, 1.0, 1e-06, 0.0, 0.0, 0.0, 0.0, 1.0],
                [1.0, 0.0, -0.0, 0.0, -0.0, 1e-06, -1.0, 0.395912, -0.0, 1.0, 1e-06, 0.0, 0.0, 0.0, 0.0, 1.0],
                [1.0, 0.0, -0.0, 0.0, -0.0, 1e-06, -1.0, 0.369069, -0.0, 1.0, 1e-06, -0.0, 0.0, 0.0, 0.0, 1.0],
                [1.0, 0.0, -0.0, 0.0, -0.0, 1e-06, -1.0, 0.3637, 0.0, 1.0, 1e-06, 0.0, 0.0, 0.0, 0.0, 1.0],
                [1.0, 0.0, -0.0, 0.0, -0.0, 1e-06, -1.0, 0.3637, 0.0, 1.0, 1e-06, 0.0, 0.0, 0.0, 0.0, 1.0]
            ]
        },
        {
            "name": "Torso",
            "time": [0.0, 0.0667, 0.0833, 0.1, 0.1667, 0.4166],
            "transform": [
                [0.994266, -0.106934, -0.000468, -0.0, 0.106934, 0.994228, 0.008722, 0.05, -0.000468, -0.008722, 0.999962, 0.0, 0.0, 0.0, 0.0, 1.0],
                [0.996017, -0.089169, -0.000325, -0.0, 0.089169, 0.99599, 0.007273, 0.05, -0.000325, -0.007273, 0.999973, 0.0, 0.0, 0.0, 0.0, 1.0],
                [0.998566, -0.053542, -0.000117, -0.0, 0.053542, 0.998556, 0.004352, 0.05, -0.000117, -0.004352, 0.999991, -0.0, 0.0, 0.0, 0.0, 1.0],
                [0.99996, -0.008927, -3e-06, 0.0, 0.008927, 0.99996, 0.000726, 0.05, -3e-06, -0.000726, 1.0, -0.0, 0.0, 0.0, 0.0, 1.0],
                [1.0, 0.0, 0.0, -0.0, -0.0, 1.0, -0.0, 0.05, -0.0, -0.0, 1.0, -0.0, 0.0, 0.0, 0.0, 1.0],
                [1.0, 0.0, 0.0, -0.0, -0.0, 1.0, -0.0, 0.05, -0.0, -0.0, 1.0, -0.0, 0.0, 0.0, 0.0, 1.0]
            ]
        },
        {
            "name": "Chest",
            "time": [0.0, 0.0667, 0.0833, 0.1, 0.1667, 0.4166],