{
    "animation": [
        {
            "name": "Coord",
            "time": [0.0, 0.0667, 0.1667, 0.65],
            "transform": [
                [1.0, 0.0, 0.0, 0.0, 0.0, 0.0, -1.0, 0.380657, 0.0, 1.0, 0.0, 0.0, 0.0, 0.0, 0.0, 1.0],
                [1.0, 0.0, 0.0, 0.0, 0.0, 0.0, -1.0, 0.859172, 0.0, 1.0, 0.0, 0.0, 0.0, 0.0, 0.0, 1.0],
                [1.0, 0.0, 0.0, 0.0, 0.0, 0.0, -1.0, 1.6652, 0.0, 1.0, 0.0, 0.0, 0.0, 0.0, 0.0, 1.0],
                [1.0, 0.0, 0.0, 0.0, 0.0, 0.0, -1.0, 1.6652, 0.0, 1.0, 0.0, 0.0, 0.0, 0.0, 0.0, 1.0]
            ]
        },
        {
            "name": "Root",
            "time": [0.0, 0.0667, 0.1667, 0.3, 0.65],
            "transform": [
                [0.953973, 0.02721, 0.298654, -5e-06, -0.047202, 0.997086, 0.05993, 0.70527, -0.296153, -0.071268, 0.952478, -0.000946, 0.0, 0.0, 0.0, 1.0],
                [0.80045, -0.00497, 0.599379, -5e-06, -0.025572, 0.998772, 0.042432, 0.567094, -0.598853, -0.049292, 0.79934, -0.000946, 0.0, 0.0, 0.0, 1.0],
                [0.90735, 0.041006, -0.418371, -5e-06, 0.102748, 0.943412, 0.315303, 0.602975, 0.407626, -0.329078, 0.851792, -0.000946, 0.0, 0.0, 0.0, 1.0],
                [0.564861, 0.041006, -0.824167, -5e-06, 0.249783, 0.943412, 0.218133, 0.602975, 0.786474, -0.329077, 0.522654, -0.000946, 0.0, 0.0, 0.0, 1.0],
                [0.564861, 0.041006, -0.824167, -5e-06, 0.249783, 0.943412, 0.218133, 0.602975, 0.786474, -0.329077, 0.522654, -0.000946, 0.0, 0.0, 0.0, 1.0]
            ]
        },
        {
            "name": "Thigh_R",
            "time": [0.0, 0.0667, 0.1167, 0.1667, 0.2333, 0.3, 0.65],
            "transform": [
                [0.854927, 0.399516, 0.330888, 0.124994, -0.024743, -0.605724, 0.795289, -0.002831, 0.518158, -0.6881, -0.507966, -1.2e-05, 0.0, 0.0, 0.0, 1.0],
                [0.818826, 0.522033, 0.238755, 0.124994, 0.011016, -0.430131, 0.902699, -0.002831, 0.573935, -0.736522, -0.357954, -1.2e-05, 0.0, 0.0, 0.0, 1.0],
                [0.80075, 0.283738, 0.527534, 0.124994, -0.014849, -0.871017, 0.491026, -0.002831, 0.598814, -0.401021, -0.693255, -1.2e-05, 0.0, 0.0, 0.0, 1.0],
                [0.992176, 0.124825, -0.001969, 0.124994, 0.124707, -0.990256, 0.061944, -0.002831, 0.005782, -0.061704, -0.998078, -1.2e-05, 0.0, 0.0, 0.0, 1.0],
                [0.891137, 0.057182, -0.450116, 0.124994, 0.141981, -0.977349, 0.156931, -0.002831, -0.430948, -0.203754, -0.879073, -1.2e-05, 0.0, 0.0, 0.0, 1.0],
                [0.78544, -0.001789, -0.618936, 0.124993, 0.132185, -0.976437, 0.170567, -0.002831, -0.604658, -0.215783, -0.766698, -1.2e-05, 0.0, 0.0, 0.0, 1.0],
                [0.78544, -0.001789, -0.618936, 0.124993, 0.132185, -0.976437, 0.170567, -0.002831, -0.604658, -0.215783, -0.766698, -1.2e-05, 0.0, 0.0, 0.0, 1.0]
            ]
        },
        {
            "name": "Leg_R",
            "time": [0.0, 0.0667, 0.1167, 0.1667, 0.2333, 0.3, 0.65],
            "transform": [
                [1.0, -1e-06, 0.0, 0.0, -0.0, 0.148912, 0.98885, 0.37472, -1e-06, -0.988851, 0.148912, -0.0, 0.0, 0.0, 0.0, 1.0],
                [1.0, -1e-06, 1e-06, -0.0, -0.0, 0.358764, 0.933428, 0.37472, -1e-06, -0.933429, 0.358764, -0.0, 0.0, 0.0, 0.0, 1.0],
                [1.0, -1e-06, 0.0, 0.0, -0.0, 0.274762, 0.961512, 0.37472, -1e-06, -0.961513, 0.274762, -0.0, 0.0, 0.0, 0.0, 1.0],
                [1.0, -0.0, 1e-06, 0.0, 0.0, 0.849854, 0.52702, 0.37472, -1e-06, -0.52702, 0.849852, -0.0, 0.0, 0.0, 0.0, 1.0],
                [1.0, -1e-06, 1e-06, -0.0, 0.0, 0.803476, 0.595337, 0.37472, -1e-06, -0.595338, 0.803475, 0.0, 0.0, 0.0, 0.0, 1.0],
                [1.0, -1e-06, 1e-06, -0.0, 0.0, 0.806075, 0.591814, 0.37472, -1e-06, -0.591815, 0.806074, 0.0, 0.0, 0.0, 0.0, 1.0],
                [1.0, -1e-06, 1e-06, -0.0, 0.0, 0.806075, 0.591814, 0.37472, -1e-06, -0.591815, 0.806074, 0.0, 0.0, 0.0, 0.0, 1.0]
            ]
        },
        {
            "name": "Knee_R",
            "time": [0.0, 0.0667, 0.1167, 0.1667, 0.2333, 0.3, 0.65],
            "transform": [
                [1.0, 0.0, -0.0, 0.0, -0.0, 1e-06, -1.0, 0.466299, -0.0, 1.0, 1e-06, -0.0, 0.0, 0.0, 0.0, 1.0],
                [1.0, 0.0, -0.0, -0.0, -0.0, 1e-06, -1.0, 0.446771, -0.0, 1.0, 0.0, -0.0, 0.0, 0.0, 0.0, 1.0],
                [1.0, 0.0, -0.0, 0.0, -0.0, 1e-06, -1.0, 0.454727, -0.0, 1.0, 1e-06, -0.0, 0.0, 0.0, 0.0, 1.0],
                [1.0, 0.0, -0.0, 0.0, -0.0, 1e-06, -1.0, 0.388518, -0.0, 1.0, 1e-06, -0.0, 0.0, 0.0, 0.0, 1.0],
                [1.0, 0.0, -0.0, -0.0, -0.0, 1e-06, -1.0, 0.395934, -0.0, 1.0, 1e-06, -0.0, 0.0, 0.0, 0.0, 1.0],
                [1.0, 0.0, -0.0, 0.0, -0.0, 1e-06, -1.0, 0.395541, -0.0, 1.0, 1e-06, -0.0, 0.0, 0.0, 0.0, 1.0],
                [1.0, 0.0, -0.0, 0.0, -0.0, 1e-06, -1.0, 0.395541, -0.0, 1.0, 1e-06, -0.0, 0.0, 0.0, 0.0, 1.0]
            ]
        },
        {
            "name": "Thigh_L",
            "time": [0.0, 0.0667, 0.1167, 0.1667, 0.2333, 0.3, 0.65],
            "transform": [
                [0.984288, -0.017837, -0.175664, -0.125006, 0.061377, -0.89828, 0.435116, -0.002831, -0.165557, -0.439061, -0.883072, -1.2e-05, 0.0, 0.0, 0.0, 1.0],
                [0.918302, -0.395878, 0.000776, -0.125006, -0.394261, -0.914726, -0.088505, -0.002831, 0.035747, 0.080969, -0.996075, -1.2e-05, 0.0, 0.0, 0.0, 1.0],
                [0.949943, -0.223946, -0.217843, -0.125006, -0.058857, -0.813067, 0.579187, -0.002831, -0.306827, -0.537373, -0.785549, -1.2e-05, 0.0, 0.0, 0.0, 1.0],
                [0.886256, -0.43053, -0.170858, -0.125006, 0.068001, -0.243938, 0.967404, -0.002831, -0.458175, -0.868987, -0.186915, -1.2e-05, 0.0, 0.0, 0.0, 1.0],
                [0.651018, -0.740753, -0.165711, -0.125006, -0.0044, -0.221989, 0.975039, -0.002831, -0.759048, -0.63404, -0.147779, -1.2e-05, 0.0, 0.0, 0.0, 1.0],
                [0.551157, -0.820195, -0.153315, -0.125006, -0.026075, -0.200583, 0.979329, -0.002831, -0.833994, -0.535767, -0.13194, -1.2e-05, 0.0, 0.0, 0.0, 1.0],
                [0.551157, -0.820196, -0.153315, -0.125007, -0.026075, -0.200583, 0.979329, -0.002831, -0.833994, -0.535767, -0.13194, -1.2e-05, 0.0, 0.0, 0.0, 1.0]
            ]
        },
        {
            "name": "Leg_L",
            "time": [0.0, 0.0667, 0.1167, 0.1667, 0.2333, 0.3, 0.65],
            "transform": [
                [1.0, -1e-06, 1e-06, -0.0, 0.0, 0.729126, 0.68438, 0.37472, -1e-06, -0.684379, 0.729126, 0.0, 0.0, 0.0, 0.0, 1.0],
                [1.0, -1e-06, 0.0, 0.0, 0.0, 0.745049, 0.667009, 0.37472, -1e-06, -0.667009, 0.74505, -0.0, 0.0, 0.0, 0.0, 1.0],
                [1.0, -1e-06, 1e-06, -0.0, -0.0, 0.256649, 0.966505, 0.37472, -1e-06, -0.966505, 0.256649, 0.0, 0.0, 0.0, 0.0, 1.0],
                [1.0, -1e-06, 0.0, -0.0, 0.0, 0.553605, 0.832779, 0.37472, -1e-06, -0.832779, 0.553606, 0.0, 0.0, 0.0, 0.0, 1.0],
                [1.0, -1e-06, 0.0, 0.0, 0.0, 0.426697, 0.904395, 0.37472, -1e-06, -0.904395, 0.426697, -0.0, 0.0, 0.0, 0.0, 1.0],
                [1.0, -1e-06, 0.0, -0.0, 0.0, 0.390081, 0.920781, 0.37472, -1e-06, -0.92078, 0.390081, 0.0, 0.0, 0.0, 0.0, 1.0],
                [1.0, -1e-06, 0.0, -0.0, 0.0, 0.390081, 0.920781, 0.37472, -1e-06, -0.92078, 0.390081, -0.0, 0.0, 0.0, 0.0, 1.0]
            ]
        },
        {
            "name": "Knee_L",
            "time": [0.0, 0.0667, 0.1167, 0.1667, 0.2333, 0.3, 0.65],