{
    "animation": [
        {
            "name": "Root",
            "time": [0.0, 0.1167, 0.2167, 0.4166],
            "transform": [
                [0.914066, 0.0, 0.405567, -5e-06, 0.405567, 0.0, -0.914066, 0.369908, 0.0, 1.0, 0.0, 0.75575, 0.0, 0.0, 0.0, 1.0],
                [0.239576, -0.020894, 0.970653, -5e-06, 0.960253, 0.152598, -0.233725, 0.634657, -0.143236, 0.988067, 0.056623, 0.7196, 0.0, 0.0, 0.0, 1.0],
                [0.116497, -0.034306, 0.992599, -5e-06, 0.979418, 0.169831, -0.10908, 0.653156, -0.164832, 0.984876, 0.053385, 0.714435, 0.0, 0.0, 0.0, 1.0],
                [0.116497, -0.034306, 0.992599, -5e-06, 0.979418, 0.169831, -0.10908, 0.653156, -0.164832, 0.984876, 0.053385, 0.714435, 0.0, 0.0, 0.0, 1.0]
            ]
        },
        {
            "name": "Thigh_R",
            "time": [0.0, 0.1167, 0.2167, 0.4166],
            "transform": [
                [0.884525, 0.09631, 0.456443, 0.124994, 0.019341, -0.985183, 0.170397, -0.002831, 0.466091, -0.141892, -0.873284, -1.2e-05, 0.0, 0.0, 0.0, 1.0],
                [0.24324, 0.66591, 0.705264, 0.124994, 0.032932, -0.73235, 0.68013, -0.002831, 0.969406, -0.142208, -0.200068, -1.2e-05, 0.0, 0.0, 0.0, 1.0],
                [0.134437, 0.725339, 0.675136, 0.124994, -0.002643, -0.681054, 0.732227, -0.002831, 0.990918, -0.100222, -0.089643, -1.2e-05, 0.0, 0.0, 0.0, 1.0],
                [0.134437, 0.725339, 0.675136, 0.124994, -0.002643, -0.681054, 0.732227, -0.002831, 0.990918, -0.100222, -0.089643, -1.2e-05, 0.0, 0.0, 0.0, 1.0]
            ]
        },
        {
            "name": "Leg_R",
            "time": [0.0, 0.1167, 0.2167, 0.4166],
            "transform": [
                [1.0, -0.0, 1e-06, 0.0, -0.0, 0.61852, 0.785769, 0.37472, -1e-06, -0.78577, 0.618519, -0.0, 0.0, 0.0, 0.0, 1.0],
                [1.0, 0.0, 1e-06, -0.0, -0.0, 0.785341, 0.619063, 0.37472, -0.0, -0.619064, 0.78534, -0.0, 0.0, 0.0, 0.0, 1.0],
                [1.0, 0.0, 1e-06, 0.0, -0.0, 0.80575, 0.592257, 0.37472, -0.0, -0.592258, 0.805748, -0.0, 0.0, 0.0, 0.0, 1.0],
                [1.0, 0.0, 1e-06, 0.0, -0.0, 0.80575, 0.592257, 0.37472, -0.0, -0.592258, 0.805748, -0.0, 0.0, 0.0, 0.0, 1.0]
            ]
        },
        {
            "name": "Knee_R",
            "time": [0.0, 0.1167, 0.2167, 0.4166],
            "transform": [
                [1.0, 0.0, -0.0, 0.0, -0.0, 1e-06, -1.0, 0.414392, -0.0, 1.0, 1e-06, -0.0, 0.0, 0.0, 0.0, 1.0],
                [1.0, 0.0, -0.0, -0.0, -0.0, 1e-06, -1.0, 0.395132, -0.0, 1.0, 1e-06, -0.0, 0.0, 0.0, 0.0, 1.0],
                [1.0, 0.0, -0.0, 0.0, -0.0, 1e-06, -1.0, 0.39238, -0.0, 1.0, 1e-06, -0.0, 0.0, 0.0, 0.0, 1.0],
                [1.0, 0.0, -0.0, 0.0, -0.0, 1e-06, -1.0, 0.39238, -0.0, 1.0, 1e-06, -0.0, 0.0, 0.0, 0.0, 1.0]
            ]
        },
        {
            "name": "Thigh_L",
            "time": [0.0, 0.1167, 0.2167, 0.4166],
            "transform": [
                [0.897846, -0.025656, 0.439561, -0.125006, -0.005482, -0.998875, -0.047103, -0.002831, 0.440275, 0.039882, -0.896977, -1.2e-05, 0.0, 0.0, 0.0, 1.0],
                [0.849202, -0.212939, 0.483231, -0.125006, -0.211193, -0.975674, -0.058799, -0.002831, 0.483997, -0.052122, -0.873516, -1.2e-05, 0.0, 0.0, 0.0, 1.0],
                [0.837244, -0.255109, 0.483675, -0.125006, -0.236725, -0.966421, -0.099955, -0.002831, 0.492934, -0.030811, -0.869521, -1.2e-05, 0.0, 0.0, 0.0, 1.0],
                [0.837244, -0.255109, 0.483675, -0.125006, -0.236725, -0.966421, -0.099955, -0.002831, 0.492934, -0.030811, -0.869521, -1.2e-05, 0.0, 0.0, 0.0, 1.0]
            ]
        },
        {
            "name": "Leg_L",
            "time": [0.0, 0.1167, 0.2167, 0.4166],
            "transform": [
                [1.0, -0.0, 1e-06, 0.0, -0.0, 0.965617, 0.259969, 0.37472, -1e-06, -0.259969, 0.965617, 0.0, 0.0, 0.0, 0.0, 1.0],
                [1.0, -0.0, 1e-06, -0.0, 0.0, 0.999166, 0.040828, 0.37472, -1e-06, -0.040828, 0.999167, 0.0, 0.0, 0.0, 0.0, 1.0],
                [1.0, -0.0, 1e-06, 0.0, 0.0, 0.999958, 0.009168, 0.37472, -1e-06, -0.009168, 0.999958, -0.0, 0.0, 0.0, 0.0, 1.0],
                [1.0, -0.0, 1e-06, 0.0, 0.0, 0.999958, 0.009168, 0.37472, -1e-06, -0.009168, 0.999958, -0.0, 0.0, 0.0, 0.0, 1.0]
            ]
        },
        {
            "name": "Knee_L",
            "time": [0.0, 0.1167, 0.2167, 0.4166],
            "transform": [
                [1.0, 0.0, -0.0, 0.0, -0.0, 1e-06, -1.0, 0.363531, -0.0, 1.0, 1e-06, 0.0, 0.0, 0.0, 0.0, 1.0],
                [1.0, 0.0, -0.0, -0.0, -0.0, 1e-06, -1.0, 0.373321, -0.0, 1.0, 1e-06, 0.0, 0.0, 0.0, 0.0, 1.0],
                [1.0, 0.0, -0.0, 0.0, -0.0, 1e-06, -1.0, 0.37472, -0.0, 1.0, 1e-06, -0.0, 0.0, 0.0, 0.0, 1.0],
                [1.0, 0.0, -0.0, 0.0, -0.0, 1e-06, -1.0, 0.37472, -0.0, 1.0, 1e-06, -0.0, 0.0, 0.0, 0.0, 1.0]
            ]
        },
        {
            "name": "Torso",
            "time": [0.0, 0.4166],
            "transform": [
                [1.0, 0.0, 0.0, -0.0, 0.0, 1.0, 0.0, 0.05, 0.0, 0.0, 1.0, 0.0, 0.0, 0.0, 0.0, 1.0],
                [1.0, 0.0, -0.0, -0.0, -0.0, 1.0, 0.0, 0.05, -0.0, 0.0, 1.0, 0.0, 0.0, 0.0, 0.0, 1.0]
            ]
        },
        {
            "name": "Chest",
            "time": [0.0, 0.4166],
            "transform": [
                [0.999988, -0.004961, -7.6e-05, -0.0, 0.004961, 0.999523, 0.030493, 0.3, -7.6e-05, -0.030493, 0.999535, 0.0, 0.0, 0.0, 0.0, 1.0],
                [0.999988, -0.004961, -7.6e-05, 0.0, 0.004961, 0.999523, 0.030493, 0.3, -7.6e-05, -0.030493, 0.999535, 0.0, 0.0, 0.0, 0.0, 1.0]
            ]
        },
        {
            "name": "Head",
            "time": [0.0, 0.1167, 0.2167, 0.4166],
            "transform": [
                [0.909926, 0.015447, -0.414484, -0.0, -0.01465, 0.99988, 0.0051, 0.4, 0.414512, 0.001431, 0.910043, -0.0, 0.0, 0.0, 0.0, 1.0],
                [0.278132, -0.153455, -0.948206, 0.0, -0.007137, 0.986799, -0.161795, 0.4, 0.960516, 0.051767, 0.273365, 0.0, 0.0, 0.0, 0.0, 1.0],
                [0.162182, -0.177872, -0.970597, -0.0, -0.017452, 0.982948, -0.183051, 0.4, 0.986607, 0.046627, 0.156312, -0.0, 0.0, 0.0, 0.0, 1.0],
                [0.162182, -0.177872, -0.970597, -0.0, -0.017452, 0.982948, -0.183051, 0.4, 0.986607, 0.046627, 0.156312, 0.0, 0.0, 0.0, 0.0, 1.0]
            ]
        },
        {
            "name": "Shoulder_R",
            "time": [0.0, 0.1167, 0.2167, 0.4166],
            "transform": [
                [-0.522789, 0.806384, 0.276469, -0.0, 0.007098, -0.32019, 0.947327, 0.4, 0.852432, 0.497215, 0.161669, -0.0, 0.0, 0.0, 0.0, 1.0],
                [0.455117, 0.864967, 0.211424, 0.0, 0.09586, -0.283654, 0.954123, 0.4, 0.885256, -0.413971, -0.212012, 0.0, 0.0, 0.0, 0.0, 1.0],
                [0.573853, 0.800198, 0.174282, -0.0, 0.109291, -0.285733, 0.952057, 0.4, 0.811633, -0.527294, -0.251423, -0.0, 0.0, 0.0, 0.0, 1.0],
                [0.573853, 0.800198, 0.174282, -0.0, 0.109291, -0.285733, 0.952057, 0.4, 0.811633, -0.527293, -0.251423, 0.0, 0.0, 0.0, 0.0, 1.0]
            ]
        },
        {
            "name": "Arm_R",
            "time": [0.0, 0.1167, 0.2167, 0.4166],
            "transform": [
                [0.721636, -0.508588, -0.469659, 0.0, -0.232153, 0.461357, -0.856303, 0.393861, 0.652186, 0.726972, 0.214862, 0.0, 0.0, 0.0, 0.0, 1.0],
                [-0.55535, -0.830574, -0.041635, -0.0, -0.090497, 0.110125, -0.989789, 0.39386, 0.826678, -0.545912, -0.136323, 0.0, 0.0, 0.0, 0.0, 1.0],
                [-0.71809, -0.695635, 0.020947, -0.0, -0.037307, 0.008421, -0.999268, 0.39386, 0.69495, -0.718346, -0.031999, 0.0, 0.0, 0.0, 0.0, 1.0],
                [-0.71809, -0.695635, 0.020947, 0.0, -0.037307, 0.008421, -0.999268, 0.39386, 0.69495, -0.718346, -0.031999, 0.0, 0.0, 0.0, 0.0, 1.0]
            ]
        },
        {
            "name": "Hand_R",
            "time": [0.0, 0.1167, 0.2167, 0.4166],