{
    "animation": [
        {
            "name": "Root",
            "time": [0.0, 0.1, 0.1333, 0.2, 0.4166],
            "transform": [
                [0.993506, -0.021272, -0.11177, -5e-06, -0.109265, 0.095488, -0.989416, 0.697729, 0.031719, 0.995203, 0.092544, 0.721103, 0.0, 0.0, 0.0, 1.0],
                [0.946365, -0.080458, 0.312921, -5e-06, 0.322408, 0.171854, -0.93087, 0.992308, 0.021119, 0.981831, 0.188577, 0.65556, 0.0, 0.0, 0.0, 1.0],
                [0.999107, -0.012075, -0.040495, -5e-06, -0.039894, 0.046403, -0.998126, 0.997361, 0.013932, 0.99885, 0.04588, 0.65556, 0.0, 0.0, 0.0, 1.0],
                [0.987027, 0.0, -0.160557, -5e-06, -0.160557, 0.0, -0.987027, 0.997361, 0.0, 1.0, 0.0, 0.65556, 0.0, 0.0, 0.0, 1.0],
                [0.987027, 0.0, -0.160557, -5e-06, -0.160557, 0.0, -0.987027, 0.997361, 0.0, 1.0, 0.0, 0.65556, 0.0, 0.0, 0.0, 1.0]
            ]
        },
        {
            "name": "Thigh_R",
            "time": [0.0, 0.1, 0.1333, 0.2, 0.4166],
            "transform": [
                [0.993462, 0.009129, -0.113794, 0.124994, -0.017225, -0.973395, -0.228478, -0.002831, -0.112852, 0.228944, -0.966876, -1.2e-05, 0.0, 0.0, 0.0, 1.0],
                [0.943631, -0.099135, 0.315805, 0.124994, -0.08426, -0.994606, -0.060449, -0.002831, 0.320095, 0.030432, -0.946897, -1.2e-05, 0.0, 0.0, 0.0, 1.0],
                [0.998501, -0.001696, -0.054694, 0.124994, -0.002736, -0.999815, -0.018938, -0.002831, -0.054651, 0.019059, -0.998324, -1.2e-05, 0.0, 0.0, 0.0, 1.0],
                [0.989096, -0.0006, -0.147269, 0.132209, -0.002501, -0.999914, -0.012723, -0.002831, -0.147249, 0.012953, -0.989015, -0.001185, 0.0, 0.0, 0.0, 1.0],
                [0.989096, -0.0006, -0.147269, 0.132209, -0.002501, -0.999914, -0.012723, -0.002831, -0.147249, 0.012953, -0.989015, -0.001185, 0.0, 0.0, 0.0, 1.0]
            ]
        },
        {
            "name": "Leg_R",
            "time": [0.0, 0.1, 0.1333, 0.2, 0.4166],
            "transform": [
                [1.0, -0.0, 1e-06, 0.0, 0.0, 0.999945, 0.010529, 0.37472, -1e-06, -0.010529, 0.999944, 0.0, 0.0, 0.0, 0.0, 1.0],
                [1.0, -0.0, 1e-06, 0.0, -0.0, 0.87584, 0.482602, 0.37472, -1e-06, -0.482603, 0.875839, 0.0, 0.0, 0.0, 0.0, 1.0],
                [1.0, -0.0, 1e-06, -0.0, -0.0, 0.77262, 0.634869, 0.37472, -1e-06, -0.63487, 0.772619, -0.0, 0.0, 0.0, 0.0, 1.0],
                [1.0, -0.0, 1e-06, 0.0, -0.0, 0.732257, 0.681029, 0.37472, -1e-06, -0.68103, 0.732256, 0.0, 0.0, 0.0, 0.0, 1.0],
                [1.0, -0.0, 1e-06, 0.0, -0.0, 0.732257, 0.681029, 0.37472, -1e-06, -0.68103, 0.732256, 0.0, 0.0, 0.0, 0.0, 1.0]
            ]
        },
        {
            "name": "Knee_R",
            "time": [0.0, 0.1, 0.1333, 0.2, 0.4166],
            "transform": [
                [1.0, 0.0, -0.0, 0.0, -0.0, 1e-06, -1.0, 0.37472, -0.0, 1.0, 1e-06, 0.0, 0.0, 0.0, 0.0, 1.0],
                [1.0, 0.0, -0.0, 0.0, -0.0, 1e-06, -1.0, 0.390026, -0.0, 1.0, 1e-06, 0.0, 0.0, 0.0, 0.0, 1.0],
                [1.0, 0.0, -0.0, 0.0, -0.0, 1e-06, -1.0, 0.390026, -0.0, 1.0, 1e-06, -0.0, 0.0, 0.0, 0.0, 1.0],
                [1.0, 0.0, -0.0, -0.0, -0.0, 1e-06, -1.0, 0.402856, -0.0, 1.0, 1e-06, -0.0, 0.0, 0.0, 0.0, 1.0],
                [1.0, 0.0, -0.0, -0.0, -0.0, 1e-06, -1.0, 0.402856, -0.0, 1.0, 1e-06, -0.0, 0.0, 0.0, 0.0, 1.0]
            ]
        },
        {
            "name": "Thigh_L",
            "time": [0.0, 0.1, 0.1333, 0.2, 0.4166],
            "transform": [
                [0.992462, -0.091194, -0.081874, -0.125006, -0.018414, -0.771441, 0.636034, -0.002831, -0.121163, -0.629731, -0.767306, -1.2e-05, 0.0, 0.0, 0.0, 1.0],
                [0.945481, 0.210984, 0.248096, -0.125006, -0.089771, -0.563437, 0.821267, -0.002831, 0.313061, -0.798764, -0.513779, -1.2e-05, 0.0, 0.0, 0.0, 1.0],
                [0.998838, -0.041944, -0.023733, -0.125006, -0.010906, -0.676407, 0.736447, -0.002831, -0.046943, -0.735332, -0.676079, -1.2e-05, 0.0, 0.0, 0.0, 1.0],
                [0.985521, -0.118706, -0.121065, -0.132221, 4.5e-05, -0.713847, 0.700301, -0.002831, -0.169552, -0.690167, -0.703507, 0.001162, 0.0, 0.0, 0.0, 1.0],
                [0.985521, -0.118706, -0.121065, -0.132221, 4.5e-05, -0.713847, 0.700301, -0.002831, -0.169552, -0.690167, -0.703507, 0.001162, 0.0, 0.0, 0.0, 1.0]
            ]
        },
        {
            "name": "Leg_L",
            "time": [0.0, 0.1, 0.1333, 0.2, 0.4166],
            "transform": [
                [1.0, -1e-06, 1e-06, 0.0, -0.0, 0.507334, 0.86175, 0.37472, -1e-06, -0.861749, 0.507334, -0.0, 0.0, 0.0, 0.0, 1.0],
                [1.0, -0.0, 1e-06, -0.0, -0.0, 0.715587, 0.698524, 0.37472, -1e-06, -0.698523, 0.715587, -0.0, 0.0, 0.0, 0.0, 1.0],
                [1.0, -1e-06, 1e-06, -0.0, -0.0, 0.645453, 0.7638, 0.37472, -1e-06, -0.763799, 0.645454, -0.0, 0.0, 0.0, 0.0, 1.0],
                [1.0, -1e-06, 1e-06, -0.0, -0.0, 0.620734, 0.784022, 0.37472, -1e-06, -0.784021, 0.620734, 0.0, 0.0, 0.0, 0.0, 1.0],
                [1.0, -1e-06, 1e-06, -0.0, -0.0, 0.620734, 0.784022, 0.37472, -1e-06, -0.784021, 0.620734, 0.0, 0.0, 0.0, 0.0, 1.0]
            ]
        },
        {
            "name": "Knee_L",
            "time": [0.0, 0.1, 0.1333, 0.2, 0.4166],
            "transform": [
                [1.0, 0.0, -0.0, 0.0, -0.0, 1e-06, -1.0, 0.423886, -0.0, 1.0, 1e-06, -0.0, 0.0, 0.0, 0.0, 1.0],
                [1.0, 0.0, -0.0, 0.0, -0.0, 1e-06, -1.0, 0.40121, -0.0, 1.0, 1e-06, 0.0, 0.0, 0.0, 0.0, 1.0],
                [1.0, 0.0, -0.0, 0.0, -0.0, 1e-06, -1.0, 0.409687, -0.0, 1.0, 1e-06, -0.0, 0.0, 0.0, 0.0, 1.0],
                [1.0, 0.0, -0.0, 0.0, -0.0, 1e-06, -1.0, 0.415341, -0.0, 1.0, 1e-06, 0.001029, 0.0, 0.0, 0.0, 1.0],
                [1.0, 0.0, -0.0, 0.0, -0.0, 1e-06, -1.0, 0.415341, -0.0, 1.0, 1e-06, 0.001029, 0.0, 0.0, 0.0, 1.0]
            ]
        },
        {
            "name": "Torso",
            "time": [0.0, 0.1, 0.1333, 0.2, 0.4166],
            "transform": [
                [0.99978, -0.020971, -0.000197, -0.0, 0.020971, 0.999603, 0.01883, 0.05, -0.000198, -0.01883, 0.999823, -0.0, 0.0, 0.0, 0.0, 1.0],
                [0.99978, -0.020971, -0.000197, 0.0, 0.020971, 0.999603, 0.018833, 0.05, -0.000198, -0.018833, 0.999823, -0.0, 0.0, 0.0, 0.0, 1.0],
                [0.999986, -0.005243, -1.2e-05, 0.0, 0.005243, 0.999975, 0.004709, 0.05, -1.2e-05, -0.004709, 0.999989, -0.0, 0.0, 0.0, 0.0, 1.0],
                [1.0, -0.0, 0.0, 0.0, 0.0, 1.0, 0.0, 0.05, 0.0, 0.0, 1.0, 0.0, 0.0, 0.0, 0.0, 1.0],
                [1.0, -0.0, 0.0, 0.0, 0.0, 1.0, 0.0, 0.05, 0.0, 0.0, 1.0, 0.0, 0.0, 0.0, 0.0, 1.0]
            ]
        },
        {
            "name": "Chest",
            "time": [0.0, 0.1, 0.1333, 0.2, 0.4166],
            "transform": [
                [0.999771, -0.021411, -0.000206, 0.0, 0.021411, 0.999586, 0.019222, 0.3, -0.000206, -0.019222, 0.999815, -0.0, 0.0, 0.0, 0.0, 1.0],
                [0.999771, -0.021411, -0.000206, 0.0, 0.021411, 0.999586, 0.019222, 0.3, -0.000206, -0.019222, 0.999815, -0.0, 0.0, 0.0, 0.0, 1.0],
                [0.999959, -0.009073, -0.000126, 0.0, 0.009073, 0.999576, 0.027676, 0.3, -0.000126, -0.027676, 0.999617, -0.0, 0.0, 0.0, 0.0, 1.0],
                [0.999988, -0.004961, -7.6e-05, 0.0, 0.004961, 0.999523, 0.030493, 0.3, -7.6e-05, -0.030493, 0.999535, 0.0, 0.0, 0.0, 0.0, 1.0],
                [0.999988, -0.004961, -7.6e-05, 0.0, 0.004961, 0.999523, 0.030493, 0.3, -7.6e-05, -0.030493, 0.999535, 0.0, 0.0, 0.0, 0.0, 1.0]
            ]
        },
        {
            "name": "Head",
            "time": [0.0, 0.1, 0.1333, 0.2, 0.4166],