{
    "animation": [
        {
            "name": "Coord",
            "time": [0.0, 0.0333, 0.65],
            "transform": [
                [1.0, 0.0, 0.0, 0.0, 0.0, 0.0, -1.0, 0.404588, 0.0, 1.0, 0.0, 0.0, 0.0, 0.0, 0.0, 1.0],
                [1.0, 0.0, 0.0, 0.0, 0.0, 0.0, -1.0, 0.999119, 0.0, 1.0, 0.0, 0.0, 0.0, 0.0, 0.0, 1.0],
                [1.0, 0.0, 0.0, 0.0, 0.0, 0.0, -1.0, 0.999119, 0.0, 1.0, 0.0, 0.0, 0.0, 0.0, 0.0, 1.0]
            ]
        },
        {
            "name": "Root",
            "time": [0.0, 0.0333, 0.0833, 0.2, 0.65],
            "transform": [
                [0.921489, 0.014622, -0.388129, -5e-06, 0.007074, 0.998493, 0.054412, 0.666947, 0.38834, -0.052886, 0.919998, -0.000946, 0.0, 0.0, 0.0, 1.0],
                [0.979298, 0.021738, -0.201255, -5e-06, 0.004031, 0.991926, 0.126754, 0.594752, 0.202386, -0.124941, 0.971303, -0.000946, 0.0, 0.0, 0.0, 1.0],
                [0.990151, 0.0, 0.140007, -5e-06, -0.034719, 0.968765, 0.245539, 0.567094, -0.135634, -0.247981, 0.959223, -0.000946, 0.0, 0.0, 0.0, 1.0],
                [0.978934, 0.082429, -0.186799, -5e-06, -0.065399, 0.993272, 0.095574, 0.567094, 0.19342, -0.081344, 0.977738, -0.000946, 0.0, 0.0, 0.0, 1.0],
                [0.978934, 0.082429, -0.186799, -5e-06, -0.065399, 0.993272, 0.095574, 0.567094, 0.19342, -0.081344, 0.977738, -0.000946, 0.0, 0.0, 0.0, 1.0]
            ]
        },
        {
            "name": "Thigh_R",
            "time": [0.0, 0.0333, 0.0833, 0.2, 0.65],
            "transform": [
                [0.974731, 0.222867, 0.015101, 0.124994, 0.218136, -0.93511, -0.279252, -0.002831, -0.048115, 0.27549, -0.960099, -1.2e-05, 0.0, 0.0, 0.0, 1.0],
                [0.976864, 0.178446, 0.117864, 0.124994, 0.207153, -0.926478, -0.314202, -0.002831, 0.053131, 0.331348, -0.942012, -1.2e-05, 0.0, 0.0, 0.0, 1.0],
                [0.944329, 0.019106, 0.328446, 0.124994, 0.124811, -0.94449, -0.303905, -0.002831, 0.304408, 0.327979, -0.894296, -1.2e-05, 0.0, 0.0, 0.0, 1.0],
                [0.939476, 0.284833, 0.190405, 0.124994, 0.321868, -0.924192, -0.205591, -0.002831, 0.117412, 0.254433, -0.959937, -1.2e-05, 0.0, 0.0, 0.0, 1.0],
                [0.939476, 0.284833, 0.190405, 0.124994, 0.321868, -0.924192, -0.205591, -0.002831, 0.117412, 0.254433, -0.959937, -1.2e-05, 0.0, 0.0, 0.0, 1.0]
            ]
        },
        {
            "name": "Leg_R",
            "time": [0.0, 0.0333, 0.0833, 0.2, 0.65],
            "transform": [
                [1.0, -0.0, 1e-06, 0.0, 0.0, 0.977455, 0.211147, 0.37472, -1e-06, -0.211148, 0.977453, -0.0, 0.0, 0.0, 0.0, 1.0],
                [1.0, -0.0, 1e-06, 0.0, 0.0, 0.938528, 0.345206, 0.37472, -1e-06, -0.345206, 0.938526, 0.0, 0.0, 0.0, 0.0, 1.0],
                [1.0, -0.0, 1e-06, -0.0, -0.0, 0.949666, 0.313266, 0.37472, -1e-06, -0.313266, 0.949665, -0.0, 0.0, 0.0, 0.0, 1.0],
                [1.0, -0.0, 1e-06, 0.0, -0.0, 0.797038, 0.603929, 0.37472, -1e-06, -0.60393, 0.797037, 0.0, 0.0, 0.0, 0.0, 1.0],
                [1.0, -0.0, 1e-06, 0.0, -0.0, 0.797038, 0.603929, 0.37472, -1e-06, -0.60393, 0.797037, 0.0, 0.0, 0.0, 0.0, 1.0]
            ]
        },
        {
            "name": "Knee_R",
            "time": [0.0, 0.0333, 0.0833, 0.65],
            "transform": [
                [1.0, 0.0, -0.0, 0.0, -0.0, 1e-06, -1.0, 0.37472, -0.0, 1.0, 1e-06, 0.0, 0.0, 0.0, 0.0, 1.0],
                [1.0, 0.0, -0.0, 0.0, -0.0, 1e-06, -1.0, 0.37472, -0.0, 1.0, 1e-06, 0.0, 0.0, 0.0, 0.0, 1.0],
                [1.0, 0.0, -0.0, -0.0, -0.0, 1e-06, -1.0, 0.37472, -0.0, 1.0, 1e-06, 0.0, 0.0, 0.0, 0.0, 1.0],
                [1.0, 0.0, -0.0, 0.0, -0.0, 1e-06, -1.0, 0.396898, -0.0, 1.0, 1e-06, 0.0, 0.0, 0.0, 0.0, 1.0]
            ]
        },
        {
            "name": "Thigh_L",
            "time": [0.0, 0.0833, 0.2, 0.65],
            "transform": [
                [0.949241, -0.290592, -0.120404, -0.125006, -0.022799, -0.44534, 0.895071, -0.002831, -0.313721, -0.846894, -0.42936, -1.2e-05, 0.0, 0.0, 0.0, 1.0],
                [0.987198, 0.147301, 0.061166, -0.125006, -0.020206, -0.264902, 0.964063, -0.002831, 0.158211, -0.952958, -0.258535, -1.2e-05, 0.0, 0.0, 0.0, 1.0],
                [0.983931, -0.123504, -0.128936, -0.125006, 0.065532, -0.421945, 0.904249, -0.002831, -0.166083, -0.89817, -0.407072, -1.2e-05, 0.0, 0.0, 0.0, 1.0],
                [0.983931, -0.123504, -0.128936, -0.125006, 0.065532, -0.421945, 0.904249, -0.002831, -0.166083, -0.89817, -0.407072, -1.2e-05, 0.0, 0.0, 0.0, 1.0]
            ]
        },
        {
            "name": "Leg_L",
            "time": [0.0, 0.0833, 0.2, 0.65],
            "transform": [
                [1.0, -1e-06, 1e-06, -0.0, -1e-06, -0.157607, 0.987502, 0.37472, -1e-06, -0.987502, -0.157607, 0.0, 0.0, 0.0, 0.0, 1.0],
                [1.0, -1e-06, 1e-06, 0.0, -0.0, 0.609216, 0.793004, 0.37472, -1e-06, -0.793004, 0.609217, 0.0, 0.0, 0.0, 0.0, 1.0],
                [1.0, -1e-06, 1e-06, -0.0, -0.0, 0.518921, 0.854822, 0.37472, -1e-06, -0.854822, 0.518922, 0.0, 0.0, 0.0, 0.0, 1.0],
                [1.0, -1e-06, 1e-06, -0.0, -0.0, 0.518921, 0.854822, 0.37472, -1e-06, -0.854822, 0.518922, 0.0, 0.0, 0.0, 0.0, 1.0]
            ]
        },
        {
            "name": "Knee_L",
            "time": [0.0, 0.0833, 0.2, 0.65],
            "transform": [
                [1.0, 0.0, -0.0, 0.0, -0.0, 1e-06, -1.0, 0.47972, -0.0, 1.0, 1e-06, -0.0, 0.0, 0.0, 0.0, 1.0],
                [1.0, 0.0, -0.0, 0.0, -0.0, 1e-06, -1.0, 0.4209, -0.0, 1.0, 1e-06, -0.0, 0.0, 0.0, 0.0, 1.0],
                [1.0, 0.0, -0.0, 0.0, -0.0, 1e-06, -1.0, 0.430731, -0.0, 1.0, 1e-06, 0.0, 0.0, 0.0, 0.0, 1.0],
                [1.0, 0.0, -0.0, 0.0, -0.0, 1e-06, -1.0, 0.430731, -0.0, 1.0, 1e-06, 0.0, 0.0, 0.0, 0.0, 1.0]
            ]
        },
        {
            "name": "Torso",
            "time": [0.0, 0.65],
            "transform": [
                [0.99978, -0.020971, -0.000197, -0.0, 0.020971, 0.999603, 0.018833, 0.05, -0.000198, -0.018833, 0.999823, -0.0, 0.0, 0.0, 0.0, 1.0],
                [0.99978, -0.020971, -0.000197, -0.0, 0.020971, 0.999603, 0.018833, 0.05, -0.000198, -0.018833, 0.999823, 0.0, 0.0, 0.0, 0.0, 1.0]
            ]
        },
        {
            "name": "Chest",
            "time": [0.0, 0.0833, 0.2, 0.65],
            "transform": [
                [0.999771, -0.021411, -0.000206, -0.0, 0.021411, 0.999586, 0.019225, 0.3, -0.000206, -0.019225, 0.999815, 0.0, 0.0, 0.0, 0.0, 1.0],
                [0.999771, -0.021411, -0.000206, 0.0, 0.021411, 0.999586, 0.019225, 0.3, -0.000206, -0.019225, 0.999815, -0.0, 0.0, 0.0, 0.0, 1.0],
                [0.99989, -0.014646, 0.00219, -0.0, 0.01468, 0.999755, -0.016582, 0.3, -0.001947, 0.016613, 0.99986, -0.0, 0.0, 0.0, 0.0, 1.0],
                [0.99989, -0.014646, 0.00219, -0.0, 0.01468, 0.999755, -0.016582, 0.3, -0.001947, 0.016613, 0.99986, -0.0, 0.0, 0.0, 0.0, 1.0]
            ]
        },
        {
            "name": "Head",
            "time": [0.0, 0.0833, 0.2, 0.65],
            "transform": [
                [0.939416, 0.044537, 0.339873, 0.0, -0.000194, 0.991592, -0.129403, 0.4, -0.342779, 0.121497, 0.931526, 0.0, 0.0, 0.0, 0.0, 1.0],
                [0.99275, -0.003467, -0.12015, 0.0, -0.030384, 0.959884, -0.278746, 0.4, 0.116297, 0.280376, 0.952819, -0.0, 0.0, 0.0, 0.0, 1.0],
                [0.981511, -0.033406, 0.188466, 0.0, 0.051282, 0.994549, -0.090785, 0.4, -0.184406, 0.098771, 0.977874, 0.0, 0.0, 0.0, 0.0, 1.0],
                [0.981511, -0.033406, 0.188466, 0.0, 0.051282, 0.994549, -0.090785, 0.4, -0.184406, 0.098771, 0.977874, 0.0, 0.0, 0.0, 0.0, 1.0]
            ]
        },
        {
            "name": "Shoulder_R",
            "time": [0.0, 0.0333, 0.0833, 0.65],