{
    "animation": [
        {
            "name": "Root",
            "time": [0.0, 0.1167, 0.2333, 0.4166],
            "transform": [
                [0.960374, 0.043168, 0.27535, -5e-06, 0.278517, -0.111618, -0.953923, -0.002214, -0.010445, 0.992813, -0.119218, 0.666632, 0.0, 0.0, 0.0, 1.0],
                [0.960374, 0.043168, 0.27535, -5e-06, 0.278517, -0.185689, -0.94231, -0.00084, 0.010452, 0.98166, -0.190354, 0.666632, 0.0, 0.0, 0.0, 1.0],
                [0.876461, 0.024091, -0.48087, -5e-06, -0.462529, 0.319534, -0.827022, 1.010723, 0.133731, 0.947269, 0.291202, 0.666632, 0.0, 0.0, 0.0, 1.0],
                [0.876461, 0.024091, -0.48087, -5e-06, -0.462529, 0.319534, -0.827022, 1.010723, 0.133731, 0.947269, 0.291202, 0.666632, 0.0, 0.0, 0.0, 1.0]
            ]
        },
        {
            "name": "Thigh_R",
            "time": [0.0, 0.1167, 0.2333, 0.4166],
            "transform": [
                [0.957726, 0.20568, 0.201135, 0.124994, 0.047447, -0.802518, 0.594736, -0.00283, 0.28374, -0.56005, -0.778354, -1.2e-05, 0.0, 0.0, 0.0, 1.0],
                [0.956988, 0.189112, 0.220021, 0.124994, 0.047526, -0.850304, 0.524139, -0.00283, 0.286206, -0.491137, -0.822721, -1.2e-05, 0.0, 0.0, 0.0, 1.0],
                [0.93292, 0.112731, -0.341983, 0.124994, 0.06594, -0.987153, -0.145522, -0.00283, -0.353995, 0.11321, -0.92837, -1.2e-05, 0.0, 0.0, 0.0, 1.0],
                [0.93292, 0.112731, -0.341983, 0.124994, 0.06594, -0.987153, -0.145522, -0.00283, -0.353995, 0.11321, -0.92837, -1.2e-05, 0.0, 0.0, 0.0, 1.0]
            ]
        },
        {
            "name": "Leg_R",
            "time": [0.0, 0.1167, 0.2333, 0.4166],
            "transform": [
                [1.0, -1e-06, 1e-06, -0.0, -0.0, 0.735498, 0.677527, 0.37472, -1e-06, -0.677529, 0.735496, 0.0, 0.0, 0.0, 0.0, 1.0],
                [1.0, -1e-06, 1e-06, -0.0, -0.0, 0.747358, 0.664422, 0.37472, -1e-06, -0.664423, 0.747357, -0.0, 0.0, 0.0, 0.0, 1.0],
                [1.0, -0.0, 0.0, 0.0, 0.0, 0.999942, 0.010798, 0.37472, -0.0, -0.010798, 0.999941, 0.0, 0.0, 0.0, 0.0, 1.0],
                [1.0, -0.0, 0.0, 0.0, 0.0, 0.999942, 0.010798, 0.37472, -0.0, -0.010798, 0.999941, 0.0, 0.0, 0.0, 0.0, 1.0]
            ]
        },
        {
            "name": "Knee_R",
            "time": [0.0, 0.1167, 0.4166],
            "transform": [
                [1.0, 0.0, -0.0, -0.000259, -0.0, 1e-06, -1.0, 0.404655, -0.0, 1.0, 1e-06, -0.000118, 0.0, 0.0, 0.0, 1.0],
                [1.0, 0.0, -0.0, -0.0, -0.0, 1e-06, -1.0, 0.37472, -0.0, 1.0, 1e-06, -0.0, 0.0, 0.0, 0.0, 1.0],
                [1.0, 0.0, -0.0, 0.0, -0.0, 1e-06, -1.0, 0.37472, -0.0, 1.0, 1e-06, 0.0, 0.0, 0.0, 0.0, 1.0]
            ]
        },
        {
            "name": "Thigh_L",
            "time": [0.0, 0.1167, 0.2333, 0.4166],
            "transform": [
                [0.956616, -0.157985, -0.244797, -0.125006, -0.252778, -0.867847, -0.42772, -0.002831, -0.144873, 0.471044, -0.870132, -1.2e-05, 0.0, 0.0, 0.0, 1.0],
                [0.954852, -0.181793, -0.234964, -0.125006, -0.275273, -0.838845, -0.469642, -0.002831, -0.11172, 0.513118, -0.851016, -1.2e-05, 0.0, 0.0, 0.0, 1.0],
                [0.870871, -0.435561, -0.22775, -0.125006, 0.008289, -0.450288, 0.892845, -0.002831, -0.491441, -0.779441, -0.388533, -1.2e-05, 0.0, 0.0, 0.0, 1.0],
                [0.870871, -0.435561, -0.22775, -0.125006, 0.008289, -0.450288, 0.892845, -0.002831, -0.491441, -0.779441, -0.388533, -1.2e-05, 0.0, 0.0, 0.0, 1.0]
            ]
        },
        {
            "name": "Leg_L",
            "time": [0.0, 0.1167, 0.2333, 0.4166],
            "transform": [
                [1.0, -0.0, 2e-06, -0.0, -0.0, 0.975344, 0.22069, 0.37472, -2e-06, -0.22069, 0.975344, -0.0, 0.0, 0.0, 0.0, 1.0],
                [1.0, -0.0, 3e-06, 0.0, -1e-06, 0.963926, 0.266169, 0.37472, -3e-06, -0.266169, 0.963927, 0.0, 0.0, 0.0, 0.0, 1.0],
                [1.0, -1e-06, 1e-06, -0.0, -0.0, 0.711831, 0.702351, 0.37472, -1e-06, -0.702351, 0.711831, -0.0, 0.0, 0.0, 0.0, 1.0],
                [1.0, -1e-06, 1e-06, -0.0, -0.0, 0.711831, 0.702351, 0.37472, -1e-06, -0.702351, 0.711831, -0.0, 0.0, 0.0, 0.0, 1.0]
            ]
        },
        {
            "name": "Knee_L",
            "time": [0.0, 0.4166],
            "transform": [
                [1.0, 0.0, -0.0, 0.0, -0.0, 1e-06, -1.0, 0.399134, -0.0, 1.0, 1e-06, -0.0, 0.0, 0.0, 0.0, 1.0],
                [1.0, 0.0, -0.0, -0.0, -0.0, 1e-06, -1.0, 0.399133, -0.0, 1.0, 1e-06, -0.0, 0.0, 0.0, 0.0, 1.0]
            ]
        },
        {
            "name": "Torso",
            "time": [0.0, 0.1167, 0.2333, 0.4166],
            "transform": [
                [0.99978, -0.020971, -0.000197, -0.0, 0.020971, 0.999603, 0.01883, 0.05, -0.000198, -0.01883, 0.999823, 0.0, 0.0, 0.0, 0.0, 1.0],
                [0.99978, -0.020971, -0.000197, 0.0, 0.020971, 0.999603, 0.018827, 0.05, -0.000198, -0.018827, 0.999823, -0.0, 0.0, 0.0, 0.0, 1.0],
                [0.99978, -0.020971, -0.000197, 0.0, 0.020971, 0.999603, 0.018833, 0.05, -0.000198, -0.018833, 0.999823, -0.0, 0.0, 0.0, 0.0, 1.0],
                [0.99978, -0.020971, -0.000197, 0.0, 0.020971, 0.999603, 0.018833, 0.05, -0.000198, -0.018833, 0.999823, -0.0, 0.0, 0.0, 0.0, 1.0]
            ]
        },
        {
            "name": "Chest",
            "time": [0.0, 0.1167, 0.2333, 0.4166],
            "transform": [
                [1.0, 0.0, -0.0, 0.0, -0.0, 1.0, 0.0, 0.3, 0.0, -0.0, 1.0, -0.0, 0.0, 0.0, 0.0, 1.0],
                [1.0, 0.0, -0.0, -0.0, -0.0, 1.0, 0.0, 0.3, 0.0, -0.0, 1.0, -0.0, 0.0, 0.0, 0.0, 1.0],
                [0.998213, -0.059549, -0.005091, 0.0, 0.059749, 0.992267, 0.108798, 0.3, -0.001427, -0.108908, 0.994051, 0.0, 0.0, 0.0, 0.0, 1.0],
                [0.998213, -0.059549, -0.005091, 0.0, 0.059749, 0.992267, 0.108798, 0.3, -0.001427, -0.108908, 0.994051, 0.0, 0.0, 0.0, 0.0, 1.0]
            ]
        },
        {
            "name": "Head",
            "time": [0.0, 0.1167, 0.2333, 0.4166],
            "transform": [
                [0.960475, 0.000197, -0.278366, -0.0, 0.017229, 0.99804, 0.060152, 0.4, 0.277832, -0.062571, 0.95859, -0.0, 0.0, 0.0, 0.0, 1.0],
                [0.960463, 0.019296, -0.277739, -0.0, 0.017367, 0.9915, 0.128941, 0.4, 0.277866, -0.128667, 0.951964, 0.0, 0.0, 0.0, 0.0, 1.0],
                [0.876154, 0.198505, 0.43926, 0.0, 0.01098, 0.902815, -0.429889, 0.4, -0.481906, 0.381472, 0.788826, -0.0, 0.0, 0.0, 0.0, 1.0],
                [0.876154, 0.198505, 0.43926, 0.0, 0.01098, 0.902815, -0.429889, 0.4, -0.481906, 0.381472, 0.788826, -0.0, 0.0, 0.0, 0.0, 1.0]
            ]
        },
        {
            "name": "Shoulder_R",
            "time": [0.0, 0.1167, 0.2333, 0.4166],
            "transform": [
                [0.54033, 0.782166, 0.310257, -0.0, -0.021693, -0.355645, 0.934369, 0.4, 0.841173, -0.511599, -0.175198, -0.0, 0.0, 0.0, 0.0, 1.0],
                [0.592352, 0.744108, 0.308903, -0.0, -0.029624, -0.363032, 0.931306, 0.4, 0.805134, -0.560812, -0.192999, 0.0, 0.0, 0.0, 0.0, 1.0],
                [-0.225672, 0.887449, 0.401879, 0.0, 0.065935, -0.397661, 0.91516, 0.4, 0.97197, 0.233024, 0.031227, -0.0, 0.0, 0.0, 0.0, 1.0],
                [-0.225672, 0.887449, 0.401879, 0.0, 0.065935, -0.397661, 0.91516, 0.4, 0.97197, 0.233024, 0.031227, -0.0, 0.0, 0.0, 0.0, 1.0]
            ]
        },
        {
            "name": "Arm_R",
            "time": [0.0, 0.1167, 0.2333, 0.4166],