{
    "animation": [
        {
            "name": "Root",
            "time": [0.0, 0.2, 0.25, 0.3167, 0.4, 0.75],
            "transform": [
                [0.991405, -0.000809, -0.130828, -5e-06, -0.130828, -0.012317, -0.991329, 0.000946, -0.000809, 0.999924, -0.012317, 0.708473, 0.0, 0.0, 0.0, 1.0],
                [0.999915, -0.000103, -0.013033, -5e-06, -0.013033, -0.015787, -0.99979, 0.000946, -0.000103, 0.999875, -0.015787, 0.671205, 0.0, 0.0, 0.0, 1.0],
                [1.0, 0.0, 0.0, -5e-06, 0.0, -0.016164, -0.999869, 0.000946, 0.0, 0.999869, -0.016164, 0.667064, 0.0, 0.0, 0.0, 1.0],
                [1.0, 0.0, 0.0, -5e-06, 0.0, 0.36263, -0.931933, 2.827107, 0.0, 0.931933, 0.36263, 0.585734, 0.0, 0.0, 0.0, 1.0],
                [1.0, 0.0, 0.0, -5e-06, 0.0, 0.386124, -0.922447, 3.013179, 0.0, 0.922447, 0.386124, 0.581822, 0.0, 0.0, 0.0, 1.0],
                [1.0, 0.0, 0.0, -5e-06, 0.0, 0.386124, -0.922447, 3.013179, 0.0, 0.922447, 0.386124, 0.581822, 0.0, 0.0, 0.0, 1.0]
            ]
        },
        {
            "name": "Thigh_R",
            "time": [0.0, 0.2, 0.25, 0.3167, 0.4, 0.75],
            "transform": [
                [0.992628, -0.000124, -0.121199, 0.124994, 0.007844, -0.997835, 0.065263, -0.002831, -0.120945, -0.065732, -0.990481, -1.2e-05, 0.0, 0.0, 0.0, 1.0],
                [0.999974, 0.007024, 0.001372, 0.124994, 0.007118, -0.95596, -0.293403, -0.002831, -0.000749, 0.293405, -0.955988, -1.2e-05, 0.0, 0.0, 0.0, 1.0],
                [0.999876, 0.005065, 0.014897, 0.124994, 0.009717, -0.943428, -0.331429, -0.002831, 0.012376, 0.331533, -0.943363, -1.2e-05, 0.0, 0.0, 0.0, 1.0],
                [0.999876, 0.002647, 0.015516, 0.124994, 0.007404, -0.948974, -0.315261, -0.002831, 0.013889, 0.315337, -0.948878, -1.1e-05, 0.0, 0.0, 0.0, 1.0],
                [0.999876, 0.002498, 0.015492, 0.124994, 0.007241, -0.949329, -0.314194, -0.002831, 0.013922, 0.314267, -0.949233, -1.1e-05, 0.0, 0.0, 0.0, 1.0],
                [0.999876, 0.002498, 0.015492, 0.124994, 0.007241, -0.949329, -0.314194, -0.002831, 0.013922, 0.314267, -0.949233, -1.1e-05, 0.0, 0.0, 0.0, 1.0]
            ]
        },
        {
            "name": "Leg_R",
            "time": [0.0, 0.2, 0.25, 0.3167, 0.4, 0.75],
            "transform": [
                [1.0, -1e-06, 3e-06, -0.0, -1e-06, 0.806748, 0.590896, 0.37472, -3e-06, -0.590897, 0.806747, -0.0, 0.0, 0.0, 0.0, 1.0],
                [1.0, -0.0, 2e-06, -0.0, -1e-06, 0.932273, 0.361757, 0.37472, -2e-06, -0.361757, 0.932272, -0.0, 0.0, 0.0, 0.0, 1.0],
                [1.0, -0.0, 2e-06, 0.0, -0.0, 0.942381, 0.334543, 0.37472, -2e-06, -0.334544, 0.942379, 0.0, 0.0, 0.0, 0.0, 1.0],
                [1.0, -0.0, 2e-06, -0.0, 0.0, 0.999693, 0.024821, 0.37472, -2e-06, -0.024821, 0.999691, -0.0, 0.0, 0.0, 0.0, 1.0],
                [1.0, -0.0, 1e-06, 0.0, 0.0, 0.999943, 0.010687, 0.37472, -1e-06, -0.010687, 0.999942, 0.0, 0.0, 0.0, 0.0, 1.0],
                [1.0, -0.0, 1e-06, 0.0, 0.0, 0.999943, 0.010687, 0.37472, -1e-06, -0.010687, 0.999942, 0.0, 0.0, 0.0, 0.0, 1.0]
            ]
        },
        {
            "name": "Knee_R",
            "time": [0.0, 0.75],
            "transform": [
                [1.0, 0.0, -0.0, -0.0, -0.0, 1e-06, -1.0, 0.37472, -0.0, 1.0, 1e-06, -0.0, 0.0, 0.0, 0.0, 1.0],
                [1.0, 0.0, -0.0, 0.0, -0.0, 1e-06, -1.0, 0.37472, -0.0, 1.0, 1e-06, 0.0, 0.0, 0.0, 0.0, 1.0]
            ]
        },
        {
            "name": "Thigh_L",
            "time": [0.0, 0.2, 0.25, 0.3167, 0.4, 0.75],
            "transform": [
                [0.991497, -0.065658, -0.112348, -0.125006, -9.5e-05, -0.863736, 0.503944, -0.002831, -0.130127, -0.499648, -0.856399, -1.2e-05, 0.0, 0.0, 0.0, 1.0],
                [0.999886, -0.00641, -0.013684, -0.125006, 0.00401, -0.760563, 0.649251, -0.002831, -0.01457, -0.649232, -0.760451, -1.2e-05, 0.0, 0.0, 0.0, 1.0],
                [0.999993, 0.001245, -0.0034, -0.125006, 0.003189, -0.747569, 0.664177, -0.002831, -0.001715, -0.664183, -0.747568, -1.2e-05, 0.0, 0.0, 0.0, 1.0],
                [0.999996, 0.002701, -0.000332, -0.125006, 0.000789, -0.17072, 0.985319, -0.002831, 0.002604, -0.985316, -0.170722, -1.1e-05, 0.0, 0.0, 0.0, 1.0],
                [0.999996, 0.002771, -0.000272, -0.125006, 0.000652, -0.138184, 0.990406, -0.002831, 0.002706, -0.990403, -0.138186, -1.1e-05, 0.0, 0.0, 0.0, 1.0],
                [0.999996, 0.002771, -0.000272, -0.125006, 0.000652, -0.138184, 0.990406, -0.002831, 0.002706, -0.990403, -0.138186, -1.1e-05, 0.0, 0.0, 0.0, 1.0]
            ]
        },
        {
            "name": "Leg_L",
            "time": [0.0, 0.2, 0.25, 0.3167, 0.4, 0.75],
            "transform": [
                [1.0, -1e-06, 3e-06, 0.0, -1e-06, 0.776408, 0.63023, 0.37472, -3e-06, -0.63023, 0.776409, 0.0, 0.0, 0.0, 0.0, 1.0],
                [1.0, -1e-06, 8e-06, 0.0, -5e-06, 0.74629, 0.665621, 0.37472, -7e-06, -0.665621, 0.746291, 0.0, 0.0, 0.0, 0.0, 1.0],
                [1.0, -1e-06, 9e-06, 0.0, -6e-06, 0.742843, 0.669466, 0.37472, -7e-06, -0.669465, 0.742844, -0.0, 0.0, 0.0, 0.0, 1.0],
                [1.0, -1e-06, 3.6e-05, 0.0, -3e-05, 0.533218, 0.845978, 0.37472, -2e-05, -0.845978, 0.533218, -0.0, 0.0, 0.0, 0.0, 1.0],
                [1.0, -1e-06, 3.7e-05, -0.0, -3.1e-05, 0.520906, 0.853614, 0.374721, -2e-05, -0.853614, 0.520906, 0.0, 0.0, 0.0, 0.0, 1.0],
                [1.0, -1e-06, 3.7e-05, -0.0, -3.1e-05, 0.520906, 0.853614, 0.374721, -2e-05, -0.853614, 0.520906, 0.0, 0.0, 0.0, 0.0, 1.0]
            ]
        },
        {
            "name": "Knee_L",
            "time": [0.0, 0.75],
            "transform": [
                [1.0, 0.0, -0.0, 0.0, -0.0, 1e-06, -1.0, 0.399133, -0.0, 1.0, 1e-06, 0.0, 0.0, 0.0, 0.0, 1.0],
                [1.0, 0.0, -0.0, 0.0, -0.0, 1e-06, -1.0, 0.399134, -0.0, 1.0, 1e-06, 0.0, 0.0, 0.0, 0.0, 1.0]
            ]
        },
        {
            "name": "Torso",
            "time": [0.0, 0.2, 0.25, 0.75],
            "transform": [
                [0.999987, -0.005066, -1.1e-05, 0.0, 0.005066, 0.999977, 0.004528, 0.05, -1.2e-05, -0.004528, 0.99999, 0.0, 0.0, 0.0, 0.0, 1.0],
                [1.0, -0.000507, -0.0, 0.0, 0.000507, 1.0, 0.000453, 0.05, -0.0, -0.000453, 1.0, -0.0, 0.0, 0.0, 0.0, 1.0],
                [1.0, 0.0, 0.0, 0.0, 0.0, 1.0, 0.0, 0.05, 0.0, 0.0, 1.0, -0.0, 0.0, 0.0, 0.0, 1.0],
                [1.0, 0.0, 0.0, 0.0, 0.0, 1.0, 0.0, 0.05, 0.0, 0.0, 1.0, 0.0, 0.0, 0.0, 0.0, 1.0]
            ]
        },
        {
            "name": "Chest",
            "time": [0.0, 0.2, 0.25, 0.3167, 0.4, 0.75],
            "transform": [
                [0.999987, -0.005171, 0.000198, 0.0, 0.005171, 0.997063, -0.07641, 0.3, 0.000198, 0.07641, 0.997076, -0.0, 0.0, 0.0, 0.0, 1.0],
                [1.0, -0.000517, 2.7e-05, 0.0, 0.000517, 0.994606, -0.103727, 0.3, 2.7e-05, 0.103727, 0.994606, -0.0, 0.0, 0.0, 0.0, 1.0],
                [1.0, 0.0, 0.0, 0.0, 0.0, 0.994285, -0.106757, 0.3, 0.0, 0.106757, 0.994285, -0.0, 0.0, 0.0, 0.0, 1.0],
                [1.0, 0.0, 0.0, 0.0, 0.0, 0.996255, 0.086464, 0.3, 0.0, -0.086464, 0.996255, 0.0, 0.0, 0.0, 0.0, 1.0],
                [1.0, 0.0, -0.0, 0.0, 0.0, 0.995074, 0.099132, 0.3, 0.0, -0.099132, 0.995074, -0.0, 0.0, 0.0, 0.0, 1.0],
                [1.0, 0.0, -0.0, 0.0, 0.0, 0.995074, 0.099132, 0.3, 0.0, -0.099132, 0.995074, -0.0, 0.0, 0.0, 0.0, 1.0]
            ]
        },
        {
            "name": "Head",
            "time": [0.0, 0.2, 0.25, 0.3167, 0.4, 0.75],