{
    "animation": [
        {
            "name": "Root",
            "time": [0.0, 0.05, 0.0833, 0.1667, 0.2333, 0.4166],
            "transform": [
                [0.993506, -0.021272, -0.11177, -5e-06, -0.109265, 0.095488, -0.989416, 0.698907, 0.031719, 0.995203, 0.092544, 0.715859, 0.0, 0.0, 0.0, 1.0],
                [0.954235, -0.076247, 0.289174, -5e-06, 0.298177, 0.168441, -0.939531, 0.99482, 0.022928, 0.982758, 0.183467, 0.659285, 0.0, 0.0, 0.0, 1.0],
                [0.946365, -0.080458, 0.312921, -5e-06, 0.322408, 0.171854, -0.93087, 0.995957, 0.021119, 0.981831, 0.188577, 0.65556, 0.0, 0.0, 0.0, 1.0],
                [0.992992, -0.003632, -0.118126, -5e-06, -0.11805, 0.016592, -0.992869, 0.995957, 0.005566, 0.999856, 0.016047, 0.65556, 0.0, 0.0, 0.0, 1.0],
                [0.987027, 0.0, -0.160557, -5e-06, -0.160557, 0.0, -0.987027, 0.997361, 0.0, 1.0, 0.0, 0.65556, 0.0, 0.0, 0.0, 1.0],
                [0.987027, 0.0, -0.160557, -5e-06, -0.160557, 0.0, -0.987027, 0.997361, 0.0, 1.0, 0.0, 0.65556, 0.0, 0.0, 0.0, 1.0]
            ]
        },
        {
            "name": "Thigh_R",
            "time": [0.0, 0.05, 0.0833, 0.1667, 0.2333, 0.4166],
            "transform": [
                [0.99367, 0.01645, 0.111122, 0.124994, 0.042775, -0.970101, -0.238895, -0.002831, 0.10387, 0.242137, -0.964666, -1.2e-05, 0.0, 0.0, 0.0, 1.0],
                [0.948428, -0.094744, 0.3025, 0.124994, -0.073938, -0.994084, -0.079532, -0.002831, 0.308247, 0.053064, -0.949826, -1.2e-05, 0.0, 0.0, 0.0, 1.0],
                [0.943631, -0.099135, 0.315805, 0.124994, -0.08426, -0.994606, -0.060449, -0.002831, 0.320095, 0.030432, -0.946897, -1.2e-05, 0.0, 0.0, 0.0, 1.0],
                [0.993604, 5.4e-05, -0.112921, 0.127485, -0.001886, -0.99985, -0.017074, -0.00284, -0.112905, 0.017178, -0.993458, -0.000308, 0.0, 0.0, 0.0, 1.0],
                [0.989096, -0.0006, -0.147269, 0.132209, -0.002501, -0.999914, -0.012723, -0.002831, -0.147249, 0.012953, -0.989015, -0.001185, 0.0, 0.0, 0.0, 1.0],
                [0.989096, -0.0006, -0.147269, 0.132209, -0.002501, -0.999914, -0.012723, -0.002831, -0.147249, 0.012953, -0.989015, -0.001185, 0.0, 0.0, 0.0, 1.0]
            ]
        },
        {
            "name": "Leg_R",
            "time": [0.0, 0.05, 0.0833, 0.1667, 0.2333, 0.4166],
            "transform": [
                [1.0, -0.0, 1e-06, 0.0, 0.0, 0.999945, 0.010529, 0.37472, -1e-06, -0.010529, 0.999944, 0.0, 0.0, 0.0, 0.0, 1.0],
                [1.0, -0.0, 1e-06, -0.0, 0.0, 0.913637, 0.406532, 0.37472, -1e-06, -0.406533, 0.913636, 0.0, 0.0, 0.0, 0.0, 1.0],
                [1.0, -0.0, 1e-06, 0.0, -0.0, 0.87584, 0.482602, 0.37472, -1e-06, -0.482603, 0.875839, 0.0, 0.0, 0.0, 0.0, 1.0],
                [1.0, -0.0, 1e-06, 0.0, -0.0, 0.742026, 0.670372, 0.37472, -1e-06, -0.670373, 0.742024, 0.0, 0.0, 0.0, 0.0, 1.0],
                [1.0, -0.0, 1e-06, 0.0, -0.0, 0.732257, 0.681029, 0.37472, -1e-06, -0.68103, 0.732256, 0.0, 0.0, 0.0, 0.0, 1.0],
                [1.0, -0.0, 1e-06, 0.0, -0.0, 0.732257, 0.681029, 0.37472, -1e-06, -0.68103, 0.732256, 0.0, 0.0, 0.0, 0.0, 1.0]
            ]
        },
        {
            "name": "Knee_R",
            "time": [0.0, 0.05, 0.0833, 0.1667, 0.2333, 0.4166],
            "transform": [
                [1.0, 0.0, -0.0, 0.0, -0.0, 1e-06, -1.0, 0.37472, -0.0, 1.0, 1e-06, 0.0, 0.0, 0.0, 0.0, 1.0],
                [1.0, 0.0, -0.0, -0.0, -0.0, 1e-06, -1.0, 0.382327, -0.0, 1.0, 1e-06, -0.0, 0.0, 0.0, 0.0, 1.0],
                [1.0, 0.0, -0.0, 0.0, -0.0, 1e-06, -1.0, 0.38574, -0.0, 1.0, 1e-06, -0.0, 0.0, 0.0, 0.0, 1.0],
                [1.0, 0.0, -0.0, 0.0, -0.0, 1e-06, -1.0, 0.405528, -0.0, 1.0, 1e-06, 0.0, 0.0, 0.0, 0.0, 1.0],
                [1.0, 0.0, -0.0, 0.0, -0.0, 1e-06, -1.0, 0.406932, -0.0, 1.0, 1e-06, -0.0, 0.0, 0.0, 0.0, 1.0],
                [1.0, 0.0, -0.0, 0.0, -0.0, 1e-06, -1.0, 0.406932, -0.0, 1.0, 1e-06, -0.0, 0.0, 0.0, 0.0, 1.0]
            ]
        },
        {
            "name": "Thigh_L",
            "time": [0.0, 0.05, 0.0833, 0.1667, 0.2333, 0.4166],
            "transform": [
                [0.992462, -0.091194, -0.081874, -0.125006, -0.018414, -0.771441, 0.636034, -0.002831, -0.121163, -0.629731, -0.767306, -1.2e-05, 0.0, 0.0, 0.0, 1.0],
                [0.954044, 0.190412, 0.231393, -0.125006, -0.08196, -0.576926, 0.812674, -0.002831, 0.28824, -0.794292, -0.534807, -1.2e-05, 0.0, 0.0, 0.0, 1.0],
                [0.945481, 0.210984, 0.248096, -0.125006, -0.089771, -0.563437, 0.821267, -0.002831, 0.313061, -0.798764, -0.513779, -1.2e-05, 0.0, 0.0, 0.0, 1.0],
                [0.991994, -0.090853, -0.087708, -0.134971, -0.001094, -0.700701, 0.713454, -0.002794, -0.126277, -0.707646, -0.695191, 0.001174, 0.0, 0.0, 0.0, 1.0],
                [0.985521, -0.118706, -0.121065, -0.132221, 4.5e-05, -0.713847, 0.700301, -0.002831, -0.169552, -0.690167, -0.703507, 0.001162, 0.0, 0.0, 0.0, 1.0],
                [0.985521, -0.118706, -0.121065, -0.132221, 4.5e-05, -0.713847, 0.700301, -0.002831, -0.169552, -0.690167, -0.703507, 0.001162, 0.0, 0.0, 0.0, 1.0]
            ]
        },
        {
            "name": "Leg_L",
            "time": [0.0, 0.05, 0.0833, 0.1667, 0.2333, 0.4166],
            "transform": [
                [1.0, -1e-06, 1e-06, 0.0, -0.0, 0.507334, 0.86175, 0.37472, -1e-06, -0.861749, 0.507334, -0.0, 0.0, 0.0, 0.0, 1.0],
                [1.0, -1e-06, 1e-06, 0.0, -0.0, 0.704069, 0.710132, 0.37472, -1e-06, -0.710131, 0.704069, 0.0, 0.0, 0.0, 0.0, 1.0],
                [1.0, -0.0, 1e-06, 0.0, -0.0, 0.715587, 0.698524, 0.37472, -1e-06, -0.698523, 0.715587, -0.0, 0.0, 0.0, 0.0, 1.0],
                [1.0, -1e-06, 1e-06, 0.0, -0.0, 0.629594, 0.776924, 0.37472, -1e-06, -0.776924, 0.629595, 0.0, 0.0, 0.0, 0.0, 1.0],
                [1.0, -1e-06, 1e-06, -0.0, -0.0, 0.620734, 0.784022, 0.37472, -1e-06, -0.784021, 0.620734, 0.0, 0.0, 0.0, 0.0, 1.0],
                [1.0, -1e-06, 1e-06, -0.0, -0.0, 0.620734, 0.784022, 0.37472, -1e-06, -0.784021, 0.620734, 0.0, 0.0, 0.0, 0.0, 1.0]
            ]
        },
        {
            "name": "Knee_L",
            "time": [0.0, 0.05, 0.0833, 0.1667, 0.2333, 0.4166],
            "transform": [
                [1.0, 0.0, -0.0, 0.0, -0.0, 1e-06, -1.0, 0.425988, -0.0, 1.0, 1e-06, -0.0, 0.0, 0.0, 0.0, 1.0],
                [1.0, 0.0, -0.0, 0.0, -0.0, 1e-06, -1.0, 0.400951, -0.0, 1.0, 1e-06, 0.0, 0.0, 0.0, 0.0, 1.0],
                [1.0, 0.0, -0.0, 0.0, -0.0, 1e-06, -1.0, 0.399303, -0.0, 1.0, 1e-06, 0.0, 0.0, 0.0, 0.0, 1.0],
                [1.0, 0.0, -0.0, 0.0, -0.0, 1e-06, -1.0, 0.406254, -0.0, 1.0, 1e-06, 0.0, 0.0, 0.0, 0.0, 1.0],
                [1.0, 0.0, -0.0, 0.0, -0.0, 1e-06, -1.0, 0.406932, -0.0, 1.0, 1e-06, 0.0, 0.0, 0.0, 0.0, 1.0],
                [1.0, 0.0, -0.0, 0.0, -0.0, 1e-06, -1.0, 0.406932, -0.0, 1.0, 1e-06, 0.0, 0.0, 0.0, 0.0, 1.0]
            ]
        },
        {
            "name": "Torso",
            "time": [0.0, 0.05, 0.0833, 0.1667, 0.2333, 0.4166],
            "transform": [
                [0.99978, -0.020971, -0.000197, -0.0, 0.020971, 0.999603, 0.01883, 0.05, -0.000198, -0.01883, 0.999823, -0.0, 0.0, 0.0, 0.0, 1.0],
                [0.99978, -0.020971, -0.000197, -0.0, 0.020971, 0.999603, 0.018833, 0.05, -0.000198, -0.018833, 0.999823, 0.0, 0.0, 0.0, 0.0, 1.0],
                [0.99978, -0.020971, -0.000197, 0.0, 0.020971, 0.999603, 0.018833, 0.05, -0.000198, -0.018833, 0.999823, -0.0, 0.0, 0.0, 0.0, 1.0],
                [0.999998, -0.001864, -1e-06, 0.0, 0.001864, 0.999997, 0.001674, 0.05, -2e-06, -0.001674, 0.999999, 0.0, 0.0, 0.0, 0.0, 1.0],
                [1.0, -0.0, 0.0, 0.0, 0.0, 1.0, 0.0, 0.05, 0.0, 0.0, 1.0, 0.0, 0.0, 0.0, 0.0, 1.0],
                [1.0, -0.0, 0.0, 0.0, 0.0, 1.0, 0.0, 0.05, 0.0, 0.0, 1.0, 0.0, 0.0, 0.0, 0.0, 1.0]
            ]
        },
        {
            "name": "Chest",
            "time": [0.0, 0.0833, 0.1667, 0.2333, 0.4166],