{
    "animation": [
        {
            "name": "Root",
            "time": [0.0, 0.0667, 0.15, 0.3333, 0.5],
            "transform": [
                [0.762638, -0.062664, -0.643783, -5e-06, -0.637586, 0.094804, -0.764524, 0.298834, 0.108941, 0.993522, 0.032347, 0.736026, 0.0, 0.0, 0.0, 1.0],
                [0.019739, -0.027388, -0.99943, -5e-06, -0.999796, 0.003792, -0.01985, 0.756211, 0.004334, 0.999618, -0.027307, 0.717713, 0.0, 0.0, 0.0, 1.0],
                [-0.124508, -0.032667, -0.991681, -5e-06, -0.975583, 0.186279, 0.116351, 0.653757, 0.180929, 0.981954, -0.055063, 0.703837, 0.0, 0.0, 0.0, 1.0],
                [0.294038, -0.02726, -0.955405, -5e-06, -0.954659, 0.040316, -0.294958, 0.682969, 0.046559, 0.998815, -0.01417, 0.703837, 0.0, 0.0, 0.0, 1.0],
                [0.294038, -0.02726, -0.955405, -5e-06, -0.954659, 0.040316, -0.294958, 0.682969, 0.046559, 0.998815, -0.01417, 0.703837, 0.0, 0.0, 0.0, 1.0]
            ]
        },
        {
            "name": "Thigh_R",
            "time": [0.0, 0.0667, 0.15, 0.3333, 0.5],
            "transform": [
                [0.992118, 0.063852, 0.107817, 0.124995, 0.084162, -0.977018, -0.195833, -0.002831, 0.092835, 0.203364, -0.974691, -1.2e-05, 0.0, 0.0, 0.0, 1.0],
                [0.812984, 0.47088, -0.342531, 0.124995, 0.455928, -0.880682, -0.128556, -0.002831, -0.362196, -0.051655, -0.930669, -1.2e-05, 0.0, 0.0, 0.0, 1.0],
                [0.946473, 0.194924, -0.257281, 0.124994, 0.18767, -0.980816, -0.052707, -0.002831, -0.26262, 0.001602, -0.964897, -1.2e-05, 0.0, 0.0, 0.0, 1.0],
                [0.936082, 0.313991, -0.158617, 0.124992, 0.2789, -0.937222, -0.20935, -0.00283, -0.214394, 0.151731, -0.964889, -1.2e-05, 0.0, 0.0, 0.0, 1.0],
                [0.936082, 0.313991, -0.158617, 0.124992, 0.2789, -0.937222, -0.20935, -0.00283, -0.214394, 0.151731, -0.964889, -1.2e-05, 0.0, 0.0, 0.0, 1.0]
            ]
        },
        {
            "name": "Leg_R",
            "time": [0.0, 0.0667, 0.15, 0.3333, 0.5],
            "transform": [
                [1.0, -0.0, 1e-06, 0.0, 0.0, 0.999957, 0.009316, 0.37472, -1e-06, -0.009316, 0.999956, 0.0, 0.0, 0.0, 0.0, 1.0],
                [1.0, -0.0, 1e-06, -0.0, -0.0, 0.999947, 0.010415, 0.37472, -1e-06, -0.010415, 0.999945, -0.0, 0.0, 0.0, 0.0, 1.0],
                [1.0, -0.0, 1e-06, -0.0, 0.0, 0.999948, 0.010242, 0.37472, -1e-06, -0.010242, 0.999947, -0.0, 0.0, 0.0, 0.0, 1.0],
                [1.0, -0.0, 1e-06, 0.0, 0.0, 0.999957, 0.009386, 0.37472, -1e-06, -0.009386, 0.999955, 0.0, 0.0, 0.0, 0.0, 1.0],
                [1.0, -0.0, 1e-06, 0.0, 0.0, 0.999957, 0.009386, 0.37472, -1e-06, -0.009386, 0.999955, 0.0, 0.0, 0.0, 0.0, 1.0]
            ]
        },
        {
            "name": "Knee_R",
            "time": [0.0, 0.5],
            "transform": [
                [1.0, 0.0, -0.0, 0.0, -0.0, 1e-06, -1.0, 0.37472, -0.0, 1.0, 1e-06, 0.0, 0.0, 0.0, 0.0, 1.0],
                [1.0, 0.0, -0.0, 0.0, -0.0, 1e-06, -1.0, 0.37472, -0.0, 1.0, 1e-06, 0.0, 0.0, 0.0, 0.0, 1.0]
            ]
        },
        {
            "name": "Thigh_L",
            "time": [0.0, 0.0667, 0.15, 0.3333, 0.5],
            "transform": [
                [0.805693, -0.395069, -0.441337, -0.125006, -0.088522, -0.817024, 0.569767, -0.002831, -0.585681, -0.419988, -0.693244, -1.2e-05, 0.0, 0.0, 0.0, 1.0],
                [0.617215, -0.46507, -0.63463, -0.125006, -0.169619, -0.866286, 0.469868, -0.002831, -0.768293, -0.182363, -0.61357, -1.2e-05, 0.0, 0.0, 0.0, 1.0],
                [0.559195, -0.682606, -0.470478, -0.125006, -0.366846, -0.712654, 0.597952, -0.002831, -0.743454, -0.161779, -0.648925, -1.2e-05, 0.0, 0.0, 0.0, 1.0],
                [0.565635, -0.519516, -0.640436, -0.125005, -0.060199, -0.800551, 0.596232, -0.002831, -0.822455, -0.298696, -0.484095, -1.1e-05, 0.0, 0.0, 0.0, 1.0],
                [0.565635, -0.519516, -0.640436, -0.125005, -0.060199, -0.800551, 0.596232, -0.002831, -0.822455, -0.298696, -0.484095, -1.1e-05, 0.0, 0.0, 0.0, 1.0]
            ]
        },
        {
            "name": "Leg_L",
            "time": [0.0, 0.0667, 0.15, 0.3333, 0.5],
            "transform": [
                [1.0, -1e-06, 9e-06, -0.0, -8e-06, 0.363504, 0.931593, 0.37472, -4e-06, -0.931592, 0.363504, -0.0, 0.0, 0.0, 0.0, 1.0],
                [1.0, -1e-06, 1e-06, -0.0, 0.0, 0.659965, 0.751296, 0.37472, -1e-06, -0.751296, 0.659965, 0.0, 0.0, 0.0, 0.0, 1.0],
                [1.0, -1e-06, 3.5e-05, -0.0, -2.4e-05, 0.722784, 0.691074, 0.37472, -2.6e-05, -0.691073, 0.722785, 0.0, 0.0, 0.0, 0.0, 1.0],
                [1.0, -1e-06, 1.8e-05, 0.0, -1e-05, 0.814755, 0.579805, 0.37472, -1.5e-05, -0.579805, 0.814756, -0.0, 0.0, 0.0, 0.0, 1.0],
                [1.0, -1e-06, 1.8e-05, 0.0, -1e-05, 0.814755, 0.579805, 0.37472, -1.5e-05, -0.579805, 0.814756, -0.0, 0.0, 0.0, 0.0, 1.0]
            ]
        },
        {
            "name": "Knee_L",
            "time": [0.0, 0.0667, 0.15, 0.3333, 0.5],
            "transform": [
                [1.0, 0.0, -0.0, 0.0, -0.0, 1e-06, -1.0, 0.439709, -0.0, 1.0, 1e-06, 0.0, 0.0, 0.0, 0.0, 1.0],
                [1.0, 0.0, -0.0, -0.0, -0.0, 1e-06, -1.0, 0.407271, -0.0, 1.0, 1e-06, 0.0, 0.0, 0.0, 0.0, 1.0],
                [1.0, 0.0, -0.0, -0.0, -0.0, 1e-06, -1.0, 0.407271, -0.0, 1.0, 1e-06, 0.0, 0.0, 0.0, 0.0, 1.0],
                [1.0, 0.0, -0.0, 0.0, -0.0, 1e-06, -1.0, 0.398031, -0.0, 1.0, 1e-06, -0.0, 0.0, 0.0, 0.0, 1.0],
                [1.0, 0.0, -0.0, 0.0, -0.0, 1e-06, -1.0, 0.398031, -0.0, 1.0, 1e-06, -0.0, 0.0, 0.0, 0.0, 1.0]
            ]
        },
        {
            "name": "Torso",
            "time": [0.0, 0.0667, 0.15, 0.3333, 0.5],
            "transform": [
                [0.968593, -0.012694, 0.248327, 0.0, 0.012284, 0.999919, 0.003201, 0.05, -0.248348, -5e-05, 0.968671, -0.0, 0.0, 0.0, 0.0, 1.0],
                [0.999721, -0.00119, 0.023603, -0.0, 0.00119, 0.999999, 4.6e-05, 0.05, -0.023603, -1.8e-05, 0.999721, 0.0, 0.0, 0.0, 0.0, 1.0],
                [1.0, -0.0, -0.0, 0.0, 0.0, 1.0, -0.0, 0.05, 0.0, 0.0, 1.0, -0.0, 0.0, 0.0, 0.0, 1.0],
                [0.996102, -0.004443, 0.088103, 0.0, 0.004425, 0.99999, 0.0004, 0.05, -0.088104, -8e-06, 0.996111, 0.0, 0.0, 0.0, 0.0, 1.0],
                [0.996102, -0.004443, 0.088103, 0.0, 0.004425, 0.99999, 0.0004, 0.05, -0.088104, -8e-06, 0.996111, 0.0, 0.0, 0.0, 0.0, 1.0]
            ]
        },
        {
            "name": "Chest",
            "time": [0.0, 0.0667, 0.15, 0.3333, 0.5],
            "transform": [
                [0.994971, -0.044303, -0.089829, -0.0, 0.051228, 0.995767, 0.076309, 0.3, 0.086068, -0.080527, 0.99303, 0.0, 0.0, 0.0, 0.0, 1.0],
                [0.985684, -0.010324, -0.168285, -0.0, 0.016553, 0.999227, 0.035656, 0.3, 0.167786, -0.037931, 0.985093, 0.0, 0.0, 0.0, 0.0, 1.0],
                [0.984287, -0.006999, -0.176438, 0.0, 0.012771, 0.999419, 0.031601, 0.3, 0.176115, -0.033358, 0.983804, -0.0, 0.0, 0.0, 0.0, 1.0],
                [0.989121, -0.019706, -0.145778, -0.0, 0.026823, 0.998534, 0.047019, 0.3, 0.144638, -0.050418, 0.988199, 0.0, 0.0, 0.0, 0.0, 1.0],
                [0.989121, -0.019706, -0.145778, -0.0, 0.026823, 0.998534, 0.047019, 0.3, 0.144638, -0.050418, 0.988199, 0.0, 0.0, 0.0, 0.0, 1.0]
            ]
        },
        {
            "name": "Head",
            "time": [0.0, 0.0667, 0.15, 0.3333, 0.5],