{
    "animation": [
        {
            "name": "Root",
            "time": [0.0, 0.05, 0.1333, 0.2333, 0.5],
            "transform": [
                [0.998545, 0.0, 0.05393, -5e-06, 0.05393, 0.0, -0.998545, 0.297049, 0.0, 1.0, 0.0, 0.72379, 0.0, 0.0, 0.0, 1.0],
                [0.894249, 0.0, 0.447571, -5e-06, 0.447571, 0.0, -0.894249, 0.719061, 0.0, 1.0, 0.0, 0.690944, 0.0, 0.0, 0.0, 1.0],
                [0.968429, 0.0, 0.249291, -5e-06, 0.243447, 0.21526, -0.945725, 0.706741, -0.053662, 0.976557, 0.208464, 0.663337, 0.0, 0.0, 0.0, 1.0],
                [0.968429, 0.0, 0.249291, -5e-06, 0.24869, 0.069404, -0.966093, 0.699348, -0.017302, 0.997589, 0.067213, 0.670729, 0.0, 0.0, 0.0, 1.0],
                [0.968429, 0.0, 0.249291, -5e-06, 0.24869, 0.069404, -0.966093, 0.699348, -0.017302, 0.997589, 0.067213, 0.670729, 0.0, 0.0, 0.0, 1.0]
            ]
        },
        {
            "name": "Thigh_R",
            "time": [0.0, 0.05, 0.1333, 0.2333, 0.5],
            "transform": [
                [0.997559, 0.069342, -0.008221, 0.124994, 0.062193, -0.828775, 0.556113, -0.002831, 0.031748, -0.555267, -0.831065, -1.2e-05, 0.0, 0.0, 0.0, 1.0],
                [0.888137, 0.267785, 0.373502, 0.124994, -0.010553, -0.800606, 0.599096, -0.002831, 0.459458, -0.536021, -0.708223, -1.2e-05, 0.0, 0.0, 0.0, 1.0],
                [0.957875, 0.215832, 0.189453, 0.124986, -0.048801, -0.527762, 0.847988, -0.001382, 0.283009, -0.821512, -0.494997, 2e-05, 0.0, 0.0, 0.0, 1.0],
                [0.957661, 0.186717, 0.21914, 0.124994, -0.039735, -0.668164, 0.742951, -0.002831, 0.285144, -0.720202, -0.632456, -1.3e-05, 0.0, 0.0, 0.0, 1.0],
                [0.957661, 0.186717, 0.21914, 0.124994, -0.039735, -0.668164, 0.742951, -0.002831, 0.285144, -0.720202, -0.632456, -1.3e-05, 0.0, 0.0, 0.0, 1.0]
            ]
        },
        {
            "name": "Leg_R",
            "time": [0.0, 0.05, 0.1333, 0.2333, 0.5],
            "transform": [
                [1.0, -1e-06, 1e-06, -0.0, -1e-06, 0.300427, 0.953804, 0.37472, -1e-06, -0.953806, 0.300427, -0.0, 0.0, 0.0, 0.0, 1.0],
                [1.0, -0.0, 1e-06, -0.0, -0.0, 0.788529, 0.614998, 0.37472, -1e-06, -0.614999, 0.788528, -0.0, 0.0, 0.0, 0.0, 1.0],
                [1.0, -1e-06, 1e-05, 0.0, -7e-06, 0.695787, 0.718248, 0.37472, -8e-06, -0.718249, 0.695786, -0.0, 0.0, 0.0, 0.0, 1.0],
                [1.0, -1e-06, 5e-06, 0.0, -3e-06, 0.714197, 0.699945, 0.37472, -4e-06, -0.699946, 0.714196, -0.0, 0.0, 0.0, 0.0, 1.0],
                [1.0, -1e-06, 5e-06, 0.0, -3e-06, 0.714197, 0.699945, 0.37472, -4e-06, -0.699946, 0.714196, -0.0, 0.0, 0.0, 0.0, 1.0]
            ]
        },
        {
            "name": "Knee_R",
            "time": [0.0, 0.05, 0.1333, 0.5],
            "transform": [
                [1.0, 0.0, -0.0, 0.0, -0.0, 1e-06, -1.0, 0.446495, -0.0, 1.0, 1e-06, -0.0, 0.0, 0.0, 0.0, 1.0],
                [1.0, 0.0, -0.0, 0.0, -0.0, 1e-06, -1.0, 0.394217, -0.0, 1.0, 1e-06, -0.0, 0.0, 0.0, 0.0, 1.0],
                [1.0, 0.0, -0.0, -3e-06, -0.0, 1e-06, -1.0, 0.4036, -0.0, 1.0, 1e-06, -0.000589, 0.0, 0.0, 0.0, 1.0],
                [1.0, 0.0, -0.0, -3e-06, -0.0, 1e-06, -1.0, 0.4036, -0.0, 1.0, 1e-06, -0.000589, 0.0, 0.0, 0.0, 1.0]
            ]
        },
        {
            "name": "Thigh_L",
            "time": [0.0, 0.05, 0.1333, 0.2333, 0.5],
            "transform": [
                [0.843199, -0.034731, -0.536478, -0.125006, -0.22566, -0.928607, -0.29456, -0.002831, -0.487947, 0.369435, -0.790838, -1.2e-05, 0.0, 0.0, 0.0, 1.0],
                [0.75826, -0.209454, -0.617389, -0.125006, -0.400519, -0.896869, -0.187638, -0.002831, -0.514416, 0.389555, -0.763952, -1.2e-05, 0.0, 0.0, 0.0, 1.0],
                [0.707079, -0.086361, -0.701841, -0.125006, -0.212673, -0.972533, -0.094591, -0.002831, -0.674395, 0.216146, -0.706025, -1.2e-05, 0.0, 0.0, 0.0, 1.0],
                [0.695429, -0.125757, -0.707505, -0.125006, -0.347224, -0.920805, -0.177627, -0.002831, -0.629137, 0.36919, -0.684021, -1.2e-05, 0.0, 0.0, 0.0, 1.0],
                [0.695429, -0.125757, -0.707505, -0.125006, -0.347224, -0.920805, -0.177627, -0.002831, -0.629137, 0.36919, -0.684021, -1.2e-05, 0.0, 0.0, 0.0, 1.0]
            ]
        },
        {
            "name": "Leg_L",
            "time": [0.0, 0.05, 0.5],
            "transform": [
                [1.0, -0.0, 2e-06, 0.0, 0.0, 0.999957, 0.009245, 0.37472, -2e-06, -0.009245, 0.999958, 0.0, 0.0, 0.0, 0.0, 1.0],
                [1.0, 0.0, 1e-06, -0.0, -0.0, 0.999946, 0.010398, 0.37472, -1e-06, -0.010398, 0.999946, 0.0, 0.0, 0.0, 0.0, 1.0],
                [1.0, 0.0, 1e-06, 0.0, -0.0, 0.999946, 0.010398, 0.37472, -1e-06, -0.010398, 0.999946, 0.0, 0.0, 0.0, 0.0, 1.0]
            ]
        },
        {
            "name": "Knee_L",
            "time": [0.0, 0.5],
            "transform": [
                [1.0, 0.0, -0.0, 0.0, -0.0, 1e-06, -1.0, 0.37472, -0.0, 1.0, 1e-06, 0.0, 0.0, 0.0, 0.0, 1.0],
                [1.0, 0.0, -0.0, 0.0, -0.0, 1e-06, -1.0, 0.37472, 0.0, 1.0, 1e-06, 0.0, 0.0, 0.0, 0.0, 1.0]
            ]
        },
        {
            "name": "Torso",
            "time": [0.0, 0.05, 0.1333, 0.5],
            "transform": [
                [0.968217, -0.025002, 0.248858, -0.0, 0.020971, 0.999603, 0.018833, 0.05, -0.24923, -0.013016, 0.968357, -0.0, 0.0, 0.0, 0.0, 1.0],
                [0.873947, 0.027909, 0.485219, -0.0, -0.081047, 0.99274, 0.088875, 0.05, -0.479216, -0.116998, 0.869864, 0.0, 0.0, 0.0, 0.0, 1.0],
                [0.875617, -0.027456, 0.482226, -0.0, 0.020971, 0.999603, 0.018833, 0.05, -0.482551, -0.006378, 0.875845, -0.0, 0.0, 0.0, 0.0, 1.0],
                [0.875617, -0.027456, 0.482226, 0.0, 0.020971, 0.999603, 0.018833, 0.05, -0.482551, -0.006378, 0.875845, 0.0, 0.0, 0.0, 0.0, 1.0]
            ]
        },
        {
            "name": "Chest",
            "time": [0.0, 0.05, 0.1333, 0.5],
            "transform": [
                [0.967129, -0.130449, 0.218277, -0.0, 0.113784, 0.989662, 0.087303, 0.3, -0.227409, -0.059596, 0.971974, 0.0, 0.0, 0.0, 0.0, 1.0],
                [0.99633, -0.085481, -0.004333, -0.0, 0.085357, 0.988603, 0.124004, 0.3, -0.006316, -0.123919, 0.992272, -0.0, 0.0, 0.0, 0.0, 1.0],
                [0.99633, -0.085481, -0.004333, -0.0, 0.085357, 0.988604, 0.124005, 0.3, -0.006316, -0.12392, 0.992272, 0.0, 0.0, 0.0, 0.0, 1.0],
                [0.99633, -0.085481, -0.004333, -0.0, 0.085357, 0.988604, 0.124005, 0.3, -0.006316, -0.12392, 0.992272, -0.0, 0.0, 0.0, 0.0, 1.0]
            ]
        },
        {
            "name": "Head",
            "time": [0.0, 0.05, 0.1333, 0.2333, 0.5],
            "transform": [
                [0.823498, 0.139178, -0.549983, 0.0, -0.173283, 0.984819, -0.010242, 0.4, 0.540208, 0.103737, 0.835113, -0.0, 0.0, 0.0, 0.0, 1.0],
                [0.68271, 0.03587, -0.729809, -0.0, -0.172191, 0.978563, -0.112982, 0.4, 0.710111, 0.2028, 0.674251, -0.0, 0.0, 0.0, 0.0, 1.0],
                [0.718699, -0.033016, -0.694537, 0.0, -0.190028, 0.951518, -0.241872, 0.4, 0.668851, 0.305815, 0.677581, -0.0, 0.0, 0.0, 0.0, 1.0],
                [0.719267, 0.06898, -0.6913, 0.0, -0.190319, 0.976557, -0.100574, 0.4, 0.668157, 0.203907, 0.715534, -0.0, 0.0, 0.0, 0.0, 1.0],
                [0.719267, 0.06898, -0.6913, 0.0, -0.190319, 0.976557, -0.100574, 0.4, 0.668157, 0.203907, 0.715534, -0.0, 0.0, 0.0, 0.0, 1.0]
            ]
        },
        {
            "name": "Shoulder_R",
            "time": [0.0, 0.05, 0.1333, 0.2333, 0.5],