{
    "animation": [
        {
            "name": "Root",
            "time": [0.0, 0.1, 0.15, 0.25, 0.9167],
            "transform": [
                [0.454202, 0.0, -0.890899, -5e-06, -0.890899, 0.0, -0.454202, 0.000946, 0.0, 1.0, 0.0, 0.704653, 0.0, 0.0, 0.0, 1.0],
                [0.454202, 0.0, -0.890899, -5e-06, -0.890899, 0.0, -0.454202, 0.481119, 0.0, 1.0, 0.0, 0.605064, 0.0, 0.0, 0.0, 1.0],
                [0.978017, 0.03777, -0.205077, -5e-06, -0.208069, 0.111713, -0.971714, 1.00026, -0.013792, 0.993023, 0.117116, 0.750754, 0.0, 0.0, 0.0, 1.0],
                [0.247241, -0.108965, 0.962808, -5e-06, 0.948807, 0.228802, -0.217751, 1.812216, -0.196565, 0.967355, 0.159956, 0.704653, 0.0, 0.0, 0.0, 1.0],
                [0.247241, -0.108965, 0.962808, -5e-06, 0.948807, 0.228802, -0.217751, 1.812216, -0.196565, 0.967355, 0.159956, 0.704653, 0.0, 0.0, 0.0, 1.0]
            ]
        },
        {
            "name": "Thigh_R",
            "time": [0.0, 0.1, 0.15, 0.25, 0.9167],
            "transform": [
                [0.966814, 0.184562, -0.176655, 0.124994, 0.218673, -0.955364, 0.198645, -0.002831, -0.132108, -0.230682, -0.964018, -1.2e-05, 0.0, 0.0, 0.0, 1.0],
                [0.752815, 0.604588, 0.260274, 0.124994, 0.47018, -0.770639, 0.430168, -0.002831, 0.460652, -0.201461, -0.864414, -1.2e-05, 0.0, 0.0, 0.0, 1.0],
                [0.972163, -0.074401, -0.22218, 0.124994, 0.089958, -0.757053, 0.647129, -0.002831, -0.216349, -0.649101, -0.729287, -1.2e-05, 0.0, 0.0, 0.0, 1.0],
                [0.816653, 0.553261, 0.164257, 0.124993, 0.266139, -0.613561, 0.743446, -0.002831, 0.512102, -0.563421, -0.648311, -1.2e-05, 0.0, 0.0, 0.0, 1.0],
                [0.816653, 0.553261, 0.164257, 0.124993, 0.266139, -0.613561, 0.743446, -0.002831, 0.512102, -0.563421, -0.648311, -1.2e-05, 0.0, 0.0, 0.0, 1.0]
            ]
        },
        {
            "name": "Leg_R",
            "time": [0.0, 0.1, 0.15, 0.25, 0.9167],
            "transform": [
                [1.0, -1e-06, 1e-06, 0.0, 0.0, 0.887835, 0.460162, 0.37472, -1e-06, -0.460163, 0.887834, 0.0, 0.0, 0.0, 0.0, 1.0],
                [1.0, -0.0, 1e-06, -0.0, 0.0, 0.736744, 0.676171, 0.37472, -1e-06, -0.676172, 0.736743, 0.0, 0.0, 0.0, 0.0, 1.0],
                [1.0, -1e-06, 1e-06, 0.0, -0.0, 0.284144, 0.958781, 0.37472, -1e-06, -0.958782, 0.284144, -0.0, 0.0, 0.0, 0.0, 1.0],
                [1.0, -0.0, 1e-06, -0.0, -0.0, 0.806767, 0.59087, 0.37472, -1e-06, -0.590871, 0.806766, 0.0, 0.0, 0.0, 0.0, 1.0],
                [1.0, -0.0, 1e-06, -0.0, -0.0, 0.806767, 0.59087, 0.37472, -1e-06, -0.590871, 0.806766, 0.0, 0.0, 0.0, 0.0, 1.0]
            ]
        },
        {
            "name": "Knee_R",
            "time": [0.0, 0.1, 0.15, 0.25, 0.9167],
            "transform": [
                [1.0, 0.0, -0.0, 0.0, -0.0, 1e-06, -1.0, 0.385905, -0.0, 1.0, 1e-06, 0.0, 0.0, 0.0, 0.0, 1.0],
                [1.0, 0.0, -0.0, -0.0, -0.0, 1e-06, -1.0, 0.403745, -0.0, 1.0, 1e-06, -0.0, 0.0, 0.0, 0.0, 1.0],
                [1.0, 0.0, -0.0, 0.0, -0.0, 1e-06, -1.0, 0.443241, -0.0, 1.0, 1e-06, -0.0, 0.0, 0.0, 0.0, 1.0],
                [1.0, 0.0, -0.0, -0.0, -0.0, 1e-06, -1.0, 0.390909, -0.0, 1.0, 1e-06, -0.0, 0.0, 0.0, 0.0, 1.0],
                [1.0, 0.0, -0.0, -0.0, -0.0, 1e-06, -1.0, 0.390909, -0.0, 1.0, 1e-06, -0.0, 0.0, 0.0, 0.0, 1.0]
            ]
        },
        {
            "name": "Thigh_L",
            "time": [0.0, 0.1, 0.15, 0.25, 0.9167],
            "transform": [
                [0.871031, -0.318733, -0.373782, -0.125006, -0.154676, -0.900168, 0.407149, -0.002831, -0.466239, -0.296824, -0.833376, -1.2e-05, 0.0, 0.0, 0.0, 1.0],
                [0.821939, -0.565859, -0.064946, -0.125006, -0.403416, -0.658857, 0.63495, -0.002831, -0.402083, -0.49569, -0.769818, -1.2e-05, 0.0, 0.0, 0.0, 1.0],
                [0.973817, 0.001387, -0.227329, -0.125006, 0.037725, -0.987102, 0.155579, -0.002831, -0.224181, -0.160081, -0.96131, -1.2e-05, 0.0, 0.0, 0.0, 1.0],
                [0.872418, -0.205756, -0.44334, -0.125006, -0.150496, -0.976087, 0.156855, -0.00283, -0.465012, -0.070121, -0.882523, -1.2e-05, 0.0, 0.0, 0.0, 1.0],
                [0.872418, -0.205756, -0.44334, -0.125006, -0.150496, -0.976087, 0.156855, -0.00283, -0.465012, -0.070121, -0.882523, -1.2e-05, 0.0, 0.0, 0.0, 1.0]
            ]
        },
        {
            "name": "Leg_L",
            "time": [0.0, 0.1, 0.15, 0.25, 0.9167],
            "transform": [
                [1.0, -1e-06, 6e-06, -0.0, -4e-06, 0.733272, 0.679935, 0.37472, -5e-06, -0.679935, 0.733272, -0.0, 0.0, 0.0, 0.0, 1.0],
                [1.0, -1e-06, 1.2e-05, -0.0, -8e-06, 0.666187, 0.745785, 0.37472, -8e-06, -0.745785, 0.666187, -0.0, 0.0, 0.0, 0.0, 1.0],
                [1.0, -0.0, 1e-06, 0.0, 0.0, 0.955179, 0.296027, 0.37472, -1e-06, -0.296027, 0.95518, -0.0, 0.0, 0.0, 0.0, 1.0],
                [1.0, -0.0, 1e-06, -0.0, 0.0, 0.999956, 0.009316, 0.37472, -1e-06, -0.009316, 0.999957, -0.0, 0.0, 0.0, 0.0, 1.0],
                [1.0, -0.0, 1e-06, -0.0, 0.0, 0.999956, 0.009316, 0.37472, -1e-06, -0.009316, 0.999957, -0.0, 0.0, 0.0, 0.0, 1.0]
            ]
        },
        {
            "name": "Knee_L",
            "time": [0.0, 0.1, 0.15, 0.25, 0.9167],
            "transform": [
                [1.0, 0.0, -0.0, 0.0, -0.0, 1e-06, -1.0, 0.402976, -0.0, 1.0, 1e-06, -0.0, 0.0, 0.0, 0.0, 1.0],
                [1.0, 0.0, -0.0, -0.0, -0.0, 1e-06, -1.0, 0.409059, -0.0, 1.0, 1e-06, -0.0, 0.0, 0.0, 0.0, 1.0],
                [1.0, 0.0, -0.0, 0.0, -0.0, 1e-06, -1.0, 0.439709, -0.0, 1.0, 1e-06, -0.0, 0.0, 0.0, 0.0, 1.0],
                [1.0, 0.0, -0.0, -0.0, -0.0, 1e-06, -1.0, 0.37472, -0.0, 1.0, 1e-06, -0.0, 0.0, 0.0, 0.0, 1.0],
                [1.0, 0.0, -0.0, -0.0, -0.0, 1e-06, -1.0, 0.37472, -0.0, 1.0, 1e-06, -0.0, 0.0, 0.0, 0.0, 1.0]
            ]
        },
        {
            "name": "Torso",
            "time": [0.0, 0.1, 0.15, 0.25, 0.9167],
            "transform": [
                [0.998972, -0.045322, -0.001263, -0.0, 0.045308, 0.996825, 0.065478, 0.05, -0.001708, -0.065468, 0.997853, -0.0, 0.0, 0.0, 0.0, 1.0],
                [0.998972, -0.045322, -0.001263, -0.0, 0.045308, 0.996825, 0.065477, 0.05, -0.001708, -0.065467, 0.997853, -0.0, 0.0, 0.0, 0.0, 1.0],
                [0.99961, -0.027934, -0.000427, -0.0, 0.027929, 0.998795, 0.040356, 0.05, -0.000701, -0.040352, 0.999185, -0.0, 0.0, 0.0, 0.0, 1.0],
                [1.0, -0.0, 0.0, -0.0, 0.0, 1.0, -0.0, 0.05, 0.0, 0.0, 1.0, -0.0, 0.0, 0.0, 0.0, 1.0],
                [1.0, -0.0, 0.0, -0.0, 0.0, 1.0, -0.0, 0.05, 0.0, 0.0, 1.0, -0.0, 0.0, 0.0, 0.0, 1.0]
            ]
        },
        {
            "name": "Chest",
            "time": [0.0, 0.1, 0.15, 0.25, 0.9167],
            "transform": [
                [0.998353, -0.057358, -0.001399, 0.0, 0.057291, 0.995277, 0.078373, 0.3, -0.003103, -0.078324, 0.996923, -0.0, 0.0, 0.0, 0.0, 1.0],
                [0.998353, -0.057358, -0.001399, 0.0, 0.057291, 0.995277, 0.078372, 0.3, -0.003103, -0.078323, 0.996923, 0.0, 0.0, 0.0, 0.0, 1.0],
                [0.968962, -0.085819, 0.231835, 0.0, 0.06276, 0.992481, 0.105084, 0.3, -0.23911, -0.087272, 0.967063, -0.0, 0.0, 0.0, 0.0, 1.0],
                [0.808708, -0.133591, 0.572839, -0.0, 0.05792, 0.987221, 0.14846, 0.3, -0.585352, -0.086882, 0.806111, -0.0, 0.0, 0.0, 0.0, 1.0],
                [0.808708, -0.133591, 0.572839, -0.0, 0.05792, 0.987221, 0.14846, 0.3, -0.585352, -0.086882, 0.806111, -0.0, 0.0, 0.0, 0.0, 1.0]
            ]
        },
        {
            "name": "Head",
            "time": [0.0, 0.1, 0.15, 0.25, 0.9167],