{
    "animation": [
        {
            "name": "Root",
            "time": [0.0, 0.05, 0.1333, 0.2333, 0.5],
            "transform": [
                [0.5293, 0.0, -0.848435, -5e-06, -0.848435, 0.0, -0.5293, 0.382398, 0.0, 1.0, 0.0, 0.710466, 0.0, 0.0, 0.0, 1.0],
                [0.350174, 0.0, -0.936685, -5e-06, -0.936685, 0.0, -0.350174, 0.651379, 0.0, 1.0, 0.0, 0.690944, 0.0, 0.0, 0.0, 1.0],
                [0.462422, 0.0, -0.88666, -5e-06, -0.869685, 0.194736, -0.45357, 0.680769, 0.172664, 0.980856, 0.09005, 0.702763, 0.0, 0.0, 0.0, 1.0],
                [0.462422, 0.0, -0.88666, -5e-06, -0.88666, 0.0, -0.462422, 0.679536, 0.0, 1.0, 0.0, 0.702763, 0.0, 0.0, 0.0, 1.0],
                [0.462422, 0.0, -0.88666, -5e-06, -0.88666, 0.0, -0.462422, 0.679536, 0.0, 1.0, 0.0, 0.702763, 0.0, 0.0, 0.0, 1.0]
            ]
        },
        {
            "name": "Thigh_R",
            "time": [0.0, 0.05, 0.1333, 0.2333, 0.5],
            "transform": [
                [0.940314, 0.275493, -0.19978, 0.124994, 0.2459, -0.955872, -0.160744, -0.002831, -0.235248, 0.102024, -0.966566, -1.2e-05, 0.0, 0.0, 0.0, 1.0],
                [0.865045, 0.35581, -0.35369, 0.124994, 0.363294, -0.930461, -0.047509, -0.002831, -0.345999, -0.087395, -0.934156, -1.2e-05, 0.0, 0.0, 0.0, 1.0],
                [0.946579, 0.183311, -0.265302, 0.124994, 0.171702, -0.982899, -0.066518, -0.002831, -0.272959, 0.017412, -0.961868, -1.2e-05, 0.0, 0.0, 0.0, 1.0],
                [0.894603, 0.315472, -0.316485, 0.124994, 0.307961, -0.948444, -0.074905, -0.002831, -0.323799, -0.030455, -0.945636, -1.2e-05, 0.0, 0.0, 0.0, 1.0],
                [0.894603, 0.315472, -0.316485, 0.124994, 0.307961, -0.948444, -0.074905, -0.002831, -0.323799, -0.030455, -0.945636, -1.2e-05, 0.0, 0.0, 0.0, 1.0]
            ]
        },
        {
            "name": "Leg_R",
            "time": [0.0, 0.05, 0.1333, 0.2333, 0.5],
            "transform": [
                [1.0, -0.0, 1e-06, -0.0, 0.0, 0.975349, 0.220674, 0.37472, -1e-06, -0.220674, 0.975347, 0.0, 0.0, 0.0, 0.0, 1.0],
                [1.0, -0.0, 1e-06, 0.0, 0.0, 0.950938, 0.309384, 0.37472, -1e-06, -0.309385, 0.950936, 0.0, 0.0, 0.0, 0.0, 1.0],
                [1.0, -0.0, 1e-06, -0.0, 0.0, 0.999945, 0.010597, 0.37472, -1e-06, -0.010597, 0.999943, 0.0, 0.0, 0.0, 0.0, 1.0],
                [1.0, -0.0, 1e-06, 0.0, 0.0, 0.955101, 0.296281, 0.37472, -1e-06, -0.296281, 0.9551, 0.0, 0.0, 0.0, 0.0, 1.0],
                [1.0, -0.0, 1e-06, 0.0, 0.0, 0.955101, 0.296281, 0.37472, -1e-06, -0.296281, 0.9551, 0.0, 0.0, 0.0, 0.0, 1.0]
            ]
        },
        {
            "name": "Knee_R",
            "time": [0.0, 0.5],
            "transform": [
                [1.0, 0.0, -0.0, -0.0, -0.0, 1e-06, -1.0, 0.37472, -0.0, 1.0, 1e-06, 0.0, 0.0, 0.0, 0.0, 1.0],
                [1.0, 0.0, -0.0, 0.0, -0.0, 1e-06, -1.0, 0.37472, -0.0, 1.0, 1e-06, 0.0, 0.0, 0.0, 0.0, 1.0]
            ]
        },
        {
            "name": "Thigh_L",
            "time": [0.0, 0.05, 0.1333, 0.2333, 0.5],
            "transform": [
                [0.518545, -0.590413, -0.618485, -0.125006, -0.045242, -0.741264, 0.669687, -0.002831, -0.853852, -0.319281, -0.411091, -1.2e-05, 0.0, 0.0, 0.0, 1.0],
                [0.336627, -0.566196, -0.752399, -0.125006, -0.008691, -0.800866, 0.59878, -0.002831, -0.941598, -0.195026, -0.274514, -1.2e-05, 0.0, 0.0, 0.0, 1.0],
                [0.456335, -0.681015, -0.572692, -0.125006, 0.01158, -0.639013, 0.769108, -0.002831, -0.889732, -0.357603, -0.283718, -1.2e-05, 0.0, 0.0, 0.0, 1.0],
                [0.456284, -0.490204, -0.742634, -0.125006, 0.009055, -0.831974, 0.55474, -0.002831, -0.889788, -0.259844, -0.375178, -1.2e-05, 0.0, 0.0, 0.0, 1.0],
                [0.456284, -0.490204, -0.742634, -0.125006, 0.009055, -0.831974, 0.55474, -0.002831, -0.889788, -0.259844, -0.375178, -1.2e-05, 0.0, 0.0, 0.0, 1.0]
            ]
        },
        {
            "name": "Leg_L",
            "time": [0.0, 0.05, 0.1333, 0.2333, 0.5],
            "transform": [
                [1.0, -1e-06, 1e-06, 0.0, -1e-06, -0.047575, 0.998868, 0.37472, -1e-06, -0.998867, -0.047575, -0.0, 0.0, 0.0, 0.0, 1.0],
                [1.0, -1e-06, 1e-06, 0.0, 0.0, 0.818267, 0.574838, 0.37472, -1e-06, -0.574838, 0.818267, 0.0, 0.0, 0.0, 0.0, 1.0],
                [1.0, -1e-06, 1e-06, -0.0, 0.0, 0.735186, 0.677866, 0.37472, -1e-06, -0.677865, 0.735186, 0.0, 0.0, 0.0, 0.0, 1.0],
                [1.0, -1e-06, 1e-06, -0.0, -0.0, 0.834727, 0.550663, 0.37472, -2e-06, -0.550663, 0.834728, -0.0, 0.0, 0.0, 0.0, 1.0],
                [1.0, -1e-06, 1e-06, -0.0, -0.0, 0.834727, 0.550663, 0.37472, -2e-06, -0.550663, 0.834728, -0.0, 0.0, 0.0, 0.0, 1.0]
            ]
        },
        {
            "name": "Knee_L",
            "time": [0.0, 0.05, 0.5],
            "transform": [
                [1.0, 0.0, -0.0, 0.0, -0.0, 1e-06, -1.0, 0.480688, -0.0, 1.0, 1e-06, -0.0, 0.0, 0.0, 0.0, 1.0],
                [1.0, 0.0, -0.0, 1e-05, -0.0, 1e-06, -1.0, 0.394128, -0.0, 1.0, 1e-06, -0.001287, 0.0, 0.0, 0.0, 1.0],
                [1.0, 0.0, -0.0, 1e-05, -0.0, 1e-06, -1.0, 0.394128, -0.0, 1.0, 1e-06, -0.001287, 0.0, 0.0, 0.0, 1.0]
            ]
        },
        {
            "name": "Torso",
            "time": [0.0, 0.5],
            "transform": [
                [0.99978, -0.020971, -0.000197, 0.0, 0.020971, 0.999603, 0.018833, 0.05, -0.000198, -0.018833, 0.999823, 0.0, 0.0, 0.0, 0.0, 1.0],
                [0.99978, -0.020971, -0.000197, 0.0, 0.020971, 0.999603, 0.018833, 0.05, -0.000198, -0.018833, 0.999823, -0.0, 0.0, 0.0, 0.0, 1.0]
            ]
        },
        {
            "name": "Chest",
            "time": [0.0, 0.05, 0.1333, 0.2333, 0.5],
            "transform": [
                [0.994008, -0.109217, -0.004472, -0.0, 0.109272, 0.991779, 0.066585, 0.3, -0.002837, -0.066675, 0.997771, 0.0, 0.0, 0.0, 0.0, 1.0],
                [0.982556, -0.185792, -0.008121, 0.0, 0.183078, 0.958686, 0.217722, 0.3, -0.032666, -0.215411, 0.975977, 0.0, 0.0, 0.0, 0.0, 1.0],
                [0.991554, -0.129609, 0.004586, -0.0, 0.12619, 0.972353, 0.196486, 0.3, -0.029926, -0.194247, 0.980496, -0.0, 0.0, 0.0, 0.0, 1.0],
                [0.991555, -0.129609, 0.004586, 0.0, 0.12619, 0.972352, 0.196486, 0.3, -0.029926, -0.194248, 0.980496, 0.0, 0.0, 0.0, 0.0, 1.0],
                [0.991555, -0.129609, 0.004586, 0.0, 0.12619, 0.972352, 0.196486, 0.3, -0.029926, -0.194248, 0.980496, -0.0, 0.0, 0.0, 0.0, 1.0]
            ]
        },
        {
            "name": "Head",
            "time": [0.0, 0.05, 0.1333, 0.2333, 0.5],
            "transform": [
                [0.482007, 0.089465, 0.871588, 0.0, 0.011931, 0.994011, -0.108629, 0.4, -0.876086, 0.062758, 0.478052, 0.0, 0.0, 0.0, 0.0, 1.0],
                [0.3691, 0.175293, 0.912709, -0.0, 0.128325, 0.963033, -0.236853, 0.4, -0.920488, 0.204546, 0.332961, 0.0, 0.0, 0.0, 0.0, 1.0],
                [0.462806, 0.319902, 0.826725, -0.0, 0.109941, 0.9047, -0.41162, 0.4, -0.879616, 0.281391, 0.38353, -0.0, 0.0, 0.0, 0.0, 1.0],
                [0.465819, 0.112103, 0.87775, -0.0, 0.103701, 0.978192, -0.179965, 0.4, -0.878783, 0.174854, 0.444035, -0.0, 0.0, 0.0, 0.0, 1.0],
                [0.465819, 0.112103, 0.87775, -0.0, 0.103701, 0.978192, -0.179965, 0.4, -0.878783, 0.174855, 0.444035, 0.0, 0.0, 0.0, 0.0, 1.0]
            ]
        },
        {
            "name": "Shoulder_R",
            "time": [0.0, 0.05, 0.5],
            "transform": [
                [0.24611, 0.925264, 0.288647, 0.0, -0.009281, -0.295543, 0.955284, 0.4, 0.969197, -0.237783, -0.064149, 0.0, 0.0, 0.0, 0.0, 1.0],
                [0.24611, 0.925264, 0.288646, -0.0, -0.00928, -0.295543, 0.955284, 0.4, 0.969197, -0.237783, -0.06415, 0.0, 0.0, 0.0, 0.0, 1.0],
                [0.24611, 0.925264, 0.288646, -0.0, -0.00928, -0.295543, 0.955284, 0.4, 0.969197, -0.237783, -0.06415, 0.0, 0.0, 0.0, 0.0, 1.0]
            ]
        },
        {
            "name": "Arm_R",