{
    "animation": [
        {
            "name": "Root",
            "time": [0.0, 0.0667, 0.1333, 0.2167, 0.4],
            "transform": [
                [0.668694, -0.056492, -0.741388, -5e-06, -0.742937, -0.010679, -0.669277, 0.000946, 0.029892, 0.998346, -0.049111, 0.742899, 0.0, 0.0, 0.0, 1.0],
                [0.605058, -0.073987, -0.792736, -5e-06, -0.795935, -0.031453, -0.604564, 0.000946, 0.019796, 0.996763, -0.077919, 0.763972, 0.0, 0.0, 0.0, 1.0],
                [0.716688, -0.149203, 0.681246, -5e-06, 0.672659, 0.405742, -0.618791, 0.000946, -0.184085, 0.901727, 0.391153, 0.763972, 0.0, 0.0, 0.0, 1.0],
                [0.577111, -0.198805, 0.792098, -5e-06, 0.778865, 0.425656, -0.460636, 0.000946, -0.245585, 0.882776, 0.400493, 0.763972, 0.0, 0.0, 0.0, 1.0],
                [0.577111, -0.198805, 0.792098, -5e-06, 0.778865, 0.425656, -0.460636, 0.000946, -0.245585, 0.882776, 0.400493, 0.763972, 0.0, 0.0, 0.0, 1.0]
            ]
        },
        {
            "name": "Thigh_R",
            "time": [0.0, 0.0667, 0.1333, 0.2167, 0.4],
            "transform": [
                [0.938807, 0.333086, -0.087716, 0.124994, 0.292888, -0.905987, -0.305615, -0.002831, -0.181266, 0.261223, -0.948106, -1.2e-05, 0.0, 0.0, 0.0, 1.0],
                [0.925216, 0.363971, -0.107232, 0.124994, 0.309725, -0.887692, -0.340691, -0.002831, -0.219191, 0.282, -0.93404, -1.2e-05, 0.0, 0.0, 0.0, 1.0],
                [0.677329, 0.167855, 0.716275, 0.124994, -0.085298, -0.949136, 0.303086, -0.002831, 0.730718, -0.266385, -0.628562, -1.2e-05, 0.0, 0.0, 0.0, 1.0],
                [0.592251, 0.180807, 0.785205, 0.124994, -0.168937, -0.924972, 0.340415, -0.002831, 0.787844, -0.334261, -0.517273, -1.2e-05, 0.0, 0.0, 0.0, 1.0],
                [0.592251, 0.180807, 0.785205, 0.124994, -0.168937, -0.924972, 0.340415, -0.002831, 0.787844, -0.334261, -0.517273, -1.2e-05, 0.0, 0.0, 0.0, 1.0]
            ]
        },
        {
            "name": "Leg_R",
            "time": [0.0, 0.0667, 0.1333, 0.2167, 0.4],
            "transform": [
                [1.0, -0.0, 1e-06, -0.0, 0.0, 0.999949, 0.010169, 0.37472, -1e-06, -0.010169, 0.999947, 0.0, 0.0, 0.0, 0.0, 1.0],
                [1.0, -0.0, 1e-06, 0.0, 0.0, 0.999949, 0.010184, 0.37472, -1e-06, -0.010184, 0.999947, -0.0, 0.0, 0.0, 0.0, 1.0],
                [1.0, -0.0, 1e-06, 0.0, -0.0, 0.900581, 0.434689, 0.37472, -1e-06, -0.434689, 0.90058, 0.0, 0.0, 0.0, 0.0, 1.0],
                [1.0, -0.0, 1e-06, -0.0, -0.0, 0.875563, 0.483104, 0.37472, -1e-06, -0.483105, 0.875562, -0.0, 0.0, 0.0, 0.0, 1.0],
                [1.0, -0.0, 1e-06, -0.0, -0.0, 0.875563, 0.483104, 0.37472, -1e-06, -0.483105, 0.875562, -0.0, 0.0, 0.0, 0.0, 1.0]
            ]
        },
        {
            "name": "Knee_R",
            "time": [0.0, 0.0667, 0.1333, 0.2167, 0.4],
            "transform": [
                [1.0, 0.0, -0.0, -0.0, -0.0, 1e-06, -1.0, 0.37472, -0.0, 1.0, 1e-06, 0.0, 0.0, 0.0, 0.0, 1.0],
                [1.0, 0.0, -0.0, 0.0, -0.0, 1e-06, -1.0, 0.37472, -0.0, 1.0, 1e-06, -0.0, 0.0, 0.0, 0.0, 1.0],
                [1.0, 0.0, -0.0, 0.0, -0.0, 1e-06, -1.0, 0.386066, -0.0, 1.0, 1e-06, 0.0, 0.0, 0.0, 0.0, 1.0],
                [1.0, 0.0, -0.0, -0.0, -0.0, 1e-06, -1.0, 0.387484, -0.0, 1.0, 1e-06, -0.0, 0.0, 0.0, 0.0, 1.0],
                [1.0, 0.0, -0.0, -0.0, -0.0, 1e-06, -1.0, 0.387484, -0.0, 1.0, 1e-06, -0.0, 0.0, 0.0, 0.0, 1.0]
            ]
        },
        {
            "name": "Thigh_L",
            "time": [0.0, 0.0667, 0.1333, 0.2167, 0.4],
            "transform": [
                [0.658113, -0.481257, -0.579032, -0.125006, -0.102929, -0.819337, 0.563997, -0.002831, -0.74585, -0.311574, -0.588752, -1.2e-05, 0.0, 0.0, 0.0, 1.0],
                [0.59457, -0.525271, -0.60875, -0.125006, -0.098282, -0.798912, 0.593363, -0.002831, -0.798015, -0.292966, -0.526634, -1.2e-05, 0.0, 0.0, 0.0, 1.0],
                [0.725857, -0.53766, -0.429014, -0.125006, -0.089388, -0.69215, 0.716197, -0.002831, -0.682012, -0.481508, -0.550463, -1.2e-05, 0.0, 0.0, 0.0, 1.0],
                [0.740623, -0.535802, -0.405455, -0.125006, -0.09029, -0.677315, 0.730132, -0.002831, -0.665827, -0.504144, -0.550013, -1.2e-05, 0.0, 0.0, 0.0, 1.0],
                [0.740623, -0.535802, -0.405455, -0.125006, -0.09029, -0.677315, 0.730132, -0.002831, -0.665827, -0.504144, -0.550013, -1.2e-05, 0.0, 0.0, 0.0, 1.0]
            ]
        },
        {
            "name": "Leg_L",
            "time": [0.0, 0.0667, 0.1333, 0.2167, 0.4],
            "transform": [
                [1.0, -1e-06, 1e-06, -0.0, -1e-06, 0.269621, 0.962967, 0.37472, -1e-06, -0.962966, 0.269621, 0.0, 0.0, 0.0, 0.0, 1.0],
                [1.0, -1e-06, 1e-06, -0.0, -1e-06, 0.139117, 0.990276, 0.37472, -1e-06, -0.990276, 0.139117, -0.0, 0.0, 0.0, 0.0, 1.0],
                [1.0, -1e-06, 1e-06, -0.0, -1e-06, 0.452036, 0.892, 0.37472, -1e-06, -0.892, 0.452036, 0.0, 0.0, 0.0, 0.0, 1.0],
                [1.0, -1e-06, 1e-06, -0.0, -1e-06, 0.488219, 0.872722, 0.37472, -1e-06, -0.872721, 0.488219, 0.0, 0.0, 0.0, 0.0, 1.0],
                [1.0, -1e-06, 1e-06, -0.0, -1e-06, 0.488219, 0.872722, 0.37472, -1e-06, -0.872721, 0.488219, 0.0, 0.0, 0.0, 0.0, 1.0]
            ]
        },
        {
            "name": "Knee_L",
            "time": [0.0, 0.0667, 0.1333, 0.2167, 0.4],
            "transform": [
                [1.0, 0.0, -0.0, 0.0, -0.0, 1e-06, -1.0, 0.452432, -0.0, 1.0, 1e-06, 0.0, 0.0, 0.0, 0.0, 1.0],
                [1.0, 0.0, -0.0, 0.0, -0.0, 1e-06, -1.0, 0.461067, -0.0, 1.0, 1e-06, -0.0, 0.0, 0.0, 0.0, 1.0],
                [1.0, 0.0, -0.0, 0.0, -0.0, 1e-06, -1.0, 0.427696, -0.0, 1.0, 1e-06, -0.0, 0.0, 0.0, 0.0, 1.0],
                [1.0, 0.0, -0.0, -0.0, -0.0, 1e-06, -1.0, 0.423525, -0.0, 1.0, 1e-06, 0.0, 0.0, 0.0, 0.0, 1.0],
                [1.0, 0.0, -0.0, -0.0, -0.0, 1e-06, -1.0, 0.423525, -0.0, 1.0, 1e-06, 0.0, 0.0, 0.0, 0.0, 1.0]
            ]
        },
        {
            "name": "Torso",
            "time": [0.0, 0.0667, 0.4],
            "transform": [
                [0.999999, -0.001386, -2e-06, 0.0, 0.001386, 0.999997, 0.002232, 0.05, -2e-06, -0.002232, 0.999997, -0.0, 0.0, 0.0, 0.0, 1.0],
                [1.0, -0.0, -0.0, -0.0, -0.0, 1.0, 0.0, 0.05, 0.0, -0.0, 1.0, -0.0, 0.0, 0.0, 0.0, 1.0],
                [1.0, 0.0, 0.0, 0.0, 0.0, 1.0, -0.0, 0.05, -0.0, -0.0, 1.0, 0.0, 0.0, 0.0, 0.0, 1.0]
            ]
        },
        {
            "name": "Chest",
            "time": [0.0, 0.0667, 0.1333, 0.2167, 0.4],
            "transform": [
                [0.958515, -0.137509, -0.24968, 0.0, 0.083277, 0.97282, -0.216072, 0.3, 0.272605, 0.186316, 0.943914, -0.0, 0.0, 0.0, 0.0, 1.0],
                [0.949237, -0.153486, -0.274576, -0.0, 0.086197, 0.966387, -0.24221, 0.3, 0.302523, 0.206247, 0.93056, -0.0, 0.0, 0.0, 0.0, 1.0],
                [0.999371, -0.014019, -0.032578, 0.0, 0.013185, 0.999584, -0.025673, 0.3, 0.032924, 0.025227, 0.99914, 0.0, 0.0, 0.0, 0.0, 1.0],
                [1.0, 0.0, 0.0, 0.0, 0.0, 1.0, -0.0, 0.3, -0.0, -0.0, 1.0, 0.0, 0.0, 0.0, 0.0, 1.0],
                [1.0, 0.0, 0.0, 0.0, 0.0, 1.0, -0.0, 0.3, -0.0, -0.0, 1.0, 0.0, 0.0, 0.0, 0.0, 1.0]
            ]
        },
        {
            "name": "Head",
            "time": [0.0, 0.0667, 0.1333, 0.2167, 0.4],