{
    "animation": [
        {
            "name": "Root",
            "time": [0.0, 0.4, 0.55, 0.7, 1.0, 1.7],
            "transform": [
                [-0.147061, 0.009105, 0.989085, -5e-06, 0.942455, -0.302251, 0.14291, 0.000946, 0.300254, 0.953185, 0.035868, 0.573948, 0.0, 0.0, 0.0, 1.0],
                [-0.260039, 0.054835, 0.96404, -5e-06, 0.89313, -0.365815, 0.26172, -0.00164, 0.367012, 0.929071, 0.046151, 0.544254, 0.0, 0.0, 0.0, 1.0],
                [0.868975, 0.080935, 0.488192, -5e-06, 0.494805, -0.156174, -0.854855, 0.249115, 0.007055, 0.984408, -0.175759, 0.703062, 0.0, 0.0, 0.0, 1.0],
                [0.510627, -0.055407, -0.858015, -5e-06, -0.798312, 0.340049, -0.497055, 1.09764, 0.319308, 0.938774, 0.129406, 0.485786, 0.0, 0.0, 0.0, 1.0],
                [0.510627, -0.055407, -0.858015, -5e-06, -0.798312, 0.340049, -0.497055, 1.09764, 0.319308, 0.938774, 0.129406, 0.485786, 0.0, 0.0, 0.0, 1.0],
                [0.510627, -0.055407, -0.858015, -5e-06, -0.84854, 0.128519, -0.513287, 1.103219, 0.138711, 0.990158, 0.01861, 0.580821, 0.0, 0.0, 0.0, 1.0]
            ]
        },
        {
            "name": "Thigh_R",
            "time": [0.0, 0.4, 0.55, 0.7, 1.0, 1.7],
            "transform": [
                [0.810081, 0.349371, 0.47086, 0.153967, -0.006404, -0.797756, 0.602945, -0.002832, 0.586283, -0.491448, -0.644011, -0.029428, 0.0, 0.0, 0.0, 1.0],
                [0.775117, 0.342384, 0.531005, 0.153967, -0.012151, -0.832205, 0.554333, -0.002832, 0.631701, -0.436124, -0.640897, -0.029428, 0.0, 0.0, 0.0, 1.0],
                [0.865767, 0.187325, 0.464064, 0.153967, 0.093927, -0.971644, 0.216984, -0.002832, 0.491552, -0.144269, -0.858815, -0.029428, 0.0, 0.0, 0.0, 1.0],
                [0.587583, 0.492415, 0.642085, 0.153967, 0.386452, -0.867941, 0.311977, -0.002831, 0.710914, 0.064823, -0.700285, -0.029428, 0.0, 0.0, 0.0, 1.0],
                [0.587583, 0.492415, 0.642085, 0.153967, 0.386452, -0.867941, 0.311977, -0.002831, 0.710914, 0.064823, -0.700285, -0.029428, 0.0, 0.0, 0.0, 1.0],
                [0.591618, 0.611565, 0.525332, 0.153967, 0.294721, -0.770556, 0.565138, -0.002832, 0.750417, -0.179519, -0.636118, -0.029428, 0.0, 0.0, 0.0, 1.0]
            ]
        },
        {
            "name": "Leg_R",
            "time": [0.0, 0.4, 0.55, 0.7, 1.0, 1.7],
            "transform": [
                [1.0, -1e-06, -9e-06, 0.0, 8e-06, 0.560482, 0.828166, 0.37472, 5e-06, -0.828167, 0.560481, -0.0, 0.0, 0.0, 0.0, 1.0],
                [1.0, -1e-06, -4e-06, 0.0, 4e-06, 0.526739, 0.850026, 0.37472, 2e-06, -0.850028, 0.526739, -0.0, 0.0, 0.0, 0.0, 1.0],
                [1.0, -0.0, -4e-06, 0.0, 3e-06, 0.791352, 0.611361, 0.37472, 3e-06, -0.611362, 0.791351, 0.0, 0.0, 0.0, 0.0, 1.0],
                [1.0, 0.0, 3e-06, -0.0, -2e-06, 0.855907, 0.51713, 0.37472, -3e-06, -0.517131, 0.855906, -0.0, 0.0, 0.0, 0.0, 1.0],
                [1.0, 0.0, 3e-06, -0.0, -2e-06, 0.855907, 0.51713, 0.37472, -3e-06, -0.517131, 0.855906, -0.0, 0.0, 0.0, 0.0, 1.0],
                [1.0, -0.0, 1.9e-05, -0.0, -1.2e-05, 0.750486, 0.660887, 0.37472, -1.4e-05, -0.660887, 0.750485, 0.0, 0.0, 0.0, 0.0, 1.0]
            ]
        },
        {
            "name": "Knee_R",
            "time": [0.0, 0.4, 0.55, 0.7, 1.0, 1.7],
            "transform": [
                [1.0, 0.0, -0.0, 0.0, -0.0, 1e-06, -1.0, 0.385758, -0.0, 1.0, 1e-06, -0.0, 0.0, 0.0, 0.0, 1.0],
                [1.0, 0.0, -0.0, 0.0, -0.0, 1e-06, -1.0, 0.385758, -0.0, 1.0, 1e-06, -0.0, 0.0, 0.0, 0.0, 1.0],
                [1.0, 0.0, -0.0, 0.0, -0.0, 1e-06, -1.0, 0.385758, -0.0, 1.0, 1e-06, 0.0, 0.0, 0.0, 0.0, 1.0],
                [1.0, 0.0, -0.0, -0.0, -0.0, 1e-06, -1.0, 0.385758, -0.0, 1.0, 1e-06, -0.0, 0.0, 0.0, 0.0, 1.0],
                [1.0, 0.0, -0.0, -0.0, -0.0, 1e-06, -1.0, 0.385758, -0.0, 1.0, 1e-06, -0.0, 0.0, 0.0, 0.0, 1.0],
                [1.0, 0.0, -0.0, -0.0, -0.0, 1e-06, -1.0, 0.385758, -0.0, 1.0, 0.0, 0.0, 0.0, 0.0, 0.0, 1.0]
            ]
        },
        {
            "name": "Thigh_L",
            "time": [0.0, 0.4, 0.55, 0.7, 1.0, 1.7],
            "transform": [
                [0.502928, -0.751298, 0.427334, -0.156611, -0.862449, -0.403636, 0.305383, -0.002831, -0.056946, -0.52214, -0.850956, 0.032079, 0.0, 0.0, 0.0, 1.0],
                [0.439411, -0.724984, 0.530392, -0.156612, -0.883925, -0.243816, 0.399034, -0.002831, -0.159975, -0.644168, -0.747968, 0.032079, 0.0, 0.0, 0.0, 1.0],
                [0.614576, -0.499803, -0.610322, -0.156612, -0.25669, -0.858276, 0.444378, -0.002831, -0.745926, -0.11644, -0.655771, 0.032079, 0.0, 0.0, 0.0, 1.0],
                [0.504051, -0.833197, 0.227411, -0.156612, -0.087062, 0.212948, 0.973177, -0.00283, -0.859274, -0.51033, 0.034796, 0.032078, 0.0, 0.0, 0.0, 1.0],
                [0.504051, -0.833197, 0.227411, -0.156612, -0.087062, 0.212948, 0.973177, -0.00283, -0.859274, -0.51033, 0.034796, 0.032078, 0.0, 0.0, 0.0, 1.0],
                [0.484901, -0.833601, -0.264538, -0.156612, -0.054196, -0.330539, 0.942235, -0.00283, -0.872887, -0.442554, -0.205457, 0.032079, 0.0, 0.0, 0.0, 1.0]
            ]
        },
        {
            "name": "Leg_L",
            "time": [0.0, 0.4, 0.55, 0.7, 1.0, 1.7],
            "transform": [
                [0.99837, -0.0, 0.057075, -0.0, -0.043085, 0.655858, 0.753654, 0.37472, -0.037433, -0.754884, 0.654789, 0.0, 0.0, 0.0, 0.0, 1.0],
                [0.998988, 0.0, 0.044991, -0.0, -0.036036, 0.598734, 0.800137, 0.37472, -0.026938, -0.800948, 0.598128, -0.0, 0.0, 0.0, 0.0, 1.0],
                [1.0, -1e-06, 2e-06, 0.0, -2e-06, -0.100381, 0.99495, 0.37472, -1e-06, -0.994949, -0.100381, -0.0, 0.0, 0.0, 0.0, 1.0],
                [0.999999, -1e-06, 0.001822, -0.0, -0.001814, 0.096943, 0.995289, 0.37472, -0.000178, -0.99529, 0.096943, -0.0, 0.0, 0.0, 0.0, 1.0],
                [0.999999, -1e-06, 0.001822, -0.0, -0.001814, 0.096943, 0.995289, 0.37472, -0.000178, -0.99529, 0.096943, -0.0, 0.0, 0.0, 0.0, 1.0],
                [1.0, -1e-06, 2e-06, 0.0, -1e-06, 0.488845, 0.872371, 0.37472, -1e-06, -0.87237, 0.488846, 0.0, 0.0, 0.0, 0.0, 1.0]
            ]
        },
        {
            "name": "Knee_L",
            "time": [0.0, 0.4, 0.55, 0.7, 1.0, 1.7],
            "transform": [
                [1.0, 0.0, -0.0, -0.0, -0.0, 1e-06, -1.0, 0.383714, -0.0, 1.0, 1e-06, 0.0, 0.0, 0.0, 0.0, 1.0],
                [1.0, 0.0, -0.0, 0.0, -0.0, 1e-06, -1.0, 0.383714, -0.0, 1.0, 1e-06, -0.0, 0.0, 0.0, 0.0, 1.0],
                [1.0, 0.0, -0.0, 0.0, -0.0, 1e-06, -1.0, 0.383714, -0.0, 1.0, 1e-06, -0.0, 0.0, 0.0, 0.0, 1.0],
                [1.0, 0.0, -0.0, -0.0, -0.0, 1e-06, -1.0, 0.383714, -0.0, 1.0, 1e-06, -0.0, 0.0, 0.0, 0.0, 1.0],
                [1.0, 0.0, -0.0, -0.0, -0.0, 1e-06, -1.0, 0.383714, -0.0, 1.0, 1e-06, -0.0, 0.0, 0.0, 0.0, 1.0],
                [1.0, 0.0, -0.0, 0.0, -0.0, 1e-06, -1.0, 0.383714, -0.0, 1.0, 1e-06, -0.0, 0.0, 0.0, 0.0, 1.0]
            ]
        },
        {
            "name": "Torso",
            "time": [0.0, 0.4, 0.55, 0.7, 1.0, 1.7],