{
    "animation": [
        {
            "name": "Root",
            "time": [0.0, 0.2833, 0.4167, 0.6, 0.75, 1.0],
            "transform": [
                [0.282523, 0.0, -0.95926, -5e-06, -0.95926, 0.0, -0.282523, 0.000946, 0.0, 1.0, 0.0, 0.728549, 0.0, 0.0, 0.0, 1.0],
                [-0.018134, 0.0, -0.999836, -5e-06, -0.999836, 0.0, 0.018134, 0.000946, 0.0, 1.0, 0.0, 0.716048, 0.0, 0.0, 0.0, 1.0],
                [0.990127, 0.0, -0.140172, -5e-06, -0.140172, 0.0, -0.990127, 0.339376, 0.0, 1.0, 0.0, 0.707689, 0.0, 0.0, 0.0, 1.0],
                [-0.287296, 0.0, 0.957842, -5e-06, 0.957842, 0.0, 0.287296, 0.673501, 0.0, 1.0, 0.0, 0.707689, 0.0, 0.0, 0.0, 1.0],
                [-0.360422, 0.0, 0.93279, -5e-06, 0.93279, 0.0, 0.360422, 0.690071, 0.0, 1.0, 0.0, 0.707689, 0.0, 0.0, 0.0, 1.0],
                [-0.360422, 0.0, 0.93279, -5e-06, 0.93279, 0.0, 0.360422, 0.690071, 0.0, 1.0, 0.0, 0.707689, 0.0, 0.0, 0.0, 1.0]
            ]
        },
        {
            "name": "Thigh_R",
            "time": [0.0, 0.2833, 0.4167, 0.6, 0.75, 1.0],
            "transform": [
                [0.982647, 0.151814, -0.106571, 0.124994, 0.168189, -0.971539, 0.1668, -0.002831, -0.078216, -0.181829, -0.980214, -1.2e-05, 0.0, 0.0, 0.0, 1.0],
                [0.96708, 0.219146, -0.129351, 0.124994, 0.238199, -0.958424, 0.157105, -0.002831, -0.089545, -0.182744, -0.979073, -1.2e-05, 0.0, 0.0, 0.0, 1.0],
                [0.99077, -0.108461, -0.081313, 0.124994, -0.018764, -0.703801, 0.710148, -0.002831, -0.134251, -0.702067, -0.699341, -1.2e-05, 0.0, 0.0, 0.0, 1.0],
                [0.481629, 0.405596, 0.776868, 0.124994, 0.16735, -0.912708, 0.372767, -0.002831, 0.860248, -0.049526, -0.507464, -1.2e-05, 0.0, 0.0, 0.0, 1.0],
                [0.272113, 0.389981, 0.879698, 0.124994, 0.254107, -0.910865, 0.325197, -0.002831, 0.928108, 0.135047, -0.346956, -1.2e-05, 0.0, 0.0, 0.0, 1.0],
                [0.272113, 0.389981, 0.879698, 0.124994, 0.254107, -0.910865, 0.325197, -0.002831, 0.928108, 0.135047, -0.346956, -1.2e-05, 0.0, 0.0, 0.0, 1.0]
            ]
        },
        {
            "name": "Leg_R",
            "time": [0.0, 0.2833, 0.4167, 0.6, 0.75, 1.0],
            "transform": [
                [1.0, -0.0, 1e-06, 0.0, -0.0, 0.90668, 0.42182, 0.37472, -1e-06, -0.421821, 0.906678, 0.0, 0.0, 0.0, 0.0, 1.0],
                [1.0, -0.0, 1e-06, 0.0, -0.0, 0.90977, 0.415113, 0.37472, -1e-06, -0.415114, 0.909769, 0.0, 0.0, 0.0, 0.0, 1.0],
                [1.0, -1e-06, 1e-06, 0.0, -1e-06, 0.085807, 0.996311, 0.37472, -1e-06, -0.996313, 0.085807, 0.0, 0.0, 0.0, 0.0, 1.0],
                [1.0, 0.0, 1e-06, 0.0, -1e-06, 0.819618, 0.57291, 0.37472, -1e-06, -0.572911, 0.819617, -0.0, 0.0, 0.0, 0.0, 1.0],
                [1.0, 0.0, 1e-06, -0.0, -1e-06, 0.911302, 0.41174, 0.37472, -0.0, -0.411741, 0.9113, 0.0, 0.0, 0.0, 0.0, 1.0],
                [1.0, 0.0, 1e-06, -0.0, -1e-06, 0.911302, 0.41174, 0.37472, -0.0, -0.411741, 0.9113, 0.0, 0.0, 0.0, 0.0, 1.0]
            ]
        },
        {
            "name": "Knee_R",
            "time": [0.0, 0.2833, 0.4167, 0.6, 0.75, 1.0],
            "transform": [
                [1.0, 0.0, -0.0, 0.0, -0.0, 1e-06, -1.0, 0.382329, -0.0, 1.0, 1e-06, 0.0, 0.0, 0.0, 0.0, 1.0],
                [1.0, 0.0, -0.0, 0.0, -0.0, 1e-06, -1.0, 0.382122, -0.0, 1.0, 1e-06, 0.0, 0.0, 0.0, 0.0, 1.0],
                [1.0, 0.0, -0.0, 0.0, -0.0, 1e-06, -1.0, 0.467965, -0.0, 1.0, 1e-06, -0.0, 0.0, 0.0, 0.0, 1.0],
                [1.0, 0.0, -0.0, 0.0, -0.0, 1e-06, -1.0, 0.390614, -0.0, 1.0, 1e-06, -0.0, 0.0, 0.0, 0.0, 1.0],
                [1.0, 0.0, -0.0, -0.0, -0.0, 1e-06, -1.0, 0.378399, -0.0, 1.0, 1e-06, 0.0, 0.0, 0.0, 0.0, 1.0],
                [1.0, 0.0, -0.0, -0.0, -0.0, 1e-06, -1.0, 0.378399, -0.0, 1.0, 1e-06, 0.0, 0.0, 0.0, 0.0, 1.0]
            ]
        },
        {
            "name": "Thigh_L",
            "time": [0.0, 0.2833, 0.4167, 0.6, 0.75, 1.0],
            "transform": [
                [0.295955, -0.365527, -0.882496, -0.125006, -0.026782, -0.926696, 0.374853, -0.002831, -0.954826, -0.087305, -0.284051, -1.2e-05, 0.0, 0.0, 0.0, 1.0],
                [-0.013368, -0.457484, -0.889117, -0.125006, -0.036254, -0.888389, 0.457655, -0.002831, -0.999253, 0.038352, -0.00471, -1.2e-05, 0.0, 0.0, 0.0, 1.0],
                [0.98535, -0.07126, -0.154941, -0.125006, -0.00421, -0.918407, 0.395612, -0.002831, -0.17049, -0.389163, -0.905254, -1.2e-05, 0.0, 0.0, 0.0, 1.0],
                [0.980347, -0.146015, 0.132662, -0.125006, -0.188656, -0.890519, 0.413984, -0.002831, 0.05769, -0.430875, -0.900565, -1.2e-05, 0.0, 0.0, 0.0, 1.0],
                [0.974365, -0.172834, 0.144016, -0.125006, -0.217822, -0.884868, 0.411777, -0.002831, 0.056266, -0.43259, -0.899833, -1.2e-05, 0.0, 0.0, 0.0, 1.0],
                [0.974365, -0.172834, 0.144016, -0.125006, -0.217822, -0.884868, 0.411777, -0.002831, 0.056266, -0.43259, -0.899833, -1.2e-05, 0.0, 0.0, 0.0, 1.0]
            ]
        },
        {
            "name": "Leg_L",
            "time": [0.0, 0.2833, 0.4167, 0.6, 0.75, 1.0],
            "transform": [
                [1.0, -1e-06, 1e-06, 0.0, -0.0, 0.826813, 0.562477, 0.37472, -2e-06, -0.562477, 0.826813, -0.0, 0.0, 0.0, 0.0, 1.0],
                [1.0, -1e-06, 2e-06, 0.0, -0.0, 0.809329, 0.587356, 0.37472, -2e-06, -0.587355, 0.809329, -0.0, 0.0, 0.0, 0.0, 1.0],
                [1.0, -1e-06, 1e-06, -0.0, -0.0, 0.702581, 0.711604, 0.37472, -1e-06, -0.711603, 0.702582, 0.0, 0.0, 0.0, 0.0, 1.0],
                [1.0, -0.0, 1e-06, 0.0, -0.0, 0.938995, 0.34393, 0.37472, -1e-06, -0.34393, 0.938996, -0.0, 0.0, 0.0, 0.0, 1.0],
                [1.0, -0.0, 1e-06, 0.0, 0.0, 0.967564, 0.252624, 0.37472, -1e-06, -0.252624, 0.967565, 0.0, 0.0, 0.0, 0.0, 1.0],
                [1.0, -0.0, 1e-06, 0.0, 0.0, 0.967564, 0.252624, 0.37472, -1e-06, -0.252624, 0.967565, 0.0, 0.0, 0.0, 0.0, 1.0]
            ]
        },
        {
            "name": "Knee_L",
            "time": [0.0, 0.2833, 0.4167, 0.6, 1.0],
            "transform": [
                [1.0, 0.0, -0.0, 0.0, -0.0, 1e-06, -1.0, 0.39146, -0.0, 1.0, 1e-06, -0.0, 0.0, 0.0, 0.0, 1.0],
                [1.0, 0.0, -0.0, 0.0, -0.0, 1e-06, -1.0, 0.392181, -0.0, 1.0, 1e-06, -0.0, 0.0, 0.0, 0.0, 1.0],
                [1.0, 0.0, -0.0, 0.0, -0.0, 1e-06, -1.0, 0.405802, -0.0, 1.0, 1e-06, 0.0, 0.0, 0.0, 0.0, 1.0],
                [1.0, 0.0, -0.0, 0.0, -0.0, 1e-06, -1.0, 0.37472, -0.0, 1.0, 1e-06, -0.0, 0.0, 0.0, 0.0, 1.0],
                [1.0, 0.0, -0.0, 0.0, -0.0, 1e-06, -1.0, 0.37472, -0.0, 1.0, 1e-06, 0.0, 0.0, 0.0, 0.0, 1.0]
            ]
        },
        {
            "name": "Torso",
            "time": [0.0, 0.2833, 0.4167, 0.6, 0.75, 1.0],
            "transform": [
                [0.99978, -0.020971, -0.000197, 0.0, 0.020971, 0.999603, 0.018833, 0.05, -0.000198, -0.018833, 0.999823, -0.0, 0.0, 0.0, 0.0, 1.0],
                [0.99978, -0.020971, -0.000197, 0.0, 0.020971, 0.999603, 0.018833, 0.05, -0.000198, -0.018833, 0.999823, 0.0, 0.0, 0.0, 0.0, 1.0],
                [0.99978, -0.020971, -0.000197, 0.0, 0.020971, 0.999603, 0.018827, 0.05, -0.000198, -0.018827, 0.999823, -0.0, 0.0, 0.0, 0.0, 1.0],
                [0.99978, -0.020971, -0.000197, 0.0, 0.020971, 0.999603, 0.01883, 0.05, -0.000198, -0.01883, 0.999823, 0.0, 0.0, 0.0, 0.0, 1.0],
                [0.99978, -0.020971, -0.000197, -0.0, 0.020971, 0.999603, 0.01883, 0.05, -0.000198, -0.01883, 0.999823, -0.0, 0.0, 0.0, 0.0, 1.0],
                [0.99978, -0.020971, -0.000197, -0.0, 0.020971, 0.999603, 0.01883, 0.05, -0.000198, -0.01883, 0.999823, -0.0, 0.0, 0.0, 0.0, 1.0]
            ]
        },
        {
            "name": "Chest",
            "time": [0.0, 0.2833, 0.4167, 1.0],