{
    "animation": [
        {
            "name": "Root",
            "time": [0.0, 0.15, 0.3, 0.45, 0.75],
            "transform": [
                [1.0, 0.0, 0.0, -5e-06, 0.0, -0.093834, -0.995588, -0.251834, 0.0, 0.995588, -0.093834, 0.755725, 0.0, 0.0, 0.0, 1.0],
                [1.0, 0.0, 0.0, -5e-06, 0.0, -0.093834, -0.995588, -0.609853, 0.0, 0.995588, -0.093834, 0.755725, 0.0, 0.0, 0.0, 1.0],
                [1.0, 0.0, 0.0, -5e-06, 0.0, -0.093834, -0.995588, -0.781755, 0.0, 0.995588, -0.093834, 0.755725, 0.0, 0.0, 0.0, 1.0],
                [1.0, 0.0, 0.0, -5e-06, 0.0, -0.093834, -0.995588, -0.930914, 0.0, 0.995588, -0.093834, 0.755725, 0.0, 0.0, 0.0, 1.0],
                [1.0, 0.0, 0.0, -5e-06, 0.0, -0.093834, -0.995588, -0.930914, 0.0, 0.995588, -0.093834, 0.755725, 0.0, 0.0, 0.0, 1.0]
            ]
        },
        {
            "name": "Thigh_R",
            "time": [0.0, 0.15, 0.3, 0.45, 0.6, 0.75],
            "transform": [
                [0.998886, 0.044622, -0.015332, 0.124994, 0.039351, -0.967157, -0.251112, -0.002831, -0.026033, 0.25023, -0.967835, -1.2e-05, 0.0, 0.0, 0.0, 1.0],
                [0.998727, 0.043037, -0.026299, 0.124994, 0.047723, -0.975085, 0.216632, -0.002831, -0.01632, -0.217611, -0.975898, -1.2e-05, 0.0, 0.0, 0.0, 1.0],
                [0.998776, 0.039543, -0.029698, 0.124994, 0.04815, -0.914538, 0.40162, -0.002831, -0.011279, -0.402559, -0.915324, -1.2e-05, 0.0, 0.0, 0.0, 1.0],
                [0.998769, 0.041751, -0.026792, 0.124994, 0.04438, -0.993324, 0.106474, -0.002831, -0.022168, -0.107532, -0.993954, -1.2e-05, 0.0, 0.0, 0.0, 1.0],
                [0.998912, 0.044345, -0.014456, 0.124994, 0.038399, -0.957807, -0.284833, -0.002831, -0.026478, 0.283968, -0.958467, -1.2e-05, 0.0, 0.0, 0.0, 1.0],
                [0.998912, 0.044345, -0.014456, 0.124994, 0.038399, -0.957807, -0.284833, -0.002831, -0.026478, 0.283968, -0.958467, -1.2e-05, 0.0, 0.0, 0.0, 1.0]
            ]
        },
        {
            "name": "Leg_R",
            "time": [0.0, 0.15, 0.3, 0.45, 0.6, 0.75],
            "transform": [
                [1.0, -0.0, 1e-06, 0.0, 0.0, 0.999952, 0.009863, 0.37472, -1e-06, -0.009863, 0.999951, -0.0, 0.0, 0.0, 0.0, 1.0],
                [1.0, -0.0, 1e-06, -0.0, 0.0, 0.999944, 0.010614, 0.37472, -1e-06, -0.010614, 0.999943, 0.0, 0.0, 0.0, 0.0, 1.0],
                [1.0, -0.0, 1e-06, -0.0, 0.0, 0.999947, 0.010358, 0.37472, -1e-06, -0.010358, 0.999946, -0.0, 0.0, 0.0, 0.0, 1.0],
                [1.0, -0.0, 1e-06, -0.0, -0.0, 0.95667, 0.291178, 0.37472, -1e-06, -0.291178, 0.956668, -0.0, 0.0, 0.0, 0.0, 1.0],
                [1.0, -0.0, 1e-06, 0.0, 0.0, 0.999956, 0.009437, 0.37472, -1e-06, -0.009437, 0.999955, -0.0, 0.0, 0.0, 0.0, 1.0],
                [1.0, -0.0, 1e-06, 0.0, 0.0, 0.999956, 0.009437, 0.37472, -1e-06, -0.009437, 0.999955, -0.0, 0.0, 0.0, 0.0, 1.0]
            ]
        },
        {
            "name": "Knee_R",
            "time": [0.0, 0.75],
            "transform": [
                [1.0, 0.0, -0.0, 0.0, -0.0, 1e-06, -1.0, 0.37472, -0.0, 1.0, 1e-06, -0.0, 0.0, 0.0, 0.0, 1.0],
                [1.0, 0.0, -0.0, 0.0, -0.0, 1e-06, -1.0, 0.37472, -0.0, 1.0, 1e-06, -0.0, 0.0, 0.0, 0.0, 1.0]
            ]
        },
        {
            "name": "Thigh_L",
            "time": [0.0, 0.15, 0.3, 0.45, 0.6, 0.75],
            "transform": [
                [1.0, -4.2e-05, 3.1e-05, -0.125006, -4.9e-05, -0.937579, 0.34777, -0.002831, 1.5e-05, -0.34777, -0.93758, -1.2e-05, 0.0, 0.0, 0.0, 1.0],
                [0.999999, 0.000225, 0.001042, -0.125006, -0.000629, -0.664022, 0.747712, -0.002831, 0.00086, -0.747711, -0.664023, -1.2e-05, 0.0, 0.0, 0.0, 1.0],
                [1.0, -4.4e-05, 2.1e-05, -0.125006, -4.1e-05, -0.99287, -0.119195, -0.002831, 2.6e-05, 0.119196, -0.99287, -1.2e-05, 0.0, 0.0, 0.0, 1.0],
                [1.0, -4.3e-05, 2.9e-05, -0.125006, -4.5e-05, -0.993645, 0.112549, -0.002831, 2.4e-05, -0.112549, -0.993646, -1.2e-05, 0.0, 0.0, 0.0, 1.0],
                [1.0, -4.3e-05, 2.8e-05, -0.125006, -4.5e-05, -0.993645, 0.112549, -0.002831, 2.3e-05, -0.112549, -0.993646, -1.2e-05, 0.0, 0.0, 0.0, 1.0],
                [1.0, -4.3e-05, 2.8e-05, -0.125006, -4.5e-05, -0.993645, 0.112549, -0.002831, 2.3e-05, -0.112549, -0.993646, -1.2e-05, 0.0, 0.0, 0.0, 1.0]
            ]
        },
        {
            "name": "Leg_L",
            "time": [0.0, 0.15, 0.3, 0.45, 0.75],
            "transform": [
                [1.0, -0.0, 1e-06, -0.0, 0.0, 0.999944, 0.010524, 0.37472, -1e-06, -0.010524, 0.999945, -0.0, 0.0, 0.0, 0.0, 1.0],
                [1.0, -0.0, 2e-06, -0.0, -1e-06, 0.870695, 0.491822, 0.37472, -2e-06, -0.491822, 0.870696, -0.0, 0.0, 0.0, 0.0, 1.0],
                [1.0, -0.0, 1e-06, -0.0, 0.0, 0.983298, 0.182002, 0.37472, -1e-06, -0.182002, 0.983299, 0.0, 0.0, 0.0, 0.0, 1.0],
                [1.0, -0.0, 1e-06, 0.0, -0.0, 0.969765, 0.244039, 0.37472, -1e-06, -0.244039, 0.969766, 0.0, 0.0, 0.0, 0.0, 1.0],
                [1.0, -0.0, 1e-06, 0.0, 0.0, 0.969765, 0.244039, 0.37472, -1e-06, -0.244039, 0.969766, -0.0, 0.0, 0.0, 0.0, 1.0]
            ]
        },
        {
            "name": "Knee_L",
            "time": [0.0, 0.75],
            "transform": [
                [1.0, 0.0, -0.0, -0.0, -0.0, 1e-06, -1.0, 0.37472, -0.0, 1.0, 1e-06, -0.0, 0.0, 0.0, 0.0, 1.0],
                [1.0, 0.0, -0.0, 0.0, -0.0, 1e-06, -1.0, 0.37472, -0.0, 1.0, 1e-06, -0.0, 0.0, 0.0, 0.0, 1.0]
            ]
        },
        {
            "name": "Torso",
            "time": [0.0, 0.75],
            "transform": [
                [1.0, 0.0, 0.0, -0.0, 0.0, 1.0, -0.0, 0.05, 0.0, 0.0, 1.0, -0.0, 0.0, 0.0, 0.0, 1.0],
                [1.0, 0.0, 0.0, -0.0, 0.0, 1.0, -0.0, 0.05, 0.0, 0.0, 1.0, 0.0, 0.0, 0.0, 0.0, 1.0]
            ]
        },
        {
            "name": "Chest",
            "time": [0.0, 0.15, 0.3, 0.45, 0.6, 0.75],
            "transform": [
                [1.0, 0.0, 0.0, -0.0, 0.0, 0.757165, 0.653223, 0.3, 0.0, -0.653223, 0.757165, 0.0, 0.0, 0.0, 0.0, 1.0],
                [1.0, 0.0, 0.0, -0.0, -0.0, 0.979848, 0.199745, 0.3, -0.0, -0.199745, 0.979848, -0.0, 0.0, 0.0, 0.0, 1.0],
                [1.0, 0.0, 0.0, -0.0, 0.0, 0.952444, -0.304713, 0.3, 0.0, 0.304713, 0.952444, -0.0, 0.0, 0.0, 0.0, 1.0],
                [1.0, -0.0, 0.0, -0.0, 0.0, 0.952444, -0.304712, 0.3, -0.0, 0.304712, 0.952444, 0.0, 0.0, 0.0, 0.0, 1.0],
                [1.0, -0.0, 0.0, -0.0, -0.0, 0.999361, 0.035752, 0.3, -0.0, -0.035752, 0.999361, 0.0, 0.0, 0.0, 0.0, 1.0],
                [1.0, -0.0, 0.0, -0.0, -0.0, 0.999361, 0.035752, 0.3, -0.0, -0.035752, 0.999361, 0.0, 0.0, 0.0, 0.0, 1.0]
            ]
        },
        {
            "name": "Head",
            "time": [0.0, 0.15, 0.3, 0.45, 0.6, 0.75],
            "transform": [
                [1.0, 0.0, 0.0, 0.0, 0.0, 0.934957, 0.354761, 0.4, 0.0, -0.354761, 0.934957, 0.0, 0.0, 0.0, 0.0, 1.0],
                [1.0, 0.0, -0.0, -0.0, 0.0, 1.0, 0.0, 0.4, 0.0, 0.0, 1.0, 0.0, 0.0, 0.0, 0.0, 1.0],
                [1.0, -0.0, -0.0, 0.0, -0.0, 0.948412, -0.31704, 0.4, 0.0, 0.31704, 0.948412, 0.0, 0.0, 0.0, 0.0, 1.0],
                [1.0, -0.0, 0.0, -0.0, 0.0, 0.953525, -0.301315, 0.4, -0.0, 0.301315, 0.953525, 0.0, 0.0, 0.0, 0.0, 1.0],
                [1.0, 0.0, -0.0, -0.0, 0.0, 1.0, 0.0, 0.4, 0.0, 0.0, 1.0, 0.0, 0.0, 0.0, 0.0, 1.0],
                [1.0, 0.0, -0.0, -0.0, 0.0, 1.0, 0.0, 0.4, 0.0, 0.0, 1.0, 0.0, 0.0, 0.0, 0.0, 1.0]
            ]
        },
        {
            "name": "Shoulder_R",
            "time": [0.0, 0.75],
            "transform": [
                [0.0, 0.952114, 0.305743, 0.0, -0.0, -0.305743, 0.952114, 0.4, 1.0, -0.0, -0.0, 0.0, 0.0, 0.0, 0.0, 1.0],
                [0.0, 0.952114, 0.305743, -0.0, 0.0, -0.305743, 0.952114, 0.4, 1.0, -0.0, -0.0, 0.0, 0.0, 0.0, 0.0, 1.0]
            ]
        },
        {
            "name": "Arm_R",
            "time": [0.0, 0.15, 0.3, 0.45, 0.6, 0.75],