{
    "animation": [
        {
            "name": "Root",
            "time": [0.0, 0.0833, 0.1833, 0.2833],
            "transform": [
                [0.817785, -0.0003, -0.575524, -5e-06, -0.575216, 0.032287, -0.817364, 0.010571, 0.018827, 0.999479, 0.026231, 0.749959, 0.0, 0.0, 0.0, 1.0],
                [0.744789, 0.003194, -0.667292, -5e-06, -0.666056, 0.064582, -0.7431, 0.027258, 0.040722, 0.997907, 0.050227, 0.739962, 0.0, 0.0, 0.0, 1.0],
                [0.654464, 0.004636, -0.756079, -5e-06, -0.756078, -0.002461, -0.654477, 0.045271, -0.004895, 0.999986, 0.001894, 0.729171, 0.0, 0.0, 0.0, 1.0],
                [0.609553, 0.0, -0.792745, -5e-06, -0.790861, -0.068896, -0.608105, 0.053569, -0.054617, 0.997624, -0.041996, 0.7242, 0.0, 0.0, 0.0, 1.0]
            ]
        },
        {
            "name": "Thigh_R",
            "time": [0.0, 0.0833, 0.1833, 0.2833],
            "transform": [
                [0.993939, 0.07938, -0.076044, 0.124994, 0.090133, -0.984509, 0.150382, -0.002831, -0.062929, -0.156324, -0.985699, -1.2e-05, 0.0, 0.0, 0.0, 1.0],
                [0.994256, 0.07059, -0.080449, 0.124994, 0.087689, -0.968238, 0.234141, -0.002831, -0.061366, -0.239849, -0.968869, -1.2e-05, 0.0, 0.0, 0.0, 1.0],
                [0.959477, 0.175894, -0.220146, 0.124994, 0.248403, -0.896815, 0.36608, -0.002831, -0.133039, -0.40593, -0.904169, -1.2e-05, 0.0, 0.0, 0.0, 1.0],
                [0.916981, 0.364123, -0.16297, 0.124994, 0.344628, -0.928813, -0.136142, -0.002831, -0.200941, 0.068676, -0.977193, -1.2e-05, 0.0, 0.0, 0.0, 1.0]
            ]
        },
        {
            "name": "Leg_R",
            "time": [0.0, 0.0833, 0.1833, 0.2833],
            "transform": [
                [1.0, -0.0, 1e-06, -0.0, 0.0, 0.95321, 0.302315, 0.37472, -1e-06, -0.302316, 0.953206, 0.0, 0.0, 0.0, 0.0, 1.0],
                [1.0, -0.0, 1e-06, 0.0, 0.0, 0.921677, 0.387962, 0.37472, -1e-06, -0.387963, 0.921673, -0.0, 0.0, 0.0, 0.0, 1.0],
                [1.0, -1e-06, 1e-06, -0.0, -0.0, 0.561914, 0.827195, 0.37472, -1e-06, -0.827198, 0.561911, -0.0, 0.0, 0.0, 0.0, 1.0],
                [1.0, -0.0, 1e-06, -0.0, 0.0, 0.985963, 0.166976, 0.37472, -1e-06, -0.166976, 0.985959, -0.0, 0.0, 0.0, 0.0, 1.0]
            ]
        },
        {
            "name": "Knee_R",
            "time": [0.0, 0.0833, 0.1833, 0.2833],
            "transform": [
                [1.0, 0.0, -0.0, -0.0, -0.0, 1e-06, -1.0, 0.37472, -0.0, 1.0, 1e-06, 0.0, 0.0, 0.0, 0.0, 1.0],
                [1.0, 0.0, -0.0, 0.0, -0.0, 1e-06, -1.0, 0.378252, -0.0, 1.0, 1e-06, -0.0, 0.0, 0.0, 0.0, 1.0],
                [1.0, 0.0, -0.0, 0.0, -0.0, 1e-06, -1.0, 0.417811, -0.0, 1.0, 1e-06, -0.0, 0.0, 0.0, 0.0, 1.0],
                [1.0, 0.0, -0.0, -0.0, -0.0, 1e-06, -1.0, 0.364713, -0.0, 1.0, 1e-06, 0.0, 0.0, 0.0, 0.0, 1.0]
            ]
        },
        {
            "name": "Thigh_L",
            "time": [0.0, 0.0833, 0.1833, 0.2833],
            "transform": [
                [0.829397, -0.391886, -0.398154, -0.125006, -0.040315, -0.752822, 0.656989, -0.002831, -0.557203, -0.528853, -0.640187, -1.2e-05, 0.0, 0.0, 0.0, 1.0],
                [0.752161, -0.324101, -0.57377, -0.125006, -0.044669, -0.893769, 0.446298, -0.002831, -0.657463, -0.310058, -0.686736, -1.2e-05, 0.0, 0.0, 0.0, 1.0],
                [0.657137, -0.348081, -0.668588, -0.125006, -0.056814, -0.907341, 0.416539, -0.002831, -0.751626, -0.235738, -0.616023, -1.2e-05, 0.0, 0.0, 0.0, 1.0],
                [0.612116, -0.311764, -0.726716, -0.125006, -0.068052, -0.93636, 0.344381, -0.002831, -0.787833, -0.161347, -0.594377, -1.2e-05, 0.0, 0.0, 0.0, 1.0]
            ]
        },
        {
            "name": "Leg_L",
            "time": [0.0, 0.0833, 0.1833, 0.2833],
            "transform": [
                [1.0, -1e-06, 1e-06, 0.0, -0.0, 0.486886, 0.873466, 0.37472, -1e-06, -0.873465, 0.486887, 0.0, 0.0, 0.0, 0.0, 1.0],
                [1.0, -1e-06, 1e-06, 0.0, 0.0, 0.895406, 0.445249, 0.37472, -1e-06, -0.445249, 0.895408, -0.0, 0.0, 0.0, 0.0, 1.0],
                [1.0, -1e-06, 1e-06, -0.0, 0.0, 0.900725, 0.434388, 0.37472, -2e-06, -0.434387, 0.900727, -0.0, 0.0, 0.0, 0.0, 1.0],
                [1.0, -1e-06, 1e-06, -0.0, 0.0, 0.926186, 0.377066, 0.37472, -1e-06, -0.377065, 0.926187, -0.0, 0.0, 0.0, 0.0, 1.0]
            ]
        },
        {
            "name": "Knee_L",
            "time": [0.0, 0.0833, 0.1833, 0.2833],
            "transform": [
                [1.0, 0.0, -0.0, 0.0, -0.0, 1e-06, -1.0, 0.430382, -0.0, 1.0, 1e-06, -0.0, 0.0, 0.0, 0.0, 1.0],
                [1.0, 0.0, -0.0, 0.0, -0.0, 1e-06, -1.0, 0.381784, -0.0, 1.0, 1e-06, 0.0, 0.0, 0.0, 0.0, 1.0],
                [1.0, 0.0, -0.0, -0.0, -0.0, 1e-06, -1.0, 0.37472, -0.0, 1.0, 1e-06, -0.0, 0.0, 0.0, 0.0, 1.0],
                [1.0, 0.0, -0.0, -0.0, -0.0, 1e-06, -1.0, 0.375897, -0.0, 1.0, 1e-06, -0.0, 0.0, 0.0, 0.0, 1.0]
            ]
        },
        {
            "name": "Torso",
            "time": [0.0, 0.0833, 0.1833, 0.2833],
            "transform": [
                [0.99996, -0.00893, -4e-05, 0.0, 0.00893, 0.999919, 0.009076, 0.05, -4.1e-05, -0.009076, 0.999959, -0.0, 0.0, 0.0, 0.0, 1.0],
                [0.999929, 0.011955, -4.7e-05, 0.0, -0.011955, 0.999898, -0.007828, 0.05, -4.7e-05, 0.007828, 0.999969, -0.0, 0.0, 0.0, 0.0, 1.0],
                [0.999405, 0.034489, -0.00045, 0.0, -0.034489, 0.999065, -0.026084, 0.05, -0.00045, 0.026084, 0.99966, -0.0, 0.0, 0.0, 0.0, 1.0],
                [0.998993, 0.044862, -0.000774, 0.0, -0.044862, 0.998398, -0.034492, 0.05, -0.000774, 0.034492, 0.999405, 0.0, 0.0, 0.0, 0.0, 1.0]
            ]
        },
        {
            "name": "Chest",
            "time": [0.0, 0.0833, 0.1833, 0.2833],
            "transform": [
                [0.999953, -0.009683, -4.6e-05, -0.0, 0.009683, 0.999908, 0.009512, 0.3, -4.6e-05, -0.009512, 0.999955, -0.0, 0.0, 0.0, 0.0, 1.0],
                [0.999998, 0.002049, 0.0, -0.0, -0.002049, 0.999998, 0.0, 0.3, -0.0, 0.0, 1.0, -0.0, 0.0, 0.0, 0.0, 1.0],
                [0.999952, -0.009847, -4.1e-05, -0.0, 0.009847, 0.999917, 0.008358, 0.3, -4.1e-05, -0.008358, 0.999965, 0.0, 0.0, 0.0, 0.0, 1.0],
                [0.999764, -0.021742, -0.000182, -0.0, 0.021742, 0.999624, 0.016714, 0.3, -0.000182, -0.016714, 0.99986, 0.0, 0.0, 0.0, 0.0, 1.0]
            ]
        },
        {
            "name": "Head",
            "time": [0.0, 0.0833, 0.1833, 0.2833],
            "transform": [
                [0.815919, 0.034354, 0.577145, 0.0, -0.000651, 0.998287, -0.058503, 0.4, -0.578166, 0.047358, 0.814543, 0.0, 0.0, 0.0, 0.0, 1.0],
                [0.742137, 0.017686, 0.670014, 0.0, 0.009039, 0.999297, -0.03639, 0.4, -0.670187, 0.033062, 0.741456, 0.0, 0.0, 0.0, 0.0, 1.0],
                [0.65089, -0.041406, 0.758042, -0.0, 0.009938, 0.998891, 0.046028, 0.4, -0.759107, -0.022426, 0.650579, -0.0, 0.0, 0.0, 0.0, 1.0],
                [0.605339, -0.082347, 0.791696, 0.0, 0.004477, 0.994971, 0.100067, 0.4, -0.795955, -0.05703, 0.602664, 0.0, 0.0, 0.0, 0.0, 1.0]
            ]
        },
        {
            "name": "Shoulder_R",
            "time": [0.0, 0.0833, 0.2833],
            "transform": [
                [0.089555, 0.949274, 0.301428, 0.0, -0.003658, -0.302329, 0.953197, 0.4, 0.995975, -0.086466, -0.023602, 0.0, 0.0, 0.0, 0.0, 1.0],
                [0.089555, 0.949274, 0.301428, 0.0, -0.003656, -0.302328, 0.953197, 0.4, 0.995975, -0.086466, -0.023605, 0.0, 0.0, 0.0, 0.0, 1.0],
                [0.089555, 0.949274, 0.301428, 0.0, -0.003656, -0.302328, 0.953197, 0.4, 0.995975, -0.086466, -0.023605, 0.0, 0.0, 0.0, 0.0, 1.0]
            ]
        },
        {
            "name": "Arm_R",
            "time": [0.0, 0.0833, 0.1833, 0.2833],