{
    "animation": [
        {
            "name": "Root",
            "time": [0.0, 0.0667, 0.15, 0.2667, 0.5],
            "transform": [
                [0.554199, 0.035834, 0.831613, -5e-06, 0.806908, 0.222155, -0.547308, 0.000946, -0.204359, 0.974353, 0.094203, 0.763972, 0.0, 0.0, 0.0, 1.0],
                [0.460186, 0.038337, 0.886994, -5e-06, 0.861237, 0.223381, -0.456478, 0.000946, -0.215637, 0.973977, 0.069779, 0.771796, 0.0, 0.0, 0.0, 1.0],
                [0.750533, -0.002648, -0.660827, -5e-06, -0.630006, 0.29899, -0.716727, 0.000946, 0.199479, 0.954253, 0.222733, 0.763972, 0.0, 0.0, 0.0, 1.0],
                [0.678453, 0.0, -0.734644, -5e-06, -0.6999, 0.30389, -0.646367, 0.000946, 0.223251, 0.952707, 0.206175, 0.693665, 0.0, 0.0, 0.0, 1.0],
                [0.678453, 0.0, -0.734644, -5e-06, -0.6999, 0.30389, -0.646367, 0.000946, 0.223251, 0.952707, 0.206175, 0.693665, 0.0, 0.0, 0.0, 1.0]
            ]
        },
        {
            "name": "Thigh_R",
            "time": [0.0, 0.0667, 0.15, 0.2667, 0.5],
            "transform": [
                [0.54416, 0.071792, 0.835904, 0.157553, 0.043193, -0.997406, 0.057546, -0.014843, 0.837868, 0.004791, -0.545851, 0.029368, 0.0, 0.0, 0.0, 1.0],
                [0.466554, 0.072172, 0.881543, 0.161107, 0.037462, -0.997381, 0.06183, -0.016155, 0.883699, 0.004178, -0.468037, 0.032576, 0.0, 0.0, 0.0, 1.0],
                [0.992915, 0.097191, 0.068355, 0.127225, 0.10271, -0.991284, -0.082482, -0.003654, 0.059743, 0.088919, -0.994246, 0.002001, 0.0, 0.0, 0.0, 1.0],
                [0.994925, 0.100504, 0.004686, 0.124994, 0.100504, -0.990596, -0.092816, -0.002831, -0.004686, 0.092817, -0.995672, -1.2e-05, 0.0, 0.0, 0.0, 1.0],
                [0.994925, 0.100504, 0.004686, 0.124994, 0.100504, -0.990596, -0.092816, -0.002831, -0.004686, 0.092817, -0.995672, -1.2e-05, 0.0, 0.0, 0.0, 1.0]
            ]
        },
        {
            "name": "Leg_R",
            "time": [0.0, 0.0667, 0.15, 0.2667, 0.5],
            "transform": [
                [1.0, 0.0002, 7e-06, 0.0, -0.000194, 0.961197, 0.275867, 0.37472, 4.8e-05, -0.275868, 0.961194, -0.0, 0.0, 0.0, 0.0, 1.0],
                [1.0, 0.000221, 1.1e-05, 0.0, -0.000214, 0.952693, 0.303938, 0.37472, 5.7e-05, -0.30394, 0.95269, 0.0, 0.0, 0.0, 0.0, 1.0],
                [1.0, 1.4e-05, -1e-06, -0.0, -1.4e-05, 0.999821, 0.019013, 0.37472, 1e-06, -0.019013, 0.999817, -0.0, 0.0, 0.0, 0.0, 1.0],
                [1.0, 0.0, 1e-06, 0.0, -0.0, 1.000002, 0.0, 0.37472, -1e-06, -0.0, 0.999998, -0.0, 0.0, 0.0, 0.0, 1.0],
                [1.0, 0.0, 1e-06, 0.0, -0.0, 1.000002, 0.0, 0.37472, -1e-06, -0.0, 0.999998, -0.0, 0.0, 0.0, 0.0, 1.0]
            ]
        },
        {
            "name": "Knee_R",
            "time": [0.0, 0.5],
            "transform": [
                [1.0, 0.0, -0.0, 0.0, -0.0, 1e-06, -1.0, 0.37472, -0.0, 1.0, 1e-06, -0.0, 0.0, 0.0, 0.0, 1.0],
                [1.0, 0.0, -0.0, 0.0, -0.0, 1e-06, -1.0, 0.37472, -0.0, 1.0, 1e-06, -0.0, 0.0, 0.0, 0.0, 1.0]
            ]
        },
        {
            "name": "Thigh_L",
            "time": [0.0, 0.0667, 0.15, 0.2667, 0.5],
            "transform": [
                [0.997584, -0.044978, -0.052931, -0.124501, -0.019689, -0.91389, 0.405483, 0.006406, -0.066611, -0.403461, -0.912569, -0.000673, 0.0, 0.0, 0.0, 1.0],
                [0.997398, -0.054612, -0.047041, -0.124445, -0.028533, -0.898481, 0.438084, 0.007414, -0.06619, -0.435602, -0.897702, -0.000746, 0.0, 0.0, 0.0, 1.0],
                [0.718496, -0.359986, -0.595124, -0.124971, -0.023553, -0.867743, 0.496455, -0.002198, -0.695131, -0.342684, -0.631949, -5.7e-05, 0.0, 0.0, 0.0, 1.0],
                [0.686935, -0.37492, -0.622539, -0.125006, -0.0214, -0.866709, 0.498354, -0.002831, -0.726403, -0.329015, -0.603396, -1.2e-05, 0.0, 0.0, 0.0, 1.0],
                [0.686935, -0.37492, -0.622539, -0.125006, -0.0214, -0.866709, 0.498354, -0.002831, -0.726403, -0.329015, -0.603396, -1.2e-05, 0.0, 0.0, 0.0, 1.0]
            ]
        },
        {
            "name": "Leg_L",
            "time": [0.0, 0.0667, 0.5],
            "transform": [
                [0.999993, 0.00364, -0.001236, 0.0, -0.001224, 0.60626, 0.795266, 0.37472, 0.003644, -0.795257, 0.606261, -0.0, 0.0, 0.0, 0.0, 1.0],
                [0.999991, 0.004053, -0.001163, 0.0, -0.001149, 0.527355, 0.849645, 0.37472, 0.004057, -0.849634, 0.527356, 0.0, 0.0, 0.0, 0.0, 1.0],
                [0.999991, 0.004053, -0.001163, 0.0, -0.001149, 0.527355, 0.849645, 0.37472, 0.004057, -0.849634, 0.527356, 0.0, 0.0, 0.0, 0.0, 1.0]
            ]
        },
        {
            "name": "Knee_L",
            "time": [0.0, 0.0667, 0.5],
            "transform": [
                [1.0, 0.0, -0.0, 0.0, -0.0, 1e-06, -1.0, 0.419134, -0.0, 1.0, 1e-06, -0.0, 0.0, 0.0, 0.0, 1.0],
                [1.0, 0.0, -0.0, 0.0, -0.0, 1e-06, -1.0, 0.423983, -0.0, 1.0, 1e-06, 0.0, 0.0, 0.0, 0.0, 1.0],
                [1.0, 0.0, -0.0, 0.0, -0.0, 1e-06, -1.0, 0.423983, -0.0, 1.0, 1e-06, 0.0, 0.0, 0.0, 0.0, 1.0]
            ]
        },
        {
            "name": "Torso",
            "time": [0.0, 0.5],
            "transform": [
                [0.999904, -0.013857, -0.000154, 0.0, 0.013857, 0.999655, 0.022315, 0.05, -0.000155, -0.022315, 0.999751, 0.0, 0.0, 0.0, 0.0, 1.0],
                [0.999904, -0.013857, -0.000155, -0.0, 0.013857, 0.999655, 0.022315, 0.05, -0.000155, -0.022315, 0.999751, 0.0, 0.0, 0.0, 0.0, 1.0]
            ]
        },
        {
            "name": "Chest",
            "time": [0.0, 0.5],
            "transform": [
                [0.999808, -0.019613, -0.000173, -0.0, 0.019613, 0.999653, 0.017612, 0.3, -0.000173, -0.017612, 0.999845, -0.0, 0.0, 0.0, 0.0, 1.0],
                [0.999808, -0.019613, -0.000173, -0.0, 0.019613, 0.999653, 0.017612, 0.3, -0.000173, -0.017612, 0.999845, 0.0, 0.0, 0.0, 0.0, 1.0]
            ]
        },
        {
            "name": "Head",
            "time": [0.0, 0.0667, 0.15, 0.2667, 0.5],
            "transform": [
                [0.624246, -0.158372, -0.765007, -0.0, -0.017303, 0.976194, -0.21621, 0.4, 0.781036, 0.148205, 0.606645, 0.0, 0.0, 0.0, 0.0, 1.0],
                [0.540834, -0.181548, -0.821303, -0.0, 0.005582, 0.977182, -0.212329, 0.4, 0.841111, 0.11025, 0.529506, 0.0, 0.0, 0.0, 0.0, 1.0],
                [0.744981, 0.236135, 0.623894, -0.0, -0.004019, 0.936825, -0.349775, 0.4, -0.667074, 0.258068, 0.698866, -0.0, 0.0, 0.0, 0.0, 1.0],
                [0.675549, 0.258141, 0.69065, 0.0, 0.0053, 0.934984, -0.354649, 0.4, -0.737296, 0.243243, 0.63026, -0.0, 0.0, 0.0, 0.0, 1.0],
                [0.675549, 0.258141, 0.69065, 0.0, 0.0053, 0.934984, -0.354649, 0.4, -0.737296, 0.243243, 0.63026, -0.0, 0.0, 0.0, 0.0, 1.0]
            ]
        },
        {
            "name": "Shoulder_R",
            "time": [0.0, 0.0667, 0.15, 0.2667, 0.5],
            "transform": [
                [0.488252, 0.872039, -0.034016, -0.0, 0.051974, 0.009853, 0.9986, 0.4, 0.871153, -0.489336, -0.040512, 0.0, 0.0, 0.0, 0.0, 1.0],
                [0.548485, 0.8288, 0.110701, -0.0, 0.076633, -0.181659, 0.980371, 0.4, 0.832641, -0.529236, -0.163151, 0.0, 0.0, 0.0, 0.0, 1.0],
                [-0.284214, 0.88181, 0.376343, -0.0, 0.101391, -0.362685, 0.92638, 0.4, 0.953384, 0.301448, 0.013672, -0.0, 0.0, 0.0, 0.0, 1.0],
                [-0.336214, 0.858954, 0.38621, 0.0, 0.108373, -0.372073, 0.921855, 0.4, 0.935529, 0.351795, 0.032008, -0.0, 0.0, 0.0, 0.0, 1.0],
                [-0.336214, 0.858954, 0.38621, 0.0, 0.108373, -0.372073, 0.921855, 0.4, 0.935529, 0.351795, 0.032008, -0.0, 0.0, 0.0, 0.0, 1.0]
            ]
        },
        {
            "name": "Arm_R",
            "time": [0.0, 0.0667, 0.15, 0.2667, 0.5],