{
    "animation": [
        {
            "name": "Root",
            "time": [0.0, 0.0833, 0.2, 0.3333, 0.5],
            "transform": [
                [0.61149, 0.0, -0.791252, -5e-06, -0.791252, 0.0, -0.61149, 0.000946, 0.0, 1.0, 0.0, 0.716067, 0.0, 0.0, 0.0, 1.0],
                [0.971967, 0.0, -0.235118, -5e-06, -0.235118, 0.0, -0.971967, 0.473061, 0.0, 1.0, 0.0, 0.763029, 0.0, 0.0, 0.0, 1.0],
                [0.758591, 0.0, 0.651567, -5e-06, 0.651567, 0.0, -0.758591, 0.99445, 0.0, 1.0, 0.0, 0.717046, 0.0, 0.0, 0.0, 1.0],
                [0.746846, 0.0, 0.664997, -5e-06, 0.664997, 0.0, -0.746846, 0.999425, 0.0, 1.0, 0.0, 0.716067, 0.0, 0.0, 0.0, 1.0],
                [0.746846, 0.0, 0.664997, -5e-06, 0.664997, 0.0, -0.746846, 0.999425, 0.0, 1.0, 0.0, 0.716067, 0.0, 0.0, 0.0, 1.0]
            ]
        },
        {
            "name": "Thigh_R",
            "time": [0.0, 0.0833, 0.2, 0.3333, 0.5],
            "transform": [
                [0.89904, 0.333699, 0.283498, 0.132936, 0.326728, -0.942291, 0.073024, -0.002414, 0.291506, 0.026976, -0.956189, 0.018536, 0.0, 0.0, 0.0, 1.0],
                [0.968181, -0.124774, -0.216922, 0.134052, 0.005304, -0.856402, 0.51628, -0.002588, -0.250192, -0.501002, -0.828493, 0.008546, 0.0, 0.0, 0.0, 1.0],
                [0.748359, 0.34316, 0.567626, 0.13558, -0.004042, -0.853392, 0.521252, -0.002826, 0.663281, -0.392376, -0.637258, -0.005154, 0.0, 0.0, 0.0, 1.0],
                [0.732148, 0.342332, 0.58887, 0.135613, 0.005595, -0.86752, 0.497368, -0.002831, 0.681122, -0.360851, -0.63707, -0.005445, 0.0, 0.0, 0.0, 1.0],
                [0.732148, 0.342332, 0.58887, 0.135613, 0.005595, -0.86752, 0.497368, -0.002831, 0.681122, -0.360851, -0.63707, -0.005445, 0.0, 0.0, 0.0, 1.0]
            ]
        },
        {
            "name": "Leg_R",
            "time": [0.0, 0.0833, 0.2, 0.3333, 0.5],
            "transform": [
                [1.0, -0.0, 0.0, -0.0, -0.0, 0.961916, 0.273352, 0.37472, -1e-06, -0.273353, 0.961912, -0.0, 0.0, 0.0, 0.0, 1.0],
                [1.0, -1e-06, 3e-06, -0.0, -3e-06, 0.29858, 0.954383, 0.37472, -2e-06, -0.954387, 0.298579, -0.0, 0.0, 0.0, 0.0, 1.0],
                [1.0, -0.0, 1e-06, 0.0, -0.0, 0.83387, 0.551963, 0.37472, -1e-06, -0.551965, 0.833866, -0.0, 0.0, 0.0, 0.0, 1.0],
                [1.0, -0.0, 1e-06, -0.0, -0.0, 0.861253, 0.508178, 0.37472, -1e-06, -0.50818, 0.86125, 0.0, 0.0, 0.0, 0.0, 1.0],
                [1.0, -0.0, 1e-06, -0.0, -0.0, 0.861253, 0.508178, 0.37472, -1e-06, -0.50818, 0.86125, 0.0, 0.0, 0.0, 0.0, 1.0]
            ]
        },
        {
            "name": "Knee_R",
            "time": [0.0, 0.0833, 0.2, 0.3333, 0.5],
            "transform": [
                [1.0, 0.0, -0.0, -0.0, -0.0, 1e-06, -1.0, 0.399479, -0.0, 1.0, 1e-06, -0.0, 0.0, 0.0, 0.0, 1.0],
                [1.0, 0.0, -0.0, 0.0, -0.0, 1e-06, -1.0, 0.446067, -0.0, 1.0, 1e-06, -0.0, 0.0, 0.0, 0.0, 1.0],
                [1.0, 0.0, -0.0, 0.0, -0.0, 1e-06, -1.0, 0.391378, -0.0, 1.0, 1e-06, -0.0, 0.0, 0.0, 0.0, 1.0],
                [1.0, 0.0, -0.0, 0.0, -0.0, 1e-06, -1.0, 0.389555, -0.0, 1.0, 1e-06, 0.0, 0.0, 0.0, 0.0, 1.0],
                [1.0, 0.0, -0.0, 0.0, -0.0, 1e-06, -1.0, 0.389555, -0.0, 1.0, 1e-06, 0.0, 0.0, 0.0, 0.0, 1.0]
            ]
        },
        {
            "name": "Thigh_L",
            "time": [0.0, 0.0833, 0.2, 0.3333, 0.5],
            "transform": [
                [0.571463, -0.393135, -0.720329, -0.125006, 0.016381, -0.872139, 0.488983, -0.002831, -0.820463, -0.291235, -0.491956, -1.2e-05, 0.0, 0.0, 0.0, 1.0],
                [0.825197, -0.024608, -0.564308, -0.128599, -0.004494, -0.999305, 0.037005, -0.002831, -0.564826, -0.028, -0.824734, 0.000359, 0.0, 0.0, 0.0, 1.0],
                [0.969342, -0.229191, 0.088572, -0.133525, -0.215861, -0.966535, -0.138616, -0.002831, 0.117378, 0.115248, -0.986377, 0.000863, 0.0, 0.0, 0.0, 1.0],
                [0.964646, -0.244031, 0.09953, -0.13363, -0.224767, -0.958971, -0.172783, -0.002831, 0.137611, 0.144304, -0.979918, 0.000874, 0.0, 0.0, 0.0, 1.0],
                [0.964646, -0.244031, 0.09953, -0.13363, -0.224767, -0.958971, -0.172783, -0.002831, 0.137611, 0.144304, -0.979918, 0.000874, 0.0, 0.0, 0.0, 1.0]
            ]
        },
        {
            "name": "Leg_L",
            "time": [0.0, 0.0833, 0.2, 0.3333, 0.5],
            "transform": [
                [1.0, -1e-06, 2e-06, 0.0, -0.0, 0.868884, 0.495015, 0.37472, -2e-06, -0.495014, 0.868886, -0.0, 0.0, 0.0, 0.0, 1.0],
                [1.0, -0.0, 1e-06, 0.0, 0.0, 0.995184, 0.098011, 0.37472, -1e-06, -0.098011, 0.995186, 0.0, 0.0, 0.0, 0.0, 1.0],
                [1.0, -0.0, 2e-06, -0.0, -0.0, 0.968806, 0.247815, 0.37472, -2e-06, -0.247815, 0.968808, 0.0, 0.0, 0.0, 0.0, 1.0],
                [1.0, -0.0, 2e-06, -0.0, -0.0, 0.984199, 0.17706, 0.37472, -2e-06, -0.177059, 0.984201, 0.0, 0.0, 0.0, 0.0, 1.0],
                [1.0, -0.0, 2e-06, -0.0, -0.0, 0.984199, 0.17706, 0.37472, -2e-06, -0.177059, 0.984201, 0.0, 0.0, 0.0, 0.0, 1.0]
            ]
        },
        {
            "name": "Knee_L",
            "time": [0.0, 0.0833, 0.2, 0.5],
            "transform": [
                [1.0, 0.0, -0.0, 0.0, -0.0, 1e-06, -1.0, 0.385758, -0.0, 1.0, 1e-06, -0.0, 0.0, 0.0, 0.0, 1.0],
                [1.0, 0.0, -0.0, -0.0, -0.0, 1e-06, -1.0, 0.354941, -0.0, 1.0, 1e-06, 0.0, 0.0, 0.0, 0.0, 1.0],
                [1.0, 0.0, -0.0, -0.0, -0.0, 1e-06, -1.0, 0.364124, -0.0, 1.0, 1e-06, -0.0, 0.0, 0.0, 0.0, 1.0],
                [1.0, 0.0, -0.0, -0.0, -0.0, 1e-06, -1.0, 0.364124, -0.0, 1.0, 1e-06, 0.0, 0.0, 0.0, 0.0, 1.0]
            ]
        },
        {
            "name": "Torso",
            "time": [0.0, 0.0833, 0.2, 0.3333, 0.5],
            "transform": [
                [1.0, 0.0, 0.0, -0.0, 0.0, 1.0, 0.0, 0.05, -0.0, 0.0, 1.0, 0.0, 0.0, 0.0, 0.0, 1.0],
                [0.999921, 0.012567, 0.000563, 0.0, -0.01258, 0.998838, 0.046517, 0.05, 2.3e-05, -0.04652, 0.998917, 0.0, 0.0, 0.0, 0.0, 1.0],
                [0.999556, 0.029723, 0.002282, 0.0, -0.029793, 0.993475, 0.110088, 0.05, 0.001005, -0.110107, 0.993919, -0.0, 0.0, 0.0, 0.0, 1.0],
                [0.999545, 0.030086, 0.002331, 0.0, -0.030159, 0.993314, 0.111437, 0.05, 0.001038, -0.111456, 0.993769, -0.0, 0.0, 0.0, 0.0, 1.0],
                [0.999545, 0.030086, 0.002331, 0.0, -0.030159, 0.993314, 0.111437, 0.05, 0.001038, -0.111456, 0.993769, -0.0, 0.0, 0.0, 0.0, 1.0]
            ]
        },
        {
            "name": "Chest",
            "time": [0.0, 0.0833, 0.2, 0.3333, 0.5],
            "transform": [
                [0.999756, 0.022001, -0.002103, -0.0, -0.0221, 0.995858, -0.0882, 0.3, 0.000154, 0.088225, 0.996101, 0.0, 0.0, 0.0, 0.0, 1.0],
                [0.999917, 0.012879, -0.000794, -0.0, -0.012893, 0.999699, -0.020863, 0.3, 0.000525, 0.020872, 0.999782, -0.0, 0.0, 0.0, 0.0, 1.0],
                [1.0, 0.000269, -4e-06, -0.0, -0.000268, 0.997437, 0.071555, 0.3, 2.3e-05, -0.071555, 0.997437, -0.0, 0.0, 0.0, 0.0, 1.0],
                [1.0, -0.0, 0.0, 0.0, 0.0, 0.997294, 0.07352, 0.3, -0.0, -0.07352, 0.997294, -0.0, 0.0, 0.0, 0.0, 1.0],
                [1.0, -0.0, 0.0, 0.0, 0.0, 0.997294, 0.07352, 0.3, -0.0, -0.07352, 0.997294, -0.0, 0.0, 0.0, 0.0, 1.0]
            ]
        },
        {
            "name": "Head",
            "time": [0.0, 0.0833, 0.2, 0.3333, 0.5],