{
    "animation": [
        {
            "name": "Root",
            "time": [0.0, 0.05, 0.1, 0.2, 0.5],
            "transform": [
                [0.773792, 0.0, 0.633439, -5e-06, 0.633439, 0.0, -0.773792, 0.001748, 0.0, 1.0, 0.0, 0.709861, 0.0, 0.0, 0.0, 1.0],
                [0.996942, 0.0, -0.078151, -5e-06, -0.078151, 0.0, -0.996942, 0.526942, 0.0, 1.0, 0.0, 0.758461, 0.0, 0.0, 0.0, 1.0],
                [0.658207, 0.0, -0.752837, -5e-06, -0.752837, 0.0, -0.658207, 0.998931, 0.0, 1.0, 0.0, 0.715809, 0.0, 0.0, 0.0, 1.0],
                [0.61149, 0.0, -0.791252, -5e-06, -0.791252, 0.0, -0.61149, 1.003037, 0.0, 1.0, 0.0, 0.716067, 0.0, 0.0, 0.0, 1.0],
                [0.61149, 0.0, -0.791252, -5e-06, -0.791252, 0.0, -0.61149, 1.003037, 0.0, 1.0, 0.0, 0.716067, 0.0, 0.0, 0.0, 1.0]
            ]
        },
        {
            "name": "Thigh_R",
            "time": [0.0, 0.05, 0.1, 0.2, 0.5],
            "transform": [
                [0.781222, 0.326414, 0.532115, 0.157956, 0.001466, -0.853356, 0.521323, -0.002831, 0.624251, -0.406488, -0.667141, 0.024968, 0.0, 0.0, 0.0, 1.0],
                [0.929303, 0.041811, 0.366942, 0.142377, 0.000487, -0.993706, 0.111997, -0.002831, 0.369316, -0.1039, -0.923478, 0.012145, 0.0, 0.0, 0.0, 1.0],
                [0.962622, 0.251741, -0.099916, 0.126798, 0.247194, -0.967359, -0.055755, -0.002831, -0.110691, 0.028973, -0.993433, -0.000677, 0.0, 0.0, 0.0, 1.0],
                [0.94968, 0.291995, -0.113341, 0.125443, 0.273415, -0.94935, -0.15484, -0.002831, -0.152814, 0.11606, -0.981417, -0.001792, 0.0, 0.0, 0.0, 1.0],
                [0.94968, 0.291995, -0.113341, 0.125443, 0.273415, -0.94935, -0.15484, -0.002831, -0.152814, 0.11606, -0.981417, -0.001792, 0.0, 0.0, 0.0, 1.0]
            ]
        },
        {
            "name": "Leg_R",
            "time": [0.0, 0.05, 0.1, 0.2, 0.5],
            "transform": [
                [1.0, -0.0, 1e-06, 0.0, -0.0, 0.821573, 0.570105, 0.37472, -1e-06, -0.570107, 0.82157, -0.0, 0.0, 0.0, 0.0, 1.0],
                [1.0, -0.0, 1e-06, -0.0, -0.0, 0.962664, 0.270706, 0.37472, -1e-06, -0.270707, 0.96266, 0.0, 0.0, 0.0, 0.0, 1.0],
                [1.0, -0.0, 1e-06, 0.0, 0.0, 0.9482, 0.317678, 0.37472, -1e-06, -0.31768, 0.948197, 0.0, 0.0, 0.0, 0.0, 1.0],
                [1.0, -0.0, 1e-06, -0.0, 0.0, 0.990127, 0.140189, 0.37472, -1e-06, -0.14019, 0.990123, -0.0, 0.0, 0.0, 0.0, 1.0],
                [1.0, -0.0, 1e-06, -0.0, 0.0, 0.990127, 0.140189, 0.37472, -1e-06, -0.14019, 0.990123, -0.0, 0.0, 0.0, 0.0, 1.0]
            ]
        },
        {
            "name": "Knee_R",
            "time": [0.0, 0.05, 0.5],
            "transform": [
                [1.0, 0.0, -0.0, 0.0, -0.0, 1e-06, -1.0, 0.399479, -0.0, 1.0, 1e-06, -0.0, 0.0, 0.0, 0.0, 1.0],
                [1.0, 0.0, -0.0, -0.0, -0.0, 1e-06, -1.0, 0.37472, -0.0, 1.0, 1e-06, 0.0, 0.0, 0.0, 0.0, 1.0],
                [1.0, 0.0, -0.0, -0.0, -0.0, 1e-06, -1.0, 0.37472, -0.0, 1.0, 1e-06, -0.0, 0.0, 0.0, 0.0, 1.0]
            ]
        },
        {
            "name": "Thigh_L",
            "time": [0.0, 0.05, 0.1, 0.2, 0.5],
            "transform": [
                [0.788684, -0.262293, 0.556039, -0.125006, -0.012687, -0.911176, -0.411821, -0.002831, 0.614667, 0.317743, -0.721958, -1.2e-05, 0.0, 0.0, 0.0, 1.0],
                [0.996173, -0.021185, -0.084794, -0.125181, 0.009521, -0.938105, 0.346221, -0.002831, -0.086881, -0.345703, -0.934313, 6e-06, 0.0, 0.0, 0.0, 1.0],
                [0.657025, -0.360841, -0.6619, -0.151776, 0.003793, -0.876411, 0.481548, -0.002831, -0.753858, -0.318899, -0.574456, 0.030243, 0.0, 0.0, 0.0, 1.0],
                [0.609393, -0.382444, -0.694532, -0.157586, -0.001104, -0.876384, 0.481611, -0.002831, -0.792866, -0.292724, -0.534486, 0.041712, 0.0, 0.0, 0.0, 1.0],
                [0.609393, -0.382444, -0.694532, -0.157586, -0.001104, -0.876384, 0.481611, -0.002831, -0.792866, -0.292724, -0.534486, 0.041712, 0.0, 0.0, 0.0, 1.0]
            ]
        },
        {
            "name": "Leg_L",
            "time": [0.0, 0.05, 0.1, 0.2, 0.5],
            "transform": [
                [1.0, 0.0, 2e-06, -0.0, -0.0, 0.999952, 0.009698, 0.37472, -2e-06, -0.009698, 0.999954, -0.0, 0.0, 0.0, 0.0, 1.0],
                [1.0, -1e-06, 1e-06, -0.0, -1e-06, 0.146276, 0.989245, 0.37472, -1e-06, -0.989243, 0.146276, -0.0, 0.0, 0.0, 0.0, 1.0],
                [1.0, -1e-06, 2.4e-05, 0.0, -1.2e-05, 0.84505, 0.534687, 0.37472, -2e-05, -0.534686, 0.845052, 0.0, 0.0, 0.0, 0.0, 1.0],
                [1.0, -1e-06, 8e-06, -0.0, -3e-06, 0.876822, 0.480813, 0.37472, -7e-06, -0.480812, 0.876824, 0.0, 0.0, 0.0, 0.0, 1.0],
                [1.0, -1e-06, 8e-06, -0.0, -3e-06, 0.876822, 0.480813, 0.37472, -7e-06, -0.480812, 0.876824, 0.0, 0.0, 0.0, 0.0, 1.0]
            ]
        },
        {
            "name": "Knee_L",
            "time": [0.0, 0.05, 0.1, 0.5],
            "transform": [
                [1.0, 0.0, -0.0, -0.0, -0.0, 1e-06, -1.0, 0.37472, -0.0, 1.0, 1e-06, -0.0, 0.0, 0.0, 0.0, 1.0],
                [1.0, 0.0, -0.0, -0.000145, -0.0, 1e-06, -1.0, 0.459706, -0.0, 1.0, 1e-06, 0.001765, 0.0, 0.0, 0.0, 1.0],
                [1.0, 0.0, -0.0, 0.0, -0.0, 1e-06, -1.0, 0.389555, -0.0, 1.0, 1e-06, 0.0, 0.0, 0.0, 0.0, 1.0],
                [1.0, 0.0, -0.0, -0.0, -0.0, 1e-06, -1.0, 0.389555, -0.0, 1.0, 1e-06, 0.0, 0.0, 0.0, 0.0, 1.0]
            ]
        },
        {
            "name": "Torso",
            "time": [0.0, 0.05, 0.1, 0.2, 0.5],
            "transform": [
                [1.0, 0.0, 0.0, -0.0, -0.0, 1.0, 0.0, 0.05, 0.0, 0.0, 1.0, 0.0, 0.0, 0.0, 0.0, 1.0],
                [0.999997, 0.002499, 4.4e-05, -0.0, -0.002499, 0.999684, 0.025032, 0.05, 1.9e-05, -0.025032, 0.999687, 0.0, 0.0, 0.0, 0.0, 1.0],
                [0.999988, 0.004996, 0.00015, 0.0, -0.004997, 0.998734, 0.050047, 0.05, 0.0001, -0.050047, 0.998747, 0.0, 0.0, 0.0, 0.0, 1.0],
                [0.999986, 0.005213, 0.000162, -0.0, -0.005214, 0.998622, 0.052221, 0.05, 0.00011, -0.052221, 0.998636, 0.0, 0.0, 0.0, 0.0, 1.0],
                [0.999986, 0.005213, 0.000162, -0.0, -0.005214, 0.998622, 0.052221, 0.05, 0.00011, -0.052221, 0.998636, 0.0, 0.0, 0.0, 0.0, 1.0]
            ]
        },
        {
            "name": "Chest",
            "time": [0.0, 0.05, 0.1, 0.2, 0.5],
            "transform": [
                [0.996764, -0.080373, 0.00167, 0.0, 0.080373, 0.995902, -0.041458, 0.3, 0.001669, 0.041459, 0.999139, -0.0, 0.0, 0.0, 0.0, 1.0],
                [0.999121, -0.041918, -0.000286, 0.0, 0.041918, 0.999028, 0.013642, 0.3, -0.000286, -0.013642, 0.999907, -0.0, 0.0, 0.0, 0.0, 1.0],
                [0.999994, -0.003352, -0.000115, 0.0, 0.003352, 0.997629, 0.068738, 0.3, -0.000115, -0.068738, 0.997635, 0.0, 0.0, 0.0, 0.0, 1.0],
                [1.0, -0.0, 0.0, -0.0, 0.0, 0.997294, 0.07352, 0.3, -0.0, -0.07352, 0.997294, 0.0, 0.0, 0.0, 0.0, 1.0],
                [1.0, -0.0, 0.0, -0.0, 0.0, 0.997294, 0.07352, 0.3, -0.0, -0.07352, 0.997294, 0.0, 0.0, 0.0, 0.0, 1.0]
            ]
        },
        {
            "name": "Head",
            "time": [0.0, 0.05, 0.1, 0.2, 0.5],
            "transform": [
                [0.771475, 0.06811, -0.632604, 0.0, -0.035151, 0.997298, 0.064508, 0.4, 0.635288, -0.02753, 0.771784, -0.0, 0.0, 0.0, 0.0, 1.0],
                [0.996066, 0.038209, 0.079957, -0.0, -0.037325, 0.999225, -0.012518, 0.4, -0.080374, 0.009484, 0.99672, 0.0, 0.0, 0.0, 0.0, 1.0],
                [0.654544, -0.030334, 0.755415, -0.0, 0.091032, 0.995087, -0.038918, 0.4, -0.750523, 0.09424, 0.65409, 0.0, 0.0, 0.0, 0.0, 1.0],
                [0.61939, -0.013268, 0.784971, -0.0, 0.104829, 0.992301, -0.065944, 0.4, -0.778053, 0.123133, 0.616013, -0.0, 0.0, 0.0, 0.0, 1.0],
                [0.61939, -0.013268, 0.784971, -0.0, 0.104829, 0.992301, -0.065944, 0.4, -0.778053, 0.123133, 0.616013, -0.0, 0.0, 0.0, 0.0, 1.0]
            ]
        },
        {
            "name": "Shoulder_R",
            "time": [0.0, 0.05, 0.1, 0.2, 0.5],