{
    "animation": [
        {
            "name": "Root",
            "time": [0.0, 0.0667, 0.1333, 0.5833],
            "transform": [
                [0.817735, -0.0, 0.575595, -5e-06, 0.574941, 0.047664, -0.816805, 0.000946, -0.027435, 0.998863, 0.038976, 0.691115, 0.0, 0.0, 0.0, 1.0],
                [0.920449, -0.019005, 0.3904, -5e-06, 0.384338, 0.225747, -0.895166, 0.363177, -0.071119, 0.974001, 0.215093, 0.754583, 0.0, 0.0, 0.0, 1.0],
                [0.694647, -0.0, -0.719351, -5e-06, -0.652098, 0.422187, -0.629704, 1.059491, 0.3037, 0.906509, 0.293271, 0.595834, 0.0, 0.0, 0.0, 1.0],
                [0.694647, -0.0, -0.719351, -5e-06, -0.652098, 0.422187, -0.629704, 1.059491, 0.3037, 0.906509, 0.293271, 0.595834, 0.0, 0.0, 0.0, 1.0]
            ]
        },
        {
            "name": "Thigh_R",
            "time": [0.0, 0.0667, 0.1333, 0.5833],
            "transform": [
                [0.827945, 0.390639, 0.402376, 0.124994, 0.048715, -0.764876, 0.642331, -0.002831, 0.558688, -0.512212, -0.652308, -1.2e-05, 0.0, 0.0, 0.0, 1.0],
                [0.924874, 0.18593, 0.331719, 0.124994, 0.003387, -0.876308, 0.481736, -0.002831, 0.380258, -0.44442, -0.811107, -1.2e-05, 0.0, 0.0, 0.0, 1.0],
                [0.975998, 0.131409, 0.173663, 0.124994, 0.153828, -0.980457, -0.122622, -0.002831, 0.154156, 0.146393, -0.977141, -1.2e-05, 0.0, 0.0, 0.0, 1.0],
                [0.975998, 0.131409, 0.173663, 0.124994, 0.153828, -0.980457, -0.122622, -0.002831, 0.154156, 0.146393, -0.977141, -1.2e-05, 0.0, 0.0, 0.0, 1.0]
            ]
        },
        {
            "name": "Leg_R",
            "time": [0.0, 0.0667, 0.1333, 0.5833],
            "transform": [
                [1.0, -0.0, 2e-06, 0.0, -1e-06, 0.757686, 0.65262, 0.37472, -2e-06, -0.652623, 0.757683, -0.0, 0.0, 0.0, 0.0, 1.0],
                [1.0, -1e-06, 8e-06, -0.0, -7e-06, 0.498291, 0.867009, 0.37472, -5e-06, -0.867013, 0.498289, -0.0, 0.0, 0.0, 0.0, 1.0],
                [1.0, -0.0, 0.0, 0.0, -0.0, 0.999952, 0.010037, 0.37472, -0.0, -0.010037, 0.999948, 0.0, 0.0, 0.0, 0.0, 1.0],
                [1.0, -0.0, 0.0, 0.0, -0.0, 0.999952, 0.010037, 0.37472, -0.0, -0.010037, 0.999948, 0.0, 0.0, 0.0, 0.0, 1.0]
            ]
        },
        {
            "name": "Knee_R",
            "time": [0.0, 0.0667, 0.1333, 0.5833],
            "transform": [
                [1.0, 0.0, -0.0, 0.0, -0.0, 1e-06, -1.0, 0.399479, -0.0, 1.0, 1e-06, -0.0, 0.0, 0.0, 0.0, 1.0],
                [1.0, 0.0, -0.0, -0.000134, -0.0, 1e-06, -1.0, 0.429071, -0.0, 1.0, 1e-06, 0.000835, 0.0, 0.0, 0.0, 1.0],
                [1.0, 0.0, -0.0, 0.0, -0.0, 1e-06, -1.0, 0.399479, -0.0, 1.0, 1e-06, 0.0, 0.0, 0.0, 0.0, 1.0],
                [1.0, 0.0, -0.0, 0.0, -0.0, 1e-06, -1.0, 0.399479, -0.0, 1.0, 1e-06, 0.0, 0.0, 0.0, 0.0, 1.0]
            ]
        },
        {
            "name": "Thigh_L",
            "time": [0.0, 0.0667, 0.1333, 0.5833],
            "transform": [
                [0.970224, -0.218194, 0.105143, -0.125006, -0.200382, -0.966961, -0.157584, -0.002831, 0.136053, 0.131824, -0.981892, -1.2e-05, 0.0, 0.0, 0.0, 1.0],
                [0.918675, 0.088439, 0.384986, -0.125006, -0.033617, -0.953575, 0.299275, -0.002831, 0.39358, -0.287878, -0.873052, -1.2e-05, 0.0, 0.0, 0.0, 1.0],
                [0.697872, -0.715819, -0.024031, -0.125006, 0.007088, -0.026648, 0.999619, -0.002831, -0.716187, -0.697777, -0.013523, -1.2e-05, 0.0, 0.0, 0.0, 1.0],
                [0.697872, -0.715819, -0.024031, -0.125006, 0.007088, -0.026648, 0.999619, -0.002831, -0.716187, -0.697777, -0.013523, -1.2e-05, 0.0, 0.0, 0.0, 1.0]
            ]
        },
        {
            "name": "Leg_L",
            "time": [0.0, 0.0667, 0.1333, 0.5833],
            "transform": [
                [1.0, -0.0, 2e-06, -0.0, -0.0, 0.956669, 0.291176, 0.37472, -2e-06, -0.291175, 0.956671, 0.0, 0.0, 0.0, 0.0, 1.0],
                [1.0, -0.0, 1e-06, -0.0, -0.0, 0.988747, 0.149589, 0.37472, -1e-06, -0.149589, 0.988749, -0.0, 0.0, 0.0, 0.0, 1.0],
                [1.0, -1e-06, 0.0, -0.0, 0.0, 0.430654, 0.902518, 0.37472, -1e-06, -0.902516, 0.430655, -0.0, 0.0, 0.0, 0.0, 1.0],
                [1.0, -1e-06, 0.0, -0.0, 0.0, 0.430654, 0.902518, 0.37472, -1e-06, -0.902516, 0.430655, -0.0, 0.0, 0.0, 0.0, 1.0]
            ]
        },
        {
            "name": "Knee_L",
            "time": [0.0, 0.0667, 0.1333, 0.5833],
            "transform": [
                [1.0, 0.0, -0.0, -0.0, -0.0, 1e-06, -1.0, 0.385758, -0.0, 1.0, 1e-06, 0.0, 0.0, 0.0, 0.0, 1.0],
                [1.0, 0.0, -0.0, -0.0, -0.0, 1e-06, -1.0, 0.37472, -0.0, 1.0, 1e-06, -0.0, 0.0, 0.0, 0.0, 1.0],
                [1.0, 0.0, -0.0, -0.000218, -0.0, 1e-06, -1.0, 0.432267, -0.0, 1.0, 1e-06, 0.000168, 0.0, 0.0, 0.0, 1.0],
                [1.0, 0.0, -0.0, -0.000218, -0.0, 1e-06, -1.0, 0.432267, -0.0, 1.0, 1e-06, 0.000168, 0.0, 0.0, 0.0, 1.0]
            ]
        },
        {
            "name": "Torso",
            "time": [0.0, 0.0667, 0.1333, 0.5833],
            "transform": [
                [0.99978, -0.020971, -0.000197, 0.0, 0.020971, 0.999603, 0.018821, 0.05, -0.000197, -0.018821, 0.999823, 0.0, 0.0, 0.0, 0.0, 1.0],
                [0.99978, -0.020972, -0.000198, 0.0, 0.020972, 0.999603, 0.018821, 0.05, -0.000197, -0.018821, 0.999823, 0.0, 0.0, 0.0, 0.0, 1.0],
                [1.0, -0.0, 0.0, -0.0, 0.0, 1.0, 0.0, 0.05, 0.0, 0.0, 1.0, -0.0, 0.0, 0.0, 0.0, 1.0],
                [1.0, -0.0, 0.0, -0.0, 0.0, 1.0, 0.0, 0.05, 0.0, 0.0, 1.0, -0.0, 0.0, 0.0, 0.0, 1.0]
            ]
        },
        {
            "name": "Chest",
            "time": [0.0, 0.0667, 0.1333, 0.5833],
            "transform": [
                [0.879796, -0.001361, 0.47535, 0.0, -0.015111, 0.999411, 0.03083, 0.3, -0.475112, -0.034307, 0.879257, -0.0, 0.0, 0.0, 0.0, 1.0],
                [0.879468, -0.05788, 0.472426, -0.0, 0.072689, 0.997268, -0.013135, 0.3, -0.470375, 0.045892, 0.881272, 0.0, 0.0, 0.0, 0.0, 1.0],
                [1.0, -0.0, 0.0, -0.0, 0.0, 1.0, 0.0, 0.3, 0.0, 0.0, 1.0, 0.0, 0.0, 0.0, 0.0, 1.0],
                [1.0, -0.0, 0.0, -0.0, 0.0, 1.0, 0.0, 0.3, 0.0, 0.0, 1.0, 0.0, 0.0, 0.0, 0.0, 1.0]
            ]
        },
        {
            "name": "Head",
            "time": [0.0, 0.0667, 0.1333, 0.5833],
            "transform": [
                [0.447554, -0.017671, -0.894083, 0.0, -0.053338, 0.997497, -0.046415, 0.4, 0.892665, 0.068462, 0.445491, 0.0, 0.0, 0.0, 0.0, 1.0],
                [0.620911, -0.072546, -0.780517, -0.0, -0.092133, 0.982053, -0.164571, 0.4, 0.778448, 0.174096, 0.603083, -0.0, 0.0, 0.0, 0.0, 1.0],
                [0.695735, 0.28522, 0.659243, -0.0, 0.004124, 0.916184, -0.400737, 0.4, -0.718286, 0.281526, 0.636245, -0.0, 0.0, 0.0, 0.0, 1.0],
                [0.695735, 0.28522, 0.659243, -0.0, 0.004124, 0.916184, -0.400737, 0.4, -0.718286, 0.281526, 0.636245, -0.0, 0.0, 0.0, 0.0, 1.0]
            ]
        },
        {
            "name": "Shoulder_R",
            "time": [0.0, 0.0667, 0.5833],
            "transform": [
                [0.576903, 0.807926, 0.120161, 0.0, 0.235328, -0.305272, 0.922729, 0.4, 0.782179, -0.504048, -0.36624, 0.0, 0.0, 0.0, 0.0, 1.0],
                [0.0, 0.952114, 0.305743, -0.0, 0.0, -0.305743, 0.952114, 0.4, 1.0, 0.0, -0.0, -0.0, 0.0, 0.0, 0.0, 1.0],
                [0.0, 0.952114, 0.305743, -0.0, -0.0, -0.305743, 0.952114, 0.4, 1.0, -0.0, -0.0, -0.0, 0.0, 0.0, 0.0, 1.0]
            ]
        },
        {
            "name": "Arm_R",
            "time": [0.0, 0.0667, 0.1333, 0.5833],