{
    "animation": [
        {
            "name": "Root",
            "time": [0.0, 0.05, 0.1167, 0.1667, 0.3333, 0.8333],
            "transform": [
                [0.583271, -0.032598, -0.811623, -5e-06, -0.806391, 0.096839, -0.5834, -0.002914, 0.097615, 0.994766, 0.030197, 0.742611, 0.0, 0.0, 0.0, 1.0],
                [0.995232, -0.095578, -0.019469, -5e-06, -0.015945, 0.037499, -0.999169, 0.126606, 0.096229, 0.994715, 0.035797, 0.775895, 0.0, 0.0, 0.0, 1.0],
                [0.663865, -0.091045, 0.742289, -5e-06, 0.742063, -0.043067, -0.668945, 0.686706, 0.092872, 0.994915, 0.038971, 0.773255, 0.0, 0.0, 0.0, 1.0],
                [0.440027, -0.075266, 0.894825, -5e-06, 0.893374, -0.064156, -0.44471, 1.006954, 0.09088, 0.995098, 0.039011, 0.694622, 0.0, 0.0, 0.0, 1.0],
                [0.264918, -0.060029, 0.962401, -5e-06, 0.960219, -0.074982, -0.268994, 0.998998, 0.08831, 0.995376, 0.037776, 0.694498, 0.0, 0.0, 0.0, 1.0],
                [0.264918, -0.060029, 0.962401, -5e-06, 0.960219, -0.074982, -0.268994, 0.998998, 0.08831, 0.995376, 0.037776, 0.694498, 0.0, 0.0, 0.0, 1.0]
            ]
        },
        {
            "name": "Thigh_R",
            "time": [0.0, 0.05, 0.1167, 0.1667, 0.3333, 0.8333],
            "transform": [
                [0.990267, 0.100434, -0.096356, 0.124994, 0.131226, -0.904448, 0.405893, -0.002831, -0.046383, -0.414586, -0.908827, -1.2e-05, 0.0, 0.0, 0.0, 1.0],
                [0.987903, 0.055614, 0.144757, 0.124994, -0.039915, -0.810829, 0.583917, -0.002831, 0.149848, -0.58263, -0.798803, -1.2e-05, 0.0, 0.0, 0.0, 1.0],
                [0.673769, 0.331186, 0.660569, 0.156501, -0.092094, -0.849332, 0.519761, -0.007152, 0.733181, -0.411032, -0.541755, 0.035217, 0.0, 0.0, 0.0, 1.0],
                [0.459643, 0.400446, 0.792699, 0.140449, -0.075482, -0.871727, 0.484139, -0.005474, 0.88489, -0.282365, -0.370458, 0.031417, 0.0, 0.0, 0.0, 1.0],
                [0.261368, 0.443175, 0.857486, 0.132268, -0.054161, -0.88023, 0.471442, -0.004479, 0.963718, -0.169662, -0.206062, 0.026413, 0.0, 0.0, 0.0, 1.0],
                [0.261368, 0.443175, 0.857486, 0.132268, -0.054161, -0.88023, 0.471442, -0.004479, 0.963718, -0.169662, -0.206062, 0.026413, 0.0, 0.0, 0.0, 1.0]
            ]
        },
        {
            "name": "Leg_R",
            "time": [0.0, 0.05, 0.1167, 0.1667, 0.3333, 0.8333],
            "transform": [
                [0.999983, 0.000215, -0.005798, -0.0, 0.003904, 0.714295, 0.699834, 0.37472, 0.004292, -0.699845, 0.714281, -0.0, 0.0, 0.0, 0.0, 1.0],
                [0.999941, 0.003178, -0.010401, -0.0, 0.009137, 0.273152, 0.961927, 0.37472, 0.005898, -0.961966, 0.273106, -0.0, 0.0, 0.0, 0.0, 1.0],
                [0.999991, 0.000415, -0.004183, 0.0, 0.003015, 0.622608, 0.782528, 0.37472, 0.002929, -0.782535, 0.6226, 0.0, 0.0, 0.0, 0.0, 1.0],
                [1.0, 0.0, 1e-06, 0.0, -0.0, 0.792828, 0.609446, 0.37472, -0.0, -0.609447, 0.792826, 0.0, 0.0, 0.0, 0.0, 1.0],
                [1.0, -0.000387, 0.000469, -0.0, 7.4e-05, 0.842826, 0.538187, 0.37472, -0.000604, -0.538188, 0.842824, -0.0, 0.0, 0.0, 0.0, 1.0],
                [1.0, -0.000387, 0.000469, -0.0, 7.4e-05, 0.842826, 0.538187, 0.37472, -0.000604, -0.538188, 0.842824, -0.0, 0.0, 0.0, 0.0, 1.0]
            ]
        },
        {
            "name": "Knee_R",
            "time": [0.0, 0.05, 0.1167, 0.1667, 0.3333, 0.8333],
            "transform": [
                [1.0, 0.0, -0.0, -0.000255, -0.0, 1e-06, -1.0, 0.417855, -0.0, 1.0, 1e-06, -0.000624, 0.0, 0.0, 0.0, 1.0],
                [1.0, 0.0, -0.0, -0.000493, -0.0, 1e-06, -1.0, 0.449874, -0.0, 1.0, 1e-06, -0.001208, 0.0, 0.0, 0.0, 1.0],
                [1.0, 0.0, -0.0, -0.000103, -0.0, 1e-06, -1.0, 0.417488, -0.0, 1.0, 1e-06, 0.000845, 0.0, 0.0, 0.0, 1.0],
                [1.0, 0.0, -0.0, -0.000131, -0.0, 1e-06, -1.0, 0.396224, -0.0, 1.0, 1e-06, 0.001027, 0.0, 0.0, 0.0, 1.0],
                [1.0, 0.0, -0.0, -0.000135, -0.0, 1e-06, -1.0, 0.394267, -0.0, 1.0, 1e-06, -0.00203, 0.0, 0.0, 0.0, 1.0],
                [1.0, 0.0, -0.0, -0.000135, -0.0, 1e-06, -1.0, 0.394267, -0.0, 1.0, 1e-06, -0.00203, 0.0, 0.0, 0.0, 1.0]
            ]
        },
        {
            "name": "Thigh_L",
            "time": [0.0, 0.05, 0.1167, 0.1667, 0.8333],
            "transform": [
                [0.577271, -0.383802, -0.720731, -0.125006, -0.04997, -0.897602, 0.437965, -0.002831, -0.815021, -0.21681, -0.537339, -1.2e-05, 0.0, 0.0, 0.0, 1.0],
                [0.994789, -0.101906, -0.003086, -0.125006, -0.100151, -0.982428, 0.157497, -0.002831, -0.019081, -0.156367, -0.987514, -1.2e-05, 0.0, 0.0, 0.0, 1.0],
                [0.657662, -0.134118, 0.741277, -0.156513, -0.096705, -0.990913, -0.093487, 0.00149, 0.747079, -0.010202, -0.664656, -0.035241, 0.0, 0.0, 0.0, 1.0],
                [0.760081, -0.385707, 0.522978, -0.125006, -0.388007, -0.914962, -0.110883, -0.002831, 0.521273, -0.118639, -0.845102, -1.2e-05, 0.0, 0.0, 0.0, 1.0],
                [0.760081, -0.385707, 0.522978, -0.125006, -0.388007, -0.914962, -0.110883, -0.002831, 0.521273, -0.118639, -0.845102, -1.2e-05, 0.0, 0.0, 0.0, 1.0]
            ]
        },
        {
            "name": "Leg_L",
            "time": [0.0, 0.05, 0.1167, 0.1667, 0.8333],
            "transform": [
                [0.999998, 0.000254, -0.002073, 0.0, 0.000554, 0.924829, 0.380383, 0.37472, 0.002013, -0.380384, 0.924827, 0.0, 0.0, 0.0, 0.0, 1.0],
                [0.999992, 1.1e-05, -0.004012, 0.0, 0.000596, 0.988481, 0.151341, 0.37472, 0.003968, -0.151342, 0.988474, -0.0, 0.0, 0.0, 0.0, 1.0],
                [0.999994, -0.001118, -0.003196, 0.0, 0.001422, 0.995283, 0.096997, 0.37472, 0.003073, -0.097001, 0.99528, -0.0, 0.0, 0.0, 0.0, 1.0],
                [1.0, -0.0, 2e-06, -0.0, -1e-06, 0.916329, 0.400425, 0.37472, -2e-06, -0.400425, 0.91633, 0.0, 0.0, 0.0, 0.0, 1.0],
                [1.0, -0.0, 2e-06, -0.0, -1e-06, 0.916329, 0.400425, 0.37472, -2e-06, -0.400425, 0.91633, 0.0, 0.0, 0.0, 0.0, 1.0]
            ]
        },
        {
            "name": "Knee_L",
            "time": [0.0, 0.05, 0.1167, 0.1667, 0.8333],
            "transform": [
                [1.0, 0.0, -0.0, 0.000135, -0.0, 1e-06, -1.0, 0.382453, -0.0, 1.0, 1e-06, -0.000354, 0.0, 0.0, 0.0, 1.0],
                [1.0, 0.0, -0.0, 0.00026, -0.0, 1e-06, -1.0, 0.366918, -0.0, 1.0, 1e-06, -0.000685, 0.0, 0.0, 0.0, 1.0],
                [1.0, 0.0, -0.0, 0.0001, -0.0, 1e-06, -1.0, 0.372155, -0.0, 1.0, 1e-06, -0.000263, 0.0, 0.0, 0.0, 1.0],
                [1.0, 0.0, -0.0, 0.0, -0.0, 1e-06, -1.0, 0.37542, -0.0, 1.0, 1e-06, 0.0, 0.0, 0.0, 0.0, 1.0],
                [1.0, 0.0, -0.0, -0.0, -0.0, 1e-06, -1.0, 0.37542, -0.0, 1.0, 1e-06, 0.0, 0.0, 0.0, 0.0, 1.0]
            ]
        },
        {
            "name": "Torso",
            "time": [0.0, 0.05, 0.1167, 0.1667, 0.3333, 0.8333],
            "transform": [
                [1.0, -0.000322, 0.0, -0.0, 0.000322, 1.0, -0.0, 0.05, -0.0, 0.0, 1.0, -0.0, 0.0, 0.0, 0.0, 1.0],
                [1.0, -0.000322, 0.0, -0.0, 0.000322, 1.0, -0.0, 0.05, -0.0, 0.0, 1.0, -0.0, 0.0, 0.0, 0.0, 1.0],
                [1.0, -0.000124, -0.0, 0.0, 0.000124, 1.0, -0.0, 0.05, 0.0, -0.0, 1.0, -0.0, 0.0, 0.0, 0.0, 1.0],
                [1.0, -2e-06, -0.0, -0.0, 2e-06, 1.0, -0.0, 0.05, 0.0, 0.0, 1.0, 0.0, 0.0, 0.0, 0.0, 1.0],
                [1.0, -0.0, 0.0, 0.0, 0.0, 1.0, 0.0, 0.05, 0.0, 0.0, 1.0, -0.0, 0.0, 0.0, 0.0, 1.0],
                [1.0, -0.0, 0.0, 0.0, 0.0, 1.0, 0.0, 0.05, 0.0, 0.0, 1.0, -0.0, 0.0, 0.0, 0.0, 1.0]
            ]
        },
        {
            "name": "Chest",
            "time": [0.0, 0.05, 0.1167, 0.1667, 0.3333, 0.8333],