{
    "animation": [
        {
            "name": "Root",
            "time": [0.0, 0.15, 0.3, 0.4, 0.5167, 0.75],
            "transform": [
                [0.434536, 0.0, -0.900654, -5e-06, -0.900654, 0.0, -0.434536, 0.054076, 0.0, 1.0, 0.0, 0.768295, 0.0, 0.0, 0.0, 1.0],
                [0.327522, 0.0, -0.944844, -5e-06, -0.944844, 0.0, -0.327522, 0.040298, 0.0, 1.0, 0.0, 0.688956, 0.0, 0.0, 0.0, 1.0],
                [0.089024, 0.0, -0.996029, -5e-06, -0.996029, 0.0, -0.089024, 0.040298, 0.0, 1.0, 0.0, 0.688956, 0.0, 0.0, 0.0, 1.0],
                [0.996406, 0.019168, -0.082509, -5e-06, -0.082509, 0.440054, -0.894173, 1.583251, 0.019168, 0.897767, 0.440054, 0.608618, 0.0, 0.0, 0.0, 1.0],
                [1.0, 0.0, 0.0, -5e-06, 0.0, 0.460475, -0.887673, 1.684837, 0.0, 0.887673, 0.460475, 0.603329, 0.0, 0.0, 0.0, 1.0],
                [1.0, 0.0, 0.0, -5e-06, 0.0, 0.460475, -0.887673, 1.684837, 0.0, 0.887673, 0.460475, 0.603329, 0.0, 0.0, 0.0, 1.0]
            ]
        },
        {
            "name": "Thigh_R",
            "time": [0.0, 0.15, 0.3, 0.4, 0.5167, 0.75],
            "transform": [
                [0.943046, 0.230038, -0.240305, 0.124994, 0.241094, -0.970346, 0.01725, -0.00283, -0.229211, -0.074203, -0.970544, -1.2e-05, 0.0, 0.0, 0.0, 1.0],
                [0.788163, 0.220815, -0.57449, 0.124994, 0.349476, -0.928912, 0.122415, -0.00283, -0.506621, -0.297253, -0.809306, -1.2e-05, 0.0, 0.0, 0.0, 1.0],
                [0.77618, 0.188455, -0.601689, 0.124994, 0.383564, -0.898526, 0.213369, -0.002831, -0.500423, -0.396398, -0.769704, -1.2e-05, 0.0, 0.0, 0.0, 1.0],
                [0.997626, -0.041869, -0.05466, 0.124994, 0.046121, -0.183093, 0.982013, -0.002831, -0.051124, -0.982201, -0.180729, -1.2e-05, 0.0, 0.0, 0.0, 1.0],
                [0.999287, -0.035197, -0.013653, 0.124994, 0.009138, -0.125382, 0.992067, -0.002831, -0.03663, -0.991482, -0.124971, -1.2e-05, 0.0, 0.0, 0.0, 1.0],
                [0.999287, -0.035197, -0.013653, 0.124994, 0.009138, -0.125382, 0.992067, -0.002831, -0.03663, -0.991482, -0.124971, -1.2e-05, 0.0, 0.0, 0.0, 1.0]
            ]
        },
        {
            "name": "Leg_R",
            "time": [0.0, 0.15, 0.3, 0.4, 0.5167, 0.75],
            "transform": [
                [1.0, -0.0, 1e-06, -0.0, 0.0, 0.999946, 0.010484, 0.37472, -1e-06, -0.010484, 0.999944, -0.0, 0.0, 0.0, 0.0, 1.0],
                [1.0, -0.0, 1e-06, 0.0, -0.0, 0.866945, 0.498405, 0.37472, -1e-06, -0.498406, 0.866944, 0.0, 0.0, 0.0, 0.0, 1.0],
                [1.0, -0.0, 1e-06, 0.0, -0.0, 0.889383, 0.457164, 0.37472, -1e-06, -0.457165, 0.889381, 0.0, 0.0, 0.0, 0.0, 1.0],
                [1.0, -1e-06, 2e-06, 0.0, -1e-06, 0.612485, 0.790482, 0.37472, -2e-06, -0.790483, 0.612484, 0.0, 0.0, 0.0, 0.0, 1.0],
                [1.0, -1e-06, 2e-06, 0.0, -1e-06, 0.589685, 0.807633, 0.37472, -2e-06, -0.807634, 0.589684, 0.0, 0.0, 0.0, 0.0, 1.0],
                [1.0, -1e-06, 2e-06, 0.0, -1e-06, 0.589685, 0.807633, 0.37472, -2e-06, -0.807634, 0.589684, 0.0, 0.0, 0.0, 0.0, 1.0]
            ]
        },
        {
            "name": "Knee_R",
            "time": [0.0, 0.15, 0.3, 0.4, 0.5167, 0.75],
            "transform": [
                [1.0, 0.0, -0.0, -0.0, -0.0, 1e-06, -1.0, 0.409452, -0.0, 1.0, 1e-06, -0.0, 0.0, 0.0, 0.0, 1.0],
                [1.0, 0.0, -0.0, 0.0, -0.0, 1e-06, -1.0, 0.407949, -0.0, 1.0, 1e-06, -0.0, 0.0, 0.0, 0.0, 1.0],
                [1.0, 0.0, -0.0, 0.0, -0.0, 1e-06, -1.0, 0.403493, -0.0, 1.0, 1e-06, 0.0, 0.0, 0.0, 0.0, 1.0],
                [1.0, 0.0, -0.0, 0.0, -0.0, 1e-06, -1.0, 0.399715, -0.0, 1.0, 1e-06, -0.0, 0.0, 0.0, 0.0, 1.0],
                [1.0, 0.0, -0.0, 0.0, -0.0, 1e-06, -1.0, 0.399551, -0.0, 1.0, 1e-06, 0.0, 0.0, 0.0, 0.0, 1.0],
                [1.0, 0.0, -0.0, 0.0, -0.0, 1e-06, -1.0, 0.399551, -0.0, 1.0, 1e-06, 0.0, 0.0, 0.0, 0.0, 1.0]
            ]
        },
        {
            "name": "Thigh_L",
            "time": [0.0, 0.15, 0.3, 0.4, 0.5167, 0.75],
            "transform": [
                [0.418771, -0.089146, -0.903705, -0.125006, 0.001304, -0.99511, 0.098767, -0.002831, -0.90809, -0.042539, -0.416607, -1.2e-05, 0.0, 0.0, 0.0, 1.0],
                [0.304248, -0.570858, -0.762597, -0.125006, 0.021563, -0.796216, 0.604627, -0.002831, -0.952348, -0.200401, -0.229938, -1.2e-05, 0.0, 0.0, 0.0, 1.0],
                [0.089498, -0.603413, -0.792391, -0.125006, 0.003243, -0.795403, 0.606072, -0.002831, -0.995981, -0.056812, -0.069231, -1.2e-05, 0.0, 0.0, 0.0, 1.0],
                [0.969698, -0.055297, -0.237962, -0.125006, -0.032967, -0.994756, 0.096814, -0.002831, -0.242067, -0.086035, -0.966437, -1.2e-05, 0.0, 0.0, 0.0, 1.0],
                [0.985343, -0.024216, -0.168854, -0.125006, -0.012659, -0.997523, 0.069186, -0.002831, -0.170112, -0.066034, -0.983209, -1.2e-05, 0.0, 0.0, 0.0, 1.0],
                [0.985343, -0.024216, -0.168854, -0.125006, -0.012659, -0.997523, 0.069186, -0.002831, -0.170112, -0.066034, -0.983209, -1.2e-05, 0.0, 0.0, 0.0, 1.0]
            ]
        },
        {
            "name": "Leg_L",
            "time": [0.0, 0.15, 0.3, 0.4, 0.5167, 0.75],
            "transform": [
                [1.0, -0.0, 7e-06, -0.0, 0.0, 0.999951, 0.009863, 0.37472, -7e-06, -0.009863, 0.999952, 0.0, 0.0, 0.0, 0.0, 1.0],
                [1.0, -1e-06, 3e-06, -0.0, -1e-06, 0.821685, 0.569942, 0.37472, -3e-06, -0.569941, 0.821685, 0.0, 0.0, 0.0, 0.0, 1.0],
                [1.0, -1e-06, 2e-06, -0.0, -0.0, 0.810535, 0.58569, 0.37472, -2e-06, -0.585689, 0.810536, 0.0, 0.0, 0.0, 0.0, 1.0],
                [1.0, -1e-06, 1e-06, 0.0, 0.0, 0.933891, 0.357557, 0.37472, -1e-06, -0.357557, 0.933892, 0.0, 0.0, 0.0, 0.0, 1.0],
                [1.0, -1e-06, 1e-06, -0.0, 0.0, 0.93986, 0.34156, 0.37472, -1e-06, -0.341559, 0.939861, 0.0, 0.0, 0.0, 0.0, 1.0],
                [1.0, -1e-06, 1e-06, -0.0, 0.0, 0.93986, 0.34156, 0.37472, -1e-06, -0.341559, 0.939861, 0.0, 0.0, 0.0, 0.0, 1.0]
            ]
        },
        {
            "name": "Knee_L",
            "time": [0.0, 0.15, 0.3, 0.4, 0.5167, 0.75],
            "transform": [
                [1.0, 0.0, -0.0, -0.0, -0.0, 1e-06, -1.0, 0.367852, -0.0, 1.0, 1e-06, 0.0, 0.0, 0.0, 0.0, 1.0],
                [1.0, 0.0, -0.0, -0.0, -0.0, 1e-06, -1.0, 0.369893, -0.0, 1.0, 1e-06, -0.0, 0.0, 0.0, 0.0, 1.0],
                [1.0, 0.0, -0.0, -0.0, -0.0, 1e-06, -1.0, 0.375941, -0.0, 1.0, 1e-06, 0.0, 0.0, 0.0, 0.0, 1.0],
                [1.0, 0.0, -0.0, -0.0, -0.0, 1e-06, -1.0, 0.38107, -0.0, 1.0, 1e-06, -0.0, 0.0, 0.0, 0.0, 1.0],
                [1.0, 0.0, -0.0, -0.0, -0.0, 1e-06, -1.0, 0.381294, -0.0, 1.0, 1e-06, -0.0, 0.0, 0.0, 0.0, 1.0],
                [1.0, 0.0, -0.0, -0.0, -0.0, 1e-06, -1.0, 0.381294, -0.0, 1.0, 1e-06, -0.0, 0.0, 0.0, 0.0, 1.0]
            ]
        },
        {
            "name": "Torso",
            "time": [0.0, 0.15, 0.3, 0.4, 0.5167, 0.75],
            "transform": [
                [0.99978, -0.020971, -0.000197, -0.0, 0.020971, 0.999603, 0.018821, 0.05, -0.000197, -0.018821, 0.999823, 0.0, 0.0, 0.0, 0.0, 1.0],
                [0.99978, -0.020971, -0.000197, 0.0, 0.020971, 0.999603, 0.018833, 0.05, -0.000198, -0.018833, 0.999823, 0.0, 0.0, 0.0, 0.0, 1.0],
                [0.99978, -0.020971, -0.000197, -0.0, 0.020971, 0.999603, 0.018833, 0.05, -0.000198, -0.018833, 0.999823, 0.0, 0.0, 0.0, 0.0, 1.0],
                [0.999999, -0.001296, -1e-06, -0.0, 0.001296, 0.999998, 0.001164, 0.05, -1e-06, -0.001164, 0.999999, -0.0, 0.0, 0.0, 0.0, 1.0],
                [1.0, -0.0, 0.0, 0.0, 0.0, 1.0, 0.0, 0.05, 0.0, 0.0, 1.0, 0.0, 0.0, 0.0, 0.0, 1.0],
                [1.0, -0.0, 0.0, 0.0, 0.0, 1.0, 0.0, 0.05, 0.0, 0.0, 1.0, 0.0, 0.0, 0.0, 0.0, 1.0]
            ]
        },
        {
            "name": "Chest",
            "time": [0.0, 0.75],