{
    "animation": [
        {
            "name": "Root",
            "time": [0.0, 0.0333, 0.1, 0.2333, 0.8333],
            "transform": [
                [0.995149, -0.036188, -0.091482, -5e-06, -0.089556, 0.051663, -0.994641, 0.001114, 0.040721, 0.998009, 0.048172, 0.737271, 0.0, 0.0, 0.0, 1.0],
                [0.963792, -0.042759, -0.263203, -5e-06, -0.259665, 0.074009, -0.962859, 0.049944, 0.06065, 0.996341, 0.060226, 0.74908, 0.0, 0.0, 0.0, 1.0],
                [0.529478, -0.025634, -0.847937, -5e-06, -0.83383, 0.168254, -0.525755, 0.675596, 0.156146, 0.98541, 0.067712, 0.717013, 0.0, 0.0, 0.0, 1.0],
                [0.255131, 0.0, -0.966906, -5e-06, -0.94776, 0.198017, -0.250079, 1.0008, 0.191464, 0.980199, 0.05052, 0.661193, 0.0, 0.0, 0.0, 1.0],
                [0.255131, 0.0, -0.966906, -5e-06, -0.94776, 0.198017, -0.250079, 1.0008, 0.191464, 0.980199, 0.05052, 0.661193, 0.0, 0.0, 0.0, 1.0]
            ]
        },
        {
            "name": "Thigh_R",
            "time": [0.0, 0.0333, 0.1, 0.2333, 0.8333],
            "transform": [
                [0.993612, -0.045249, -0.103381, 0.134304, -0.003237, -0.927143, 0.37469, -0.003304, -0.112804, -0.37196, -0.921369, -0.004777, 0.0, 0.0, 0.0, 1.0],
                [0.97265, -0.104957, -0.207209, 0.135749, -0.045225, -0.960586, 0.274273, -0.003377, -0.227829, -0.257399, -0.939063, -0.005517, 0.0, 0.0, 0.0, 1.0],
                [0.991342, 0.059047, -0.117278, 0.128643, 0.068308, -0.994719, 0.076578, -0.003016, -0.112137, -0.083926, -0.990143, -0.001879, 0.0, 0.0, 0.0, 1.0],
                [0.953575, 0.287558, -0.089471, 0.124994, 0.278815, -0.955265, -0.098624, -0.002831, -0.113829, 0.069099, -0.991095, -1.2e-05, 0.0, 0.0, 0.0, 1.0],
                [0.953575, 0.287558, -0.089471, 0.124994, 0.278815, -0.955265, -0.098624, -0.002831, -0.113829, 0.069099, -0.991095, -1.2e-05, 0.0, 0.0, 0.0, 1.0]
            ]
        },
        {
            "name": "Leg_R",
            "time": [0.0, 0.0333, 0.1, 0.2333, 0.8333],
            "transform": [
                [0.999999, -0.000901, 0.001126, 0.0, 0.000546, 0.959356, 0.2822, 0.37472, -0.001335, -0.282199, 0.959354, 0.0, 0.0, 0.0, 0.0, 1.0],
                [0.999999, -0.000954, 0.001357, 0.0, 0.000722, 0.986911, 0.161265, 0.37472, -0.001493, -0.161264, 0.986909, 0.0, 0.0, 0.0, 0.0, 1.0],
                [1.0, -0.000305, 0.000464, -0.0, 0.000256, 0.994672, 0.103092, 0.37472, -0.000493, -0.103092, 0.994671, -0.0, 0.0, 0.0, 0.0, 1.0],
                [1.0, 0.0, 1e-06, 0.0, -0.0, 0.999943, 0.010748, 0.37472, -1e-06, -0.010748, 0.999942, 0.0, 0.0, 0.0, 0.0, 1.0],
                [1.0, 0.0, 1e-06, 0.0, -0.0, 0.999943, 0.010748, 0.37472, -1e-06, -0.010748, 0.999942, 0.0, 0.0, 0.0, 0.0, 1.0]
            ]
        },
        {
            "name": "Knee_R",
            "time": [0.0, 0.0333, 0.1, 0.2333, 0.8333],
            "transform": [
                [1.0, 0.0, -0.0, 0.0, -0.0, 1e-06, -1.0, 0.379523, -0.0, 1.0, 1e-06, 0.0, 0.0, 0.0, 0.0, 1.0],
                [1.0, 0.0, -0.0, 0.0, -0.0, 1e-06, -1.0, 0.374877, -0.0, 1.0, 1e-06, 0.0, 0.0, 0.0, 0.0, 1.0],
                [1.0, 0.0, -0.0, -0.0, -0.0, 1e-06, -1.0, 0.376869, -0.0, 1.0, 1e-06, 0.0, 0.0, 0.0, 0.0, 1.0],
                [1.0, 0.0, -0.0, 0.0, -0.0, 1e-06, -1.0, 0.37472, -0.0, 1.0, 1e-06, 0.0, 0.0, 0.0, 0.0, 1.0],
                [1.0, 0.0, -0.0, 0.0, -0.0, 1e-06, -1.0, 0.37472, -0.0, 1.0, 1e-06, 0.0, 0.0, 0.0, 0.0, 1.0]
            ]
        },
        {
            "name": "Thigh_L",
            "time": [0.0, 0.0333, 0.1, 0.2333, 0.8333],
            "transform": [
                [0.990282, -0.109193, -0.086129, -0.1418, -0.090595, -0.976371, 0.19619, -0.002032, -0.105516, -0.18648, -0.976776, 0.017345, 0.0, 0.0, 0.0, 1.0],
                [0.963174, -0.157458, -0.217947, -0.144407, -0.068314, -0.927297, 0.368036, -0.001908, -0.260052, -0.339593, -0.903908, 0.022208, 0.0, 0.0, 0.0, 1.0],
                [0.547499, -0.677507, -0.491149, -0.143802, -0.05784, -0.616168, 0.785488, -0.001965, -0.834804, -0.401645, -0.376539, 0.03036, 0.0, 0.0, 0.0, 1.0],
                [0.251778, -0.854135, -0.455038, -0.143491, 0.006693, -0.468636, 0.883366, -0.001994, -0.967761, -0.225457, -0.112276, 0.033142, 0.0, 0.0, 0.0, 1.0],
                [0.251778, -0.854135, -0.455038, -0.143491, 0.006693, -0.468636, 0.883366, -0.001994, -0.967761, -0.225457, -0.112276, 0.033142, 0.0, 0.0, 0.0, 1.0]
            ]
        },
        {
            "name": "Leg_L",
            "time": [0.0, 0.0333, 0.1, 0.2333, 0.8333],
            "transform": [
                [1.0, -0.000925, 0.000423, -0.0, 0.00026, 0.634553, 0.772879, 0.37472, -0.000983, -0.772878, 0.634554, -0.0, 0.0, 0.0, 0.0, 1.0],
                [0.999999, -0.001105, 0.000398, 0.0, 0.000206, 0.499266, 0.866449, 0.37472, -0.001156, -0.866448, 0.499266, 0.0, 0.0, 0.0, 0.0, 1.0],
                [0.999999, -0.00109, 0.000276, -0.0, 8.8e-05, 0.321114, 0.947041, 0.37472, -0.001121, -0.94704, 0.321114, -0.0, 0.0, 0.0, 0.0, 1.0],
                [1.0, -1e-06, 3e-06, 0.0, -2e-06, 0.622369, 0.782724, 0.37472, -3e-06, -0.782723, 0.62237, 0.0, 0.0, 0.0, 0.0, 1.0],
                [1.0, -1e-06, 3e-06, 0.0, -2e-06, 0.622369, 0.782724, 0.37472, -3e-06, -0.782723, 0.62237, 0.0, 0.0, 0.0, 0.0, 1.0]
            ]
        },
        {
            "name": "Knee_L",
            "time": [0.0, 0.0333, 0.1, 0.2333, 0.8333],
            "transform": [
                [1.0, 0.0, -0.0, 8.5e-05, -0.0, 1e-06, -1.0, 0.417794, -0.0, 1.0, 1e-06, 0.000834, 0.0, 0.0, 0.0, 1.0],
                [1.0, 0.0, -0.0, 9.9e-05, -0.0, 1e-06, -1.0, 0.431155, -0.0, 1.0, 1e-06, 0.000963, 0.0, 0.0, 0.0, 1.0],
                [1.0, 0.0, -0.0, 9.7e-05, -0.0, 1e-06, -1.0, 0.446595, -0.0, 1.0, 1e-06, 0.000949, 0.0, 0.0, 0.0, 1.0],
                [1.0, 0.0, -0.0, 0.0, -0.0, 1e-06, -1.0, 0.415002, -0.0, 1.0, 1e-06, 0.0, 0.0, 0.0, 0.0, 1.0],
                [1.0, 0.0, -0.0, 0.0, -0.0, 1e-06, -1.0, 0.415002, -0.0, 1.0, 1e-06, 0.0, 0.0, 0.0, 0.0, 1.0]
            ]
        },
        {
            "name": "Torso",
            "time": [0.0, 0.0333, 0.8333],
            "transform": [
                [1.0, -0.000465, -0.0, 0.0, 0.000465, 1.0, 0.000418, 0.05, -0.0, -0.000418, 1.0, -0.0, 0.0, 0.0, 0.0, 1.0],
                [1.0, 0.0, 0.0, -0.0, -0.0, 1.0, 0.0, 0.05, -0.0, -0.0, 1.0, -0.0, 0.0, 0.0, 0.0, 1.0],
                [1.0, -0.0, -0.0, 0.0, 0.0, 1.0, 0.0, 0.05, -0.0, -0.0, 1.0, -0.0, 0.0, 0.0, 0.0, 1.0]
            ]
        },
        {
            "name": "Chest",
            "time": [0.0, 0.0333, 0.8333],
            "transform": [
                [0.999717, -0.023773, 0.000672, 0.0, 0.023773, 0.998119, -0.056501, 0.3, 0.000672, 0.056501, 0.998402, 0.0, 0.0, 0.0, 0.0, 1.0],
                [0.999716, -0.023825, 0.000694, -0.0, 0.023825, 0.99802, -0.058215, 0.3, 0.000694, 0.058215, 0.998304, -0.0, 0.0, 0.0, 0.0, 1.0],
                [0.999716, -0.023825, 0.000694, -0.0, 0.023825, 0.99802, -0.058215, 0.3, 0.000694, 0.058215, 0.998304, -0.0, 0.0, 0.0, 0.0, 1.0]
            ]
        },
        {
            "name": "Head",
            "time": [0.0, 0.0333, 0.1, 0.15, 0.2333, 0.8333],