{
    "animation": [
        {
            "name": "Root",
            "time": [0.0, 0.0833, 0.2833, 0.3667, 0.45, 0.7],
            "transform": [
                [0.998193, -0.002207, -0.060051, -5e-06, -0.059356, 0.119609, -0.991045, 0.000946, 0.00937, 0.992819, 0.119262, 0.677217, 0.0, 0.0, 0.0, 1.0],
                [0.99983, 0.015249, -0.010409, -5e-06, -0.00738, -0.186696, -0.98239, 0.000946, -0.016924, 0.982299, -0.186552, 0.763972, 0.0, 0.0, 0.0, 1.0],
                [0.999816, 0.018661, -0.004335, -5e-06, 0.0, -0.226292, -0.97406, 0.000946, -0.019158, 0.973881, -0.22625, 0.825338, 0.0, 0.0, 0.0, 1.0],
                [1.0, 0.0, 0.0, -5e-06, 0.0, 0.379534, -0.925178, 0.000946, 0.0, 0.925178, 0.379534, 0.582409, 0.0, 0.0, 0.0, 1.0],
                [1.0, 0.0, 0.0, -5e-06, 0.0, 0.427436, -0.904046, 0.000946, 0.0, 0.904046, 0.427436, 0.569829, 0.0, 0.0, 0.0, 1.0],
                [1.0, 0.0, 0.0, -5e-06, 0.0, 0.427436, -0.904046, 0.000946, 0.0, 0.904046, 0.427436, 0.569829, 0.0, 0.0, 0.0, 1.0]
            ]
        },
        {
            "name": "Thigh_R",
            "time": [0.0, 0.0833, 0.2833, 0.3667, 0.45, 0.7],
            "transform": [
                [0.98573, 0.081901, 0.147065, 0.124994, 0.106846, -0.979519, -0.170652, -0.002831, 0.130076, 0.18393, -0.974295, -1.2e-05, 0.0, 0.0, 0.0, 1.0],
                [0.992339, 0.030785, 0.119647, 0.124994, 0.098433, -0.782272, -0.615109, -0.002831, 0.074661, 0.622173, -0.779311, -1.2e-05, 0.0, 0.0, 0.0, 1.0],
                [0.993123, 0.025296, 0.11431, 0.124994, 0.095349, -0.741319, -0.664344, -0.002831, 0.067935, 0.670674, -0.738634, -1.2e-05, 0.0, 0.0, 0.0, 1.0],
                [0.992226, 0.11295, -0.052239, 0.127022, 0.113271, -0.645843, 0.75502, -0.003915, 0.051542, -0.755066, -0.653619, 0.001446, 0.0, 0.0, 0.0, 1.0],
                [0.9929, 0.098101, -0.067268, 0.127225, 0.109812, -0.538619, 0.835362, -0.004023, 0.045718, -0.836816, -0.54557, 0.001592, 0.0, 0.0, 0.0, 1.0],
                [0.9929, 0.098101, -0.067268, 0.127225, 0.109812, -0.538619, 0.835362, -0.004023, 0.045718, -0.836816, -0.54557, 0.001592, 0.0, 0.0, 0.0, 1.0]
            ]
        },
        {
            "name": "Leg_R",
            "time": [0.0, 0.2833, 0.3667, 0.45, 0.7],
            "transform": [
                [1.0, -0.0, 3e-06, 0.0, 0.0, 0.999952, 0.010037, 0.37472, -3e-06, -0.010037, 0.999948, -0.0, 0.0, 0.0, 0.0, 1.0],
                [1.0, -0.0, 3e-06, -0.0, 0.0, 0.999952, 0.010037, 0.37472, -3e-06, -0.010037, 0.999948, 0.0, 0.0, 0.0, 0.0, 1.0],
                [0.999999, 0.00101, -0.00094, -0.0, -0.000266, 0.809709, 0.586832, 0.37472, 0.001354, -0.586834, 0.809706, 0.0, 0.0, 0.0, 0.0, 1.0],
                [0.999999, 0.001137, -0.000995, 0.0, -0.000246, 0.772564, 0.634938, 0.37472, 0.00149, -0.63494, 0.77256, 0.0, 0.0, 0.0, 0.0, 1.0],
                [0.999999, 0.001137, -0.000995, 0.0, -0.000246, 0.772564, 0.634938, 0.37472, 0.00149, -0.63494, 0.77256, 0.0, 0.0, 0.0, 0.0, 1.0]
            ]
        },
        {
            "name": "Knee_R",
            "time": [0.0, 0.2833, 0.3667, 0.45, 0.7],
            "transform": [
                [1.0, 0.0, -0.0, 0.0, -0.0, 1e-06, -1.0, 0.37472, -0.0, 1.0, 1e-06, -0.0, 0.0, 0.0, 0.0, 1.0],
                [1.0, 0.0, -0.0, -0.0, -0.0, 1e-06, -1.0, 0.37472, -0.0, 1.0, 1e-06, 0.0, 0.0, 0.0, 0.0, 1.0],
                [1.0, 0.0, -0.0, -4.3e-05, -0.0, 1e-06, -1.0, 0.397406, -0.0, 1.0, 1e-06, -0.002063, 0.0, 0.0, 0.0, 1.0],
                [1.0, 0.0, -0.0, -4.8e-05, -0.0, 1e-06, -1.0, 0.399675, -0.0, 1.0, 1e-06, -0.00227, 0.0, 0.0, 0.0, 1.0],
                [1.0, 0.0, -0.0, -4.8e-05, -0.0, 1e-06, -1.0, 0.399675, -0.0, 1.0, 1e-06, -0.00227, 0.0, 0.0, 0.0, 1.0]
            ]
        },
        {
            "name": "Thigh_L",
            "time": [0.0, 0.0833, 0.2833, 0.3667, 0.45, 0.7],
            "transform": [
                [0.996498, -0.012931, -0.082607, -0.125006, -0.017623, -0.998257, -0.056333, -0.002831, -0.081735, 0.057592, -0.994988, -1.2e-05, 0.0, 0.0, 0.0, 1.0],
                [0.997024, 0.007195, -0.076746, -0.125006, -0.029962, -0.881159, -0.471869, -0.002831, -0.07102, 0.472765, -0.878322, -1.2e-05, 0.0, 0.0, 0.0, 1.0],
                [0.99711, 0.009572, -0.075355, -0.125006, -0.031191, -0.852938, -0.52108, -0.002831, -0.069261, 0.521925, -0.850174, -1.2e-05, 0.0, 0.0, 0.0, 1.0],
                [0.989327, -0.112037, 0.093163, -0.124975, -0.134495, -0.456162, 0.879674, -0.001919, -0.056058, -0.882816, -0.466362, 0.000319, 0.0, 0.0, 0.0, 1.0],
                [0.987713, -0.107623, 0.113312, -0.124971, -0.142948, -0.329208, 0.933374, -0.001828, -0.06315, -0.938104, -0.340548, 0.000352, 0.0, 0.0, 0.0, 1.0],
                [0.987713, -0.107623, 0.113312, -0.124971, -0.142948, -0.329208, 0.933374, -0.001828, -0.06315, -0.938104, -0.340548, 0.000352, 0.0, 0.0, 0.0, 1.0]
            ]
        },
        {
            "name": "Leg_L",
            "time": [0.0, 0.2833, 0.3667, 0.45, 0.7],
            "transform": [
                [1.0, -0.0, 1e-06, 0.0, 0.0, 0.999941, 0.01082, 0.37472, -1e-06, -0.01082, 0.999943, -0.0, 0.0, 0.0, 0.0, 1.0],
                [1.0, -0.0, 1e-06, -0.0, 0.0, 0.999941, 0.01082, 0.37472, -1e-06, -0.01082, 0.999943, 0.0, 0.0, 0.0, 0.0, 1.0],
                [0.999993, 0.003672, -0.001232, -0.0, -0.001219, 0.600356, 0.799732, 0.37472, 0.003676, -0.799723, 0.600357, -0.0, 0.0, 0.0, 0.0, 1.0],
                [0.999991, 0.004053, -0.001163, 0.0, -0.001149, 0.527355, 0.849645, 0.37472, 0.004057, -0.849634, 0.527356, -0.0, 0.0, 0.0, 0.0, 1.0],
                [0.999991, 0.004053, -0.001163, 0.0, -0.001149, 0.527355, 0.849645, 0.37472, 0.004057, -0.849634, 0.527356, -0.0, 0.0, 0.0, 0.0, 1.0]
            ]
        },
        {
            "name": "Knee_L",
            "time": [0.0, 0.2833, 0.3667, 0.45, 0.7],
            "transform": [
                [1.0, 0.0, -0.0, 0.0, -0.0, 1e-06, -1.0, 0.37472, -0.0, 1.0, 1e-06, -0.0, 0.0, 0.0, 0.0, 1.0],
                [1.0, 0.0, -0.0, -0.0, -0.0, 1e-06, -1.0, 0.37472, -0.0, 1.0, 1e-06, 0.0, 0.0, 0.0, 0.0, 1.0],
                [1.0, 0.0, -0.0, -0.0, -0.0, 1e-06, -1.0, 0.419505, -0.0, 1.0, 1e-06, 0.0, 0.0, 0.0, 0.0, 1.0],
                [1.0, 0.0, -0.0, 0.0, -0.0, 1e-06, -1.0, 0.423983, -0.0, 1.0, 1e-06, -0.0, 0.0, 0.0, 0.0, 1.0],
                [1.0, 0.0, -0.0, 0.0, -0.0, 1e-06, -1.0, 0.423983, -0.0, 1.0, 1e-06, -0.0, 0.0, 0.0, 0.0, 1.0]
            ]
        },
        {
            "name": "Torso",
            "time": [0.0, 0.0833, 0.2833, 0.3667, 0.45, 0.7],
            "transform": [
                [0.999949, 0.010047, -0.001221, -0.0, -0.010109, 0.985817, -0.167518, 0.05, -0.00048, 0.167522, 0.985868, 0.0, 0.0, 0.0, 0.0, 1.0],
                [0.999925, -0.012227, -0.00012, -0.0, 0.012227, 0.999731, 0.01969, 0.05, -0.00012, -0.01969, 0.999806, 0.0, 0.0, 0.0, 0.0, 1.0],
                [0.999904, -0.013857, -0.000155, -0.0, 0.013857, 0.999655, 0.022315, 0.05, -0.000155, -0.022315, 0.999751, -0.0, 0.0, 0.0, 0.0, 1.0],
                [0.999999, -0.00126, -1e-06, 0.0, 0.00126, 0.999997, 0.002029, 0.05, -1e-06, -0.002029, 0.999998, 0.0, 0.0, 0.0, 0.0, 1.0],
                [1.0, 0.0, 0.0, 0.0, 0.0, 1.0, 0.0, 0.05, 0.0, 0.0, 1.0, -0.0, 0.0, 0.0, 0.0, 1.0],
                [1.0, 0.0, 0.0, 0.0, 0.0, 1.0, 0.0, 0.05, 0.0, 0.0, 1.0, -0.0, 0.0, 0.0, 0.0, 1.0]
            ]
        },
        {
            "name": "Chest",
            "time": [0.0, 0.0833, 0.2833, 0.3667, 0.45, 0.7],