{
    "animation": [
        {
            "name": "Root",
            "time": [0.0, 0.1, 0.3, 0.4667, 0.8333],
            "transform": [
                [0.626413, -0.004619, -0.779477, -5e-06, -0.779474, -0.01033, -0.626349, 0.196278, -0.005159, 0.999936, -0.010071, 0.73842, 0.0, 0.0, 0.0, 1.0],
                [0.950598, -0.0003, -0.310424, -5e-06, -0.310254, -0.033958, -0.950047, 0.036117, -0.010257, 0.999423, -0.032373, 0.764142, 0.0, 0.0, 0.0, 1.0],
                [0.314499, -0.045383, 0.948172, -5e-06, 0.917519, 0.270664, -0.291377, 1.007925, -0.243413, 0.961604, 0.126763, 0.671237, 0.0, 0.0, 0.0, 1.0],
                [0.237571, -0.057877, 0.969644, -5e-06, 0.933919, 0.288117, -0.211621, 1.008512, -0.267123, 0.955845, 0.122501, 0.661193, 0.0, 0.0, 0.0, 1.0],
                [0.237571, -0.057877, 0.969644, -5e-06, 0.933919, 0.288117, -0.211621, 1.008512, -0.267123, 0.955845, 0.122501, 0.661193, 0.0, 0.0, 0.0, 1.0]
            ]
        },
        {
            "name": "Thigh_R",
            "time": [0.0, 0.1, 0.3, 0.4667, 0.8333],
            "transform": [
                [0.986488, 0.162901, -0.017456, 0.124994, 0.156929, -0.908925, 0.386297, -0.002831, 0.047062, -0.383815, -0.92221, -1.2e-05, 0.0, 0.0, 0.0, 1.0],
                [0.990857, 0.006585, -0.134749, 0.124994, 0.085196, -0.80499, 0.587137, -0.002831, -0.104606, -0.593248, -0.798194, -1.2e-05, 0.0, 0.0, 0.0, 1.0],
                [0.318649, 0.859137, 0.400429, 0.124994, -0.053747, -0.405392, 0.912561, -0.002831, 0.946347, -0.312308, -0.083002, -1.2e-05, 0.0, 0.0, 0.0, 1.0],
                [0.225486, 0.893777, 0.387706, 0.124994, -0.062385, -0.383891, 0.921269, -0.00283, 0.972247, -0.23192, -0.030804, -1.2e-05, 0.0, 0.0, 0.0, 1.0],
                [0.225486, 0.893777, 0.387706, 0.124994, -0.062385, -0.383891, 0.921269, -0.00283, 0.972247, -0.23192, -0.030804, -1.2e-05, 0.0, 0.0, 0.0, 1.0]
            ]
        },
        {
            "name": "Leg_R",
            "time": [0.0, 0.1, 0.3, 0.4667, 0.8333],
            "transform": [
                [1.0, -0.0, 1e-06, 0.0, -0.0, 0.700672, 0.713484, 0.37472, -1e-06, -0.713485, 0.700671, -0.0, 0.0, 0.0, 0.0, 1.0],
                [1.0, -0.0, 1e-06, 0.0, -1e-06, 0.155556, 0.987826, 0.37472, -0.0, -0.987828, 0.155556, 0.0, 0.0, 0.0, 0.0, 1.0],
                [1.0, 0.0, 1e-06, -0.0, -1e-06, 0.546382, 0.837535, 0.37472, -0.0, -0.837537, 0.546382, -0.0, 0.0, 0.0, 0.0, 1.0],
                [1.0, 0.0, 1e-06, -0.0, -1e-06, 0.586229, 0.810145, 0.37472, -0.0, -0.810146, 0.586228, -0.0, 0.0, 0.0, 0.0, 1.0],
                [1.0, 0.0, 1e-06, -0.0, -1e-06, 0.586229, 0.810145, 0.37472, -0.0, -0.810146, 0.586228, -0.0, 0.0, 0.0, 0.0, 1.0]
            ]
        },
        {
            "name": "Knee_R",
            "time": [0.0, 0.1, 0.3, 0.4667, 0.8333],
            "transform": [
                [1.0, 0.0, -0.0, 0.0, -0.0, 1e-06, -1.0, 0.466807, -0.0, 1.0, 1e-06, 0.001628, 0.0, 0.0, 0.0, 1.0],
                [1.0, 0.0, -0.0, 0.0, -0.0, 1e-06, -1.0, 0.466807, -0.0, 1.0, 1e-06, 0.001628, 0.0, 0.0, 0.0, 1.0],
                [1.0, 0.0, -0.0, 0.0, -0.0, 1e-06, -1.0, 0.420618, -0.0, 1.0, 1e-06, 0.000159, 0.0, 0.0, 0.0, 1.0],
                [1.0, 0.0, -0.0, 0.0, -0.0, 1e-06, -1.0, 0.415409, -0.0, 1.0, 1e-06, -0.0, 0.0, 0.0, 0.0, 1.0],
                [1.0, 0.0, -0.0, 0.0, -0.0, 1e-06, -1.0, 0.415409, -0.0, 1.0, 1e-06, -0.0, 0.0, 0.0, 0.0, 1.0]
            ]
        },
        {
            "name": "Thigh_L",
            "time": [0.0, 0.1, 0.3, 0.4667, 0.8333],
            "transform": [
                [0.707098, -0.280145, -0.649254, -0.125006, -0.050044, -0.935696, 0.349239, -0.002831, -0.705342, -0.214455, -0.675649, -1.2e-05, 0.0, 0.0, 0.0, 1.0],
                [0.99186, -0.043312, -0.119737, -0.125006, -0.02853, -0.992056, 0.122521, -0.002831, -0.124093, -0.118108, -0.985216, -1.2e-05, 0.0, 0.0, 0.0, 1.0],
                [0.993271, -0.106412, 0.045693, -0.125006, -0.114022, -0.967626, 0.225166, -0.002831, 0.020254, -0.22886, -0.973248, -1.2e-05, 0.0, 0.0, 0.0, 1.0],
                [0.992007, -0.116719, 0.047938, -0.125006, -0.124843, -0.963057, 0.23861, -0.002831, 0.018317, -0.242687, -0.969931, -1.2e-05, 0.0, 0.0, 0.0, 1.0],
                [0.992007, -0.116719, 0.047938, -0.125006, -0.124843, -0.963057, 0.23861, -0.002831, 0.018317, -0.242687, -0.969931, -1.2e-05, 0.0, 0.0, 0.0, 1.0]
            ]
        },
        {
            "name": "Leg_L",
            "time": [0.0, 0.1, 0.3, 0.4667, 0.8333],
            "transform": [
                [1.0, -0.0, 1e-06, -0.0, -0.0, 0.93493, 0.354831, 0.37472, -1e-06, -0.354831, 0.934931, -0.0, 0.0, 0.0, 0.0, 1.0],
                [1.0, 0.0, 1e-06, -0.0, -0.0, 0.983627, 0.180214, 0.37472, -1e-06, -0.180214, 0.983628, 0.0, 0.0, 0.0, 0.0, 1.0],
                [1.0, -0.0, 1e-06, 0.0, -0.0, 0.939375, 0.342892, 0.37472, -1e-06, -0.342892, 0.939375, -0.0, 0.0, 0.0, 0.0, 1.0],
                [1.0, -0.0, 1e-06, 0.0, 0.0, 0.931917, 0.362671, 0.37472, -1e-06, -0.362671, 0.931917, -0.0, 0.0, 0.0, 0.0, 1.0],
                [1.0, -0.0, 1e-06, 0.0, 0.0, 0.931917, 0.362671, 0.37472, -1e-06, -0.362671, 0.931917, -0.0, 0.0, 0.0, 0.0, 1.0]
            ]
        },
        {
            "name": "Knee_L",
            "time": [0.0, 0.1, 0.3, 0.4667, 0.8333],
            "transform": [
                [1.0, 0.0, -0.0, -0.0, -0.0, 1e-06, -1.0, 0.390262, -0.0, 1.0, 1e-06, 0.0, 0.0, 0.0, 0.0, 1.0],
                [1.0, 0.0, -0.0, -0.0, -0.0, 1e-06, -1.0, 0.390262, -0.0, 1.0, 1e-06, 0.0, 0.0, 0.0, 0.0, 1.0],
                [1.0, 0.0, -0.0, 0.0, -0.0, 1e-06, -1.0, 0.37542, -0.0, 1.0, 1e-06, -0.0, 0.0, 0.0, 0.0, 1.0],
                [1.0, 0.0, -0.0, 0.0, -0.0, 1e-06, -1.0, 0.37472, -0.0, 1.0, 1e-06, -0.0, 0.0, 0.0, 0.0, 1.0],
                [1.0, 0.0, -0.0, 0.0, -0.0, 1e-06, -1.0, 0.37472, -0.0, 1.0, 1e-06, -0.0, 0.0, 0.0, 0.0, 1.0]
            ]
        },
        {
            "name": "Torso",
            "time": [0.0, 0.1, 0.8333],
            "transform": [
                [0.999904, -0.013858, -8.6e-05, 0.0, 0.013858, 0.999827, 0.012445, 0.05, -8.6e-05, -0.012445, 0.999923, 0.0, 0.0, 0.0, 0.0, 1.0],
                [1.0, -0.0, 0.0, 0.0, 0.0, 1.0, 0.0, 0.05, -0.0, -0.0, 1.0, 0.0, 0.0, 0.0, 0.0, 1.0],
                [1.0, 0.0, -0.0, 0.0, -0.0, 1.0, 0.0, 0.05, 0.0, -0.0, 1.0, -0.0, 0.0, 0.0, 0.0, 1.0]
            ]
        },
        {
            "name": "Chest",
            "time": [0.0, 0.25, 0.3, 0.4667, 0.8333],
            "transform": [
                [1.0, -0.0, -0.0, -0.0, 0.0, 1.0, 0.0, 0.3, 0.0, 0.0, 1.0, -0.0, 0.0, 0.0, 0.0, 1.0],
                [1.0, -0.0, -0.0, 0.0, -0.0, 1.0, 0.0, 0.3, 0.0, 0.0, 1.0, -0.0, 0.0, 0.0, 0.0, 1.0],
                [0.999764, -0.02171, 0.000576, 0.0, 0.02171, 0.998356, -0.053046, 0.3, 0.000576, 0.053046, 0.998592, 0.0, 0.0, 0.0, 0.0, 1.0],
                [0.999716, -0.023825, 0.000694, 0.0, 0.023825, 0.99802, -0.058214, 0.3, 0.000694, 0.058214, 0.998304, -0.0, 0.0, 0.0, 0.0, 1.0],
                [0.999716, -0.023825, 0.000694, -0.0, 0.023825, 0.99802, -0.058214, 0.3, 0.000694, 0.058214, 0.998304, -0.0, 0.0, 0.0, 0.0, 1.0]
            ]
        },
        {
            "name": "Head",
            "time": [0.0, 0.1, 0.25, 0.3, 0.8333],