{
    "animation": [
        {
            "name": "Root",
            "time": [0.0, 0.3167, 0.4833, 0.65, 1.0],
            "transform": [
                [0.67299, 0.031667, -0.738974, -5e-06, -0.739632, 0.036125, -0.672041, 0.000946, 0.005414, 0.998845, 0.047733, 0.626535, 0.0, 0.0, 0.0, 1.0],
                [0.786108, -0.005707, -0.618063, -5e-06, -0.617633, 0.031185, -0.785848, 0.000946, 0.023759, 0.999497, 0.02099, 0.626535, 0.0, 0.0, 0.0, 1.0],
                [0.998163, -0.033727, 0.050333, -5e-06, 0.059704, 0.406116, -0.911869, 0.578578, 0.010314, 0.913199, 0.407384, 0.499954, 0.0, 0.0, 0.0, 1.0],
                [0.997953, -0.033892, 0.05424, -5e-06, 0.063776, 0.4634, -0.883851, 0.583072, 0.004821, 0.885501, 0.464612, 0.498969, 0.0, 0.0, 0.0, 1.0],
                [0.997953, -0.033892, 0.05424, -5e-06, 0.063776, 0.4634, -0.883851, 0.583072, 0.004821, 0.885501, 0.464612, 0.498969, 0.0, 0.0, 0.0, 1.0]
            ]
        },
        {
            "name": "Thigh_R",
            "time": [0.0, 0.3167, 0.4833, 0.65, 1.0],
            "transform": [
                [0.907919, 0.406099, -0.103757, 0.124994, 0.418431, -0.892599, 0.167866, -0.002831, -0.024444, -0.195823, -0.980335, -1.2e-05, 0.0, 0.0, 0.0, 1.0],
                [0.92917, 0.369567, -0.007837, 0.124994, 0.369494, -0.927949, 0.048784, -0.002831, 0.010757, -0.048224, -0.998779, -1.2e-05, 0.0, 0.0, 0.0, 1.0],
                [0.999991, -0.001396, -0.003895, 0.124994, -0.002485, -0.955275, -0.295701, -0.002831, -0.003308, 0.295708, -0.955273, -1.2e-05, 0.0, 0.0, 0.0, 1.0],
                [0.999998, 0.001724, -0.000332, 0.124994, 0.001609, -0.975421, -0.220333, -0.002831, -0.000704, 0.220332, -0.975425, -1.2e-05, 0.0, 0.0, 0.0, 1.0],
                [0.999998, 0.001724, -0.000332, 0.124994, 0.001609, -0.975421, -0.220333, -0.002831, -0.000704, 0.220332, -0.975425, -1.2e-05, 0.0, 0.0, 0.0, 1.0]
            ]
        },
        {
            "name": "Leg_R",
            "time": [0.0, 0.3167, 0.4833, 1.0],
            "transform": [
                [1.0, -1e-06, 2.2e-05, -0.0, -1.5e-05, 0.721651, 0.692257, 0.37472, -1.6e-05, -0.692258, 0.72165, 0.0, 0.0, 0.0, 0.0, 1.0],
                [1.0, -1e-06, 1.7e-05, 0.0, -1.1e-05, 0.760062, 0.649851, 0.37472, -1.3e-05, -0.649852, 0.760061, -0.0, 0.0, 0.0, 0.0, 1.0],
                [1.0, -0.0, 3e-05, -0.0, -9e-06, 0.953149, 0.302503, 0.37472, -2.9e-05, -0.302503, 0.953148, 0.0, 0.0, 0.0, 0.0, 1.0],
                [1.0, -0.0, 3e-05, -0.0, -9e-06, 0.953149, 0.302502, 0.37472, -2.9e-05, -0.302503, 0.953148, -0.0, 0.0, 0.0, 0.0, 1.0]
            ]
        },
        {
            "name": "Knee_R",
            "time": [0.0, 0.3167, 0.4833, 1.0],
            "transform": [
                [1.0, 0.0, -0.0, -0.0, -0.0, 1e-06, -1.0, 0.404129, -0.0, 1.0, 1e-06, 0.0, 0.0, 0.0, 0.0, 1.0],
                [1.0, 0.0, -0.0, 0.0, -0.0, 1e-06, -1.0, 0.398075, -0.0, 1.0, 1e-06, -0.0, 0.0, 0.0, 0.0, 1.0],
                [1.0, 0.0, -0.0, -0.0, -0.0, 1e-06, -1.0, 0.37472, -0.0, 1.0, 1e-06, 0.0, 0.0, 0.0, 0.0, 1.0],
                [1.0, 0.0, -0.0, -0.0, -0.0, 1e-06, -1.0, 0.37472, -0.0, 1.0, 1e-06, -0.0, 0.0, 0.0, 0.0, 1.0]
            ]
        },
        {
            "name": "Thigh_L",
            "time": [0.0, 0.3167, 0.4833, 0.65, 1.0],
            "transform": [
                [0.714616, -0.558869, -0.420701, -0.125006, 0.001859, -0.599897, 0.800074, -0.00283, -0.699514, -0.572528, -0.427658, -1.2e-05, 0.0, 0.0, 0.0, 1.0],
                [0.802022, -0.47431, -0.363029, -0.125006, 0.005186, -0.602237, 0.7983, -0.002831, -0.597271, -0.642138, -0.480548, -1.2e-05, 0.0, 0.0, 0.0, 1.0],
                [0.999844, 0.017046, -0.004501, -0.125006, 0.002934, 0.090897, 0.995856, -0.002831, 0.017384, -0.995715, 0.090832, -1.2e-05, 0.0, 0.0, 0.0, 1.0],
                [0.99976, 0.007496, -0.020549, -0.125006, 0.018988, 0.168973, 0.985437, -0.002831, 0.01086, -0.985592, 0.16879, -1.2e-05, 0.0, 0.0, 0.0, 1.0],
                [0.99976, 0.007496, -0.020549, -0.125006, 0.018988, 0.168973, 0.985437, -0.002831, 0.01086, -0.985592, 0.16879, -1.2e-05, 0.0, 0.0, 0.0, 1.0]
            ]
        },
        {
            "name": "Leg_L",
            "time": [0.0, 0.3167, 0.4833, 0.65, 1.0],
            "transform": [
                [1.0, 6e-06, 0.000353, -0.0, -0.000262, 0.682494, 0.730892, 0.37472, -0.000237, -0.730891, 0.682494, -0.0, 0.0, 0.0, 0.0, 1.0],
                [0.999999, 1.6e-05, 0.00176, -0.0, -0.001253, 0.708657, 0.705552, 0.37472, -0.001236, -0.705552, 0.708657, -0.0, 0.0, 0.0, 0.0, 1.0],
                [1.0, -1e-06, 6e-06, -0.0, -6e-06, 0.065756, 0.997836, 0.37472, -1e-06, -0.997835, 0.065756, -0.0, 0.0, 0.0, 0.0, 1.0],
                [1.0, -1e-06, 5e-06, -0.0, -5e-06, 0.1103, 0.993899, 0.37472, -2e-06, -0.993898, 0.1103, 0.0, 0.0, 0.0, 0.0, 1.0],
                [1.0, -1e-06, 5e-06, -0.0, -5e-06, 0.1103, 0.993899, 0.37472, -2e-06, -0.993898, 0.1103, 0.0, 0.0, 0.0, 0.0, 1.0]
            ]
        },
        {
            "name": "Knee_L",
            "time": [0.0, 0.3167, 0.4833, 0.65, 1.0],
            "transform": [
                [1.0, 0.0, -0.0, 0.0, -0.0, 1e-06, -1.0, 0.40757, -0.0, 1.0, 1e-06, -0.0, 0.0, 0.0, 0.0, 1.0],
                [1.0, 0.0, -0.0, 0.0, -0.0, 1e-06, -1.0, 0.40538, -0.0, 1.0, 1e-06, -0.0, 0.0, 0.0, 0.0, 1.0],
                [1.0, 0.0, -0.0, 0.0, -0.0, 1e-06, -1.0, 0.469829, -0.0, 1.0, 1e-06, -0.0, 0.0, 0.0, 0.0, 1.0],
                [1.0, 0.0, -0.0, 0.0, -0.0, 1e-06, -1.0, 0.46182, -0.0, 1.0, 1e-06, -0.0, 0.0, 0.0, 0.0, 1.0],
                [1.0, 0.0, -0.0, 0.0, -0.0, 1e-06, -1.0, 0.46182, -0.0, 1.0, 1e-06, -0.0, 0.0, 0.0, 0.0, 1.0]
            ]
        },
        {
            "name": "Torso",
            "time": [0.0, 0.3167, 0.4333, 0.4833, 0.65, 1.0],
            "transform": [
                [0.999997, -0.002533, -3e-06, -0.0, 0.002533, 0.999994, 0.002264, 0.05, -3e-06, -0.002264, 0.999997, -0.0, 0.0, 0.0, 0.0, 1.0],
                [0.999243, 0.038888, -0.001322, -0.0, -0.038906, 0.998018, -0.049466, 0.05, -0.000604, 0.04948, 0.998775, -0.0, 0.0, 0.0, 0.0, 1.0],
                [0.999943, 0.010661, -0.000171, -0.0, -0.010662, 0.999852, -0.013549, 0.05, 2.6e-05, 0.01355, 0.999908, 0.0, 0.0, 0.0, 0.0, 1.0],
                [0.999997, 0.002404, -2.6e-05, -0.0, -0.002404, 0.999993, -0.003049, 0.05, 1.8e-05, 0.003049, 0.999995, 0.0, 0.0, 0.0, 0.0, 1.0],
                [1.0, 0.0, -0.0, 0.0, -0.0, 1.0, 0.0, 0.05, 0.0, 0.0, 1.0, -0.0, 0.0, 0.0, 0.0, 1.0],
                [1.0, 0.0, -0.0, 0.0, -0.0, 1.0, 0.0, 0.05, 0.0, 0.0, 1.0, -0.0, 0.0, 0.0, 0.0, 1.0]
            ]
        },
        {
            "name": "Chest",
            "time": [0.0, 0.3167, 0.4833, 0.65, 1.0],
            "transform": [
                [0.994007, 0.108968, -0.008705, 0.0, -0.109113, 0.984178, -0.139598, 0.3, -0.006644, 0.139711, 0.99017, -0.0, 0.0, 0.0, 0.0, 1.0],
                [0.98306, 0.181809, -0.023225, -0.0, -0.182206, 0.955659, -0.231337, 0.3, -0.019864, 0.23165, 0.972597, 0.0, 0.0, 0.0, 0.0, 1.0],
                [0.999935, 0.011376, -0.000187, -0.0, -0.011377, 0.999831, -0.014471, 0.3, 2.3e-05, 0.014472, 0.999896, -0.0, 0.0, 0.0, 0.0, 1.0],
                [1.0, 0.0, 0.0, -0.0, -0.0, 1.0, -0.0, 0.3, 0.0, 0.0, 1.0, -0.0, 0.0, 0.0, 0.0, 1.0],
                [1.0, 0.0, 0.0, -0.0, -0.0, 1.0, -0.0, 0.3, 0.0, 0.0, 1.0, -0.0, 0.0, 0.0, 0.0, 1.0]
            ]
        },
        {
            "name": "Head",
            "time": [0.0, 0.3167, 0.4833, 0.65, 1.0],