{
    "animation": [
        {
            "name": "Root",
            "time": [0.0, 0.3, 0.4333, 0.6167, 0.8667, 0.95],
            "transform": [
                [0.839439, 0.017108, -0.543184, -5e-06, -0.521626, -0.255059, -0.814157, 0.000946, -0.152473, 0.966774, -0.205182, 0.726967, 0.0, 0.0, 0.0, 1.0],
                [0.299955, -0.069231, -0.951438, -5e-06, -0.933409, -0.227175, -0.27774, 0.000946, -0.196915, 0.97139, -0.132763, 0.692354, 0.0, 0.0, 0.0, 1.0],
                [0.211674, -0.089081, -0.973272, -5e-06, -0.954185, -0.23432, -0.186077, 0.000946, -0.211481, 0.96807, -0.134599, 0.688624, 0.0, 0.0, 0.0, 1.0],
                [0.864647, -0.377264, 0.331749, -5e-06, 0.46092, 0.333035, -0.822581, 1.035788, 0.199846, 0.864152, 0.461847, 0.6946, 0.0, 0.0, 0.0, 1.0],
                [0.795029, -0.428105, 0.429716, -5e-06, 0.581185, 0.33482, -0.741701, 1.126575, 0.173648, 0.839417, 0.515, 0.695124, 0.0, 0.0, 0.0, 1.0],
                [0.973694, -0.214038, 0.07815, -5e-06, 0.135739, 0.269384, -0.953419, 1.135881, 0.183016, 0.938946, 0.291351, 0.720197, 0.0, 0.0, 0.0, 1.0]
            ]
        },
        {
            "name": "Thigh_R",
            "time": [0.0, 0.3, 0.4333, 0.6167, 0.8667, 0.95],
            "transform": [
                [0.951433, 0.251017, -0.178228, 0.124994, 0.256778, -0.96642, 0.009638, -0.002831, -0.169825, -0.054934, -0.983942, -1.2e-05, 0.0, 0.0, 0.0, 1.0],
                [0.778364, 0.494036, -0.387397, 0.124994, 0.537519, -0.843237, 0.004631, -0.002831, -0.32438, -0.211837, -0.921902, -1.2e-05, 0.0, 0.0, 0.0, 1.0],
                [0.7351, 0.541278, -0.408221, 0.124994, 0.580615, -0.813502, -0.033125, -0.002831, -0.35002, -0.212668, -0.912282, -1.2e-05, 0.0, 0.0, 0.0, 1.0],
                [0.943699, 0.028137, 0.329607, 0.124994, -0.246276, -0.605471, 0.756804, -0.002831, 0.220862, -0.795367, -0.564454, -1.2e-05, 0.0, 0.0, 0.0, 1.0],
                [0.939678, 0.105529, 0.325373, 0.124994, -0.211843, -0.567298, 0.795798, -0.002831, 0.268564, -0.816721, -0.510724, -1.2e-05, 0.0, 0.0, 0.0, 1.0],
                [0.96036, -0.079173, 0.267282, 0.124994, -0.217572, -0.812302, 0.541134, -0.002831, 0.174271, -0.577835, -0.79733, -1.2e-05, 0.0, 0.0, 0.0, 1.0]
            ]
        },
        {
            "name": "Leg_R",
            "time": [0.0, 0.3, 0.4333, 0.6167, 0.8667, 0.95],
            "transform": [
                [1.0, -1e-06, 1e-06, 0.0, -0.0, 0.758856, 0.651258, 0.37472, -1e-06, -0.651259, 0.758855, -0.0, 0.0, 0.0, 0.0, 1.0],
                [1.0, -0.0, 1e-06, 0.0, -0.0, 0.829978, 0.557796, 0.37472, -1e-06, -0.557797, 0.829977, -0.0, 0.0, 0.0, 0.0, 1.0],
                [1.0, -0.0, 1e-06, -0.0, 0.0, 0.876392, 0.481599, 0.37472, -1e-06, -0.481599, 0.876391, 0.0, 0.0, 0.0, 0.0, 1.0],
                [1.0, -0.0, 1e-06, 0.0, -0.0, 0.842428, 0.53881, 0.37472, -1e-06, -0.538811, 0.842426, 0.0, 0.0, 0.0, 0.0, 1.0],
                [1.0, -0.0, 1e-06, -0.0, -0.0, 0.877704, 0.479204, 0.37472, -1e-06, -0.479204, 0.877703, -0.0, 0.0, 0.0, 0.0, 1.0],
                [1.0, -0.0, 1e-06, 0.0, -0.0, 0.907278, 0.420533, 0.37472, -1e-06, -0.420533, 0.907276, 0.0, 0.0, 0.0, 0.0, 1.0]
            ]
        },
        {
            "name": "Knee_R",
            "time": [0.0, 0.3, 0.4333, 0.6167, 0.8667, 0.95],
            "transform": [
                [1.0, 0.0, -0.0, 0.0, -0.0, 1e-06, -1.0, 0.399479, -0.0, 1.0, 1e-06, -0.0, 0.0, 0.0, 0.0, 1.0],
                [1.0, 0.0, -0.0, 0.0, -0.0, 1e-06, -1.0, 0.392877, -0.0, 1.0, 1e-06, -0.0, 0.0, 0.0, 0.0, 1.0],
                [1.0, 0.0, -0.0, -0.0, -0.0, 1e-06, -1.0, 0.385227, -0.0, 1.0, 1e-06, -0.0, 0.0, 0.0, 0.0, 1.0],
                [1.0, 0.0, -0.0, 0.0, -0.0, 1e-06, -1.0, 0.386412, -0.0, 1.0, 1e-06, 0.0, 0.0, 0.0, 0.0, 1.0],
                [1.0, 0.0, -0.0, -0.0, -0.0, 1e-06, -1.0, 0.388571, -0.0, 1.0, 1e-06, -0.0, 0.0, 0.0, 0.0, 1.0],
                [1.0, 0.0, -0.0, 0.0, -0.0, 1e-06, -1.0, 0.384272, -0.0, 1.0, 1e-06, 0.0, 0.0, 0.0, 0.0, 1.0]
            ]
        },
        {
            "name": "Thigh_L",
            "time": [0.0, 0.3, 0.4333, 0.6167, 0.8667, 0.95],
            "transform": [
                [0.778631, -0.055204, -0.625049, -0.125006, -0.017461, -0.997643, 0.066359, -0.002831, -0.627239, -0.040754, -0.77776, -1.2e-05, 0.0, 0.0, 0.0, 1.0],
                [0.351899, -0.282765, -0.892307, -0.125006, -0.178344, -0.956071, 0.232638, -0.002831, -0.918891, 0.077273, -0.38687, -1.2e-05, 0.0, 0.0, 0.0, 1.0],
                [0.197822, -0.285834, -0.937638, -0.125006, -0.085086, -0.957938, 0.27407, -0.002831, -0.976538, 0.025563, -0.213822, -1.2e-05, 0.0, 0.0, 0.0, 1.0],
                [0.765547, -0.524639, -0.372413, -0.125006, -0.210437, -0.751184, 0.625651, -0.002831, -0.607992, -0.400595, -0.68547, -1.2e-05, 0.0, 0.0, 0.0, 1.0],
                [0.789204, -0.519845, -0.326983, -0.125006, -0.259604, -0.764914, 0.589501, -0.002831, -0.556563, -0.380351, -0.738627, -1.2e-05, 0.0, 0.0, 0.0, 1.0],
                [0.837353, -0.377903, -0.395005, -0.125006, -0.115183, -0.828321, 0.548285, -0.002831, -0.53439, -0.41361, -0.737126, -1.2e-05, 0.0, 0.0, 0.0, 1.0]
            ]
        },
        {
            "name": "Leg_L",
            "time": [0.0, 0.3, 0.4333, 0.6167, 0.8667, 0.95],
            "transform": [
                [1.0, -1e-06, 1e-06, -0.0, 0.0, 0.949956, 0.312382, 0.37472, -1e-06, -0.312381, 0.949957, 0.0, 0.0, 0.0, 0.0, 1.0],
                [1.0, -1e-06, 1e-06, 0.0, 0.0, 0.934492, 0.355982, 0.37472, -1e-06, -0.355982, 0.934493, -0.0, 0.0, 0.0, 0.0, 1.0],
                [1.0, -1e-06, 1e-06, 0.0, 0.0, 0.916462, 0.400121, 0.37472, -1e-06, -0.400121, 0.916463, -0.0, 0.0, 0.0, 0.0, 1.0],
                [1.0, -1e-06, 1e-06, -0.0, -0.0, 0.753196, 0.657796, 0.37472, -1e-06, -0.657796, 0.753196, 0.0, 0.0, 0.0, 0.0, 1.0],
                [1.0, -0.0, 1e-06, 0.0, 0.0, 0.858872, 0.51219, 0.37472, -1e-06, -0.51219, 0.858872, -0.0, 0.0, 0.0, 0.0, 1.0],
                [1.0, -1e-06, 1e-06, 0.0, -0.0, 0.714548, 0.699587, 0.37472, -1e-06, -0.699586, 0.714548, -0.0, 0.0, 0.0, 0.0, 1.0]
            ]
        },
        {
            "name": "Knee_L",
            "time": [0.0, 0.3, 0.4333, 0.6167, 0.8667, 0.95],
            "transform": [
                [1.0, 0.0, -0.0, -0.0, -0.0, 1e-06, -1.0, 0.37472, -0.0, 1.0, 1e-06, 0.0, 0.0, 0.0, 0.0, 1.0],
                [1.0, 0.0, -0.0, 0.0, -0.0, 1e-06, -1.0, 0.378021, -0.0, 1.0, 1e-06, -0.0, 0.0, 0.0, 0.0, 1.0],
                [1.0, 0.0, -0.0, 0.0, -0.0, 1e-06, -1.0, 0.380451, -0.0, 1.0, 1e-06, 0.0, 0.0, 0.0, 0.0, 1.0],
                [1.0, 0.0, -0.0, -0.0, -0.0, 1e-06, -1.0, 0.399479, -0.0, 1.0, 1e-06, 0.0, 0.0, 0.0, 0.0, 1.0],
                [1.0, 0.0, -0.0, -0.0, -0.0, 1e-06, -1.0, 0.385705, -0.0, 1.0, 1e-06, 0.0, 0.0, 0.0, 0.0, 1.0],
                [1.0, 0.0, -0.0, 0.0, -0.0, 1e-06, -1.0, 0.401943, -0.0, 1.0, 1e-06, -0.0, 0.0, 0.0, 0.0, 1.0]
            ]
        },
        {
            "name": "Torso",
            "time": [0.0, 0.3, 0.4333, 0.8667, 0.95],
            "transform": [
                [0.999863, -0.016538, -0.000123, -0.0, 0.016538, 0.999752, 0.01489, 0.05, -0.000123, -0.01489, 0.999889, 0.0, 0.0, 0.0, 0.0, 1.0],
                [0.999999, -0.001166, -0.0, -0.0, 0.001166, 0.999999, 0.001092, 0.05, -1e-06, -0.001092, 0.999999, -0.0, 0.0, 0.0, 0.0, 1.0],
                [1.0, -0.0, 0.0, -0.0, 0.0, 1.0, -0.0, 0.05, 0.0, -0.0, 1.0, -0.0, 0.0, 0.0, 0.0, 1.0],
                [1.0, 0.0, -0.0, -0.0, 0.0, 1.0, 0.0, 0.05, 0.0, -0.0, 1.0, -0.0, 0.0, 0.0, 0.0, 1.0],
                [0.999963, -0.008587, -3.3e-05, -0.0, 0.008587, 0.999933, 0.007705, 0.05, -3.3e-05, -0.007705, 0.99997, 0.0, 0.0, 0.0, 0.0, 1.0]
            ]
        },
        {
            "name": "Chest",
            "time": [0.0, 0.3, 0.4333, 0.6167, 0.8667, 0.95],