{
    "animation": [
        {
            "name": "Root",
            "time": [0.0, 0.1667, 0.3333, 0.8333, 1.0],
            "transform": [
                [0.561519, 0.118885, -0.818879, -5e-06, -0.822154, -0.031773, -0.568378, 0.008734, -0.093589, 0.9924, 0.079901, 0.616013, 0.0, 0.0, 0.0, 1.0],
                [0.453312, 0.157061, -0.877405, -5e-06, -0.886639, -0.021631, -0.461955, 0.018251, -0.091535, 0.987352, 0.12945, 0.595725, 0.0, 0.0, 0.0, 1.0],
                [0.02073, -0.202338, 0.979096, -5e-06, 0.975454, 0.218829, 0.02457, 2.445137, -0.219226, 0.954554, 0.201907, 0.595725, 0.0, 0.0, 0.0, 1.0],
                [-0.158796, -0.22702, 0.960857, -5e-06, 0.961437, 0.185788, 0.202787, 2.999596, -0.224552, 0.956005, 0.188763, 0.595725, 0.0, 0.0, 0.0, 1.0],
                [-0.158796, -0.22702, 0.960857, -5e-06, 0.961437, 0.185788, 0.202787, 2.988028, -0.224552, 0.956005, 0.188763, 0.595725, 0.0, 0.0, 0.0, 1.0]
            ]
        },
        {
            "name": "Thigh_R",
            "time": [0.0, 0.1667, 0.2667, 0.3333, 0.6667, 1.0],
            "transform": [
                [0.789852, 0.613231, -0.00888, 0.14996, 0.552883, -0.705704, 0.443058, -0.002832, 0.26543, -0.35486, -0.896449, -0.02536, 0.0, 0.0, 0.0, 1.0],
                [0.682399, 0.717083, 0.141849, 0.153967, 0.473919, -0.581755, 0.661029, -0.002832, 0.556535, -0.38386, -0.736831, -0.029428, 0.0, 0.0, 0.0, 1.0],
                [0.798075, 0.507221, 0.32527, 0.153967, 0.021518, -0.563461, 0.825862, -0.002832, 0.602173, -0.6521, -0.4606, -0.029428, 0.0, 0.0, 0.0, 1.0],
                [0.185036, 0.948988, 0.255305, 0.153967, -0.087028, -0.242946, 0.966128, -0.002832, 0.97887, -0.200986, 0.037634, -0.029428, 0.0, 0.0, 0.0, 1.0],
                [0.098725, 0.96758, 0.232462, 0.153967, 0.004611, -0.234044, 0.972215, -0.002832, 0.995104, -0.09491, -0.027568, -0.029428, 0.0, 0.0, 0.0, 1.0],
                [0.098725, 0.96758, 0.232462, 0.153967, 0.004611, -0.234044, 0.972215, -0.002832, 0.995104, -0.09491, -0.027568, -0.029428, 0.0, 0.0, 0.0, 1.0]
            ]
        },
        {
            "name": "Leg_R",
            "time": [0.0, 0.1667, 0.2667, 0.3333, 0.6667, 1.0],
            "transform": [
                [0.999995, -0.0, 0.003167, -0.0, -0.002057, 0.760377, 0.649479, 0.37472, -0.002409, -0.649483, 0.760372, 0.0, 0.0, 0.0, 0.0, 1.0],
                [0.999991, -0.0, 0.004203, 0.0, -0.002642, 0.777698, 0.628633, 0.37472, -0.003269, -0.628639, 0.77769, -0.0, 0.0, 0.0, 0.0, 1.0],
                [1.0, -1e-06, -0.0, -0.0, 0.0, 0.119268, 0.992862, 0.37472, -1e-06, -0.992863, 0.119268, 0.0, 0.0, 0.0, 0.0, 1.0],
                [1.0, -0.0, -2e-06, -0.0, 2e-06, 0.267828, 0.963466, 0.37472, 0.0, -0.963468, 0.267827, 0.0, 0.0, 0.0, 0.0, 1.0],
                [1.0, -0.0, -1e-06, 0.0, 1e-06, 0.449391, 0.893335, 0.37472, -0.0, -0.893336, 0.44939, 0.0, 0.0, 0.0, 0.0, 1.0],
                [1.0, -0.0, -1e-06, -0.0, 1e-06, 0.449391, 0.893335, 0.37472, -0.0, -0.893336, 0.44939, 0.0, 0.0, 0.0, 0.0, 1.0]
            ]
        },
        {
            "name": "Knee_R",
            "time": [0.0, 1.0],
            "transform": [
                [1.0, 0.0, -0.0, -0.0, -0.0, 1e-06, -1.0, 0.412563, -0.0, 1.0, 1e-06, 0.0, 0.0, 0.0, 0.0, 1.0],
                [1.0, 0.0, -0.0, -0.0, -0.0, 1e-06, -1.0, 0.412563, -0.0, 1.0, 1e-06, 0.0, 0.0, 0.0, 0.0, 1.0]
            ]
        },
        {
            "name": "Thigh_L",
            "time": [0.0, 0.1667, 0.3333, 0.6667, 1.0],
            "transform": [
                [0.520815, -0.567844, -0.63742, -0.15224, 0.118864, -0.691172, 0.712848, -0.002831, -0.845353, -0.447028, -0.292477, 0.027641, 0.0, 0.0, 0.0, 1.0],
                [0.458566, -0.66238, -0.592427, -0.156611, 0.130979, -0.608994, 0.782286, -0.002831, -0.878954, -0.436325, -0.192507, 0.032079, 0.0, 0.0, 0.0, 1.0],
                [0.981501, -0.116093, 0.152241, -0.156611, -0.189958, -0.689717, 0.698717, -0.002831, 0.023887, -0.714711, -0.699011, 0.032079, 0.0, 0.0, 0.0, 1.0],
                [0.932133, -0.187186, 0.30998, -0.156611, -0.337734, -0.758186, 0.557754, -0.002831, 0.130619, -0.624593, -0.76995, 0.032079, 0.0, 0.0, 0.0, 1.0],
                [0.932133, -0.187186, 0.30998, -0.156612, -0.337734, -0.758186, 0.557754, -0.002831, 0.130619, -0.624593, -0.76995, 0.032079, 0.0, 0.0, 0.0, 1.0]
            ]
        },
        {
            "name": "Leg_L",
            "time": [0.0, 0.1667, 0.3333, 0.6667, 1.0],
            "transform": [
                [0.99996, -1e-06, 0.00898, -0.0, -0.007825, 0.4904, 0.871462, 0.37472, -0.004405, -0.871497, 0.490381, -0.0, 0.0, 0.0, 0.0, 1.0],
                [0.999993, -1e-06, 0.00379, 0.0, -0.002933, 0.63322, 0.773966, 0.37472, -0.0024, -0.773971, 0.633216, -0.0, 0.0, 0.0, 0.0, 1.0],
                [0.999996, -1e-06, 0.002721, 0.0, -0.002046, 0.659184, 0.751979, 0.37472, -0.001794, -0.751981, 0.659182, 0.0, 0.0, 0.0, 0.0, 1.0],
                [0.999993, -1e-06, 0.003772, -0.0, -0.001558, 0.910654, 0.413167, 0.37472, -0.003435, -0.41317, 0.910648, -0.0, 0.0, 0.0, 0.0, 1.0],
                [0.999993, -1e-06, 0.003772, 0.0, -0.001558, 0.910653, 0.413167, 0.37472, -0.003435, -0.41317, 0.910648, -0.0, 0.0, 0.0, 0.0, 1.0]
            ]
        },
        {
            "name": "Knee_L",
            "time": [0.0, 0.1667, 1.0],
            "transform": [
                [1.0, 0.0, -0.0, 0.0, -0.0, 1e-06, -1.0, 0.476836, -0.0, 1.0, 1e-06, -0.0, 0.0, 0.0, 0.0, 1.0],
                [1.0, 0.0, -0.0, 0.0, -0.0, 1e-06, -1.0, 0.37472, -0.0, 1.0, 1e-06, -0.0, 0.0, 0.0, 0.0, 1.0],
                [1.0, 0.0, -0.0, 0.0, -0.0, 1e-06, -1.0, 0.37472, -0.0, 1.0, 1e-06, -0.0, 0.0, 0.0, 0.0, 1.0]
            ]
        },
        {
            "name": "Torso",
            "time": [0.0, 0.1667, 1.0],
            "transform": [
                [0.999996, -0.0029, -4e-06, 0.0, 0.0029, 0.999992, 0.002607, 0.05, -4e-06, -0.002607, 0.999997, 0.0, 0.0, 0.0, 0.0, 1.0],
                [1.0, -0.0, -0.0, 0.0, 0.0, 1.0, 0.0, 0.05, 0.0, 0.0, 1.0, 0.0, 0.0, 0.0, 0.0, 1.0],
                [1.0, -0.0, -0.0, -0.0, 0.0, 1.0, -0.0, 0.05, 0.0, 0.0, 1.0, 0.0, 0.0, 0.0, 0.0, 1.0]
            ]
        },
        {
            "name": "Chest",
            "time": [0.0, 0.1667, 0.3333, 0.6667, 1.0],
            "transform": [
                [0.99993, -0.011748, -0.001511, -0.0, 0.011786, 0.974045, 0.226048, 0.3, -0.001184, -0.22605, 0.974115, 0.0, 0.0, 0.0, 0.0, 1.0],
                [1.0, -0.000101, -0.000206, 0.0, 0.000151, 0.96601, 0.258505, 0.3, 0.000173, -0.258505, 0.96601, -0.0, 0.0, 0.0, 0.0, 1.0],
                [0.988115, 0.152331, 0.020587, -0.0, -0.153595, 0.983748, 0.092994, 0.3, -0.006087, -0.095051, 0.995454, -0.0, 0.0, 0.0, 0.0, 1.0],
                [0.985876, 0.166131, 0.021185, 0.0, -0.16728, 0.982933, 0.076554, 0.3, -0.008105, -0.079016, 0.99684, 0.0, 0.0, 0.0, 0.0, 1.0],
                [0.985876, 0.166131, 0.021185, -1e-06, -0.16728, 0.982933, 0.076554, 0.3, -0.008105, -0.079016, 0.996841, 0.0, 0.0, 0.0, 0.0, 1.0]
            ]
        },
        {
            "name": "Head",
            "time": [0.0, 0.1667, 0.3333, 0.6667, 1.0],
            "transform": [
                [0.630747, -0.18592, 0.753387, 0.0, 0.274615, 0.961526, 0.007373, 0.4, -0.725772, 0.20224, 0.657536, 0.0, 0.0, 0.0, 0.0, 1.0],
                [0.57497, -0.201641, 0.792938, 0.0, 0.332355, 0.943154, -0.001156, 0.4, -0.74763, 0.264202, 0.609301, -0.0, 0.0, 0.0, 0.0, 1.0],
                [0.607179, -0.202362, -0.768364, -0.0, -0.047855, 0.955956, -0.289584, 0.4, 0.793123, 0.212599, 0.570752, 0.0, 0.0, 0.0, 0.0, 1.0],
                [0.481708, -0.19639, -0.854042, -0.0, -0.08994, 0.958339, -0.271102, 0.4, 0.871704, 0.207404, 0.443977, 0.0, 0.0, 0.0, 0.0, 1.0],
                [0.481708, -0.19639, -0.854042, 0.0, -0.08994, 0.95834, -0.271102, 0.4, 0.871704, 0.207404, 0.443977, 0.0, 0.0, 0.0, 0.0, 1.0]
            ]
        },
        {
            "name": "Shoulder_R",