{
    "animation": [
        {
            "name": "Root",
            "time": [0.0, 0.1667, 0.3333, 0.4833, 0.5833, 0.6833, 1.0],
            "transform": [
                [0.927669, 0.0, -0.373403, -5e-06, -0.373403, 0.0, -0.927669, 0.000946, 0.0, 1.0, 0.0, 0.746347, 0.0, 0.0, 0.0, 1.0],
                [0.506384, 0.0, -0.862308, -5e-06, -0.862308, 0.0, -0.506384, 0.000946, 0.0, 1.0, 0.0, 0.649989, 0.0, 0.0, 0.0, 1.0],
                [0.446932, 0.0, -0.894568, -5e-06, -0.894568, 0.0, -0.446932, 0.000946, 0.0, 1.0, 0.0, 0.644125, 0.0, 0.0, 0.0, 1.0],
                [0.914563, -0.154701, -0.373688, -5e-06, -0.29549, 0.375291, -0.878546, 0.421525, 0.276154, 0.913906, 0.297515, 0.644247, 0.0, 0.0, 0.0, 1.0],
                [0.753039, -0.298934, 0.586149, -5e-06, 0.65154, 0.463071, -0.600883, 0.710892, -0.091805, 0.834388, 0.543478, 0.701342, 0.0, 0.0, 0.0, 1.0],
                [0.309984, -0.344685, 0.88606, -5e-06, 0.886218, 0.442235, -0.138006, 1.02489, -0.344278, 0.828022, 0.442552, 0.527954, 0.0, 0.0, 0.0, 1.0],
                [0.2408, -0.338935, 0.909472, -5e-06, 0.896001, 0.437833, -0.074065, 1.021219, -0.373093, 0.832722, 0.409116, 0.513122, 0.0, 0.0, 0.0, 1.0]
            ]
        },
        {
            "name": "Thigh_R",
            "time": [0.0, 0.1667, 0.3333, 0.4833, 0.5833, 0.6833, 1.0],
            "transform": [
                [0.980919, 0.194183, 0.009533, 0.124994, 0.194184, -0.976155, -0.097015, -0.002831, -0.009533, 0.097015, -0.995237, -1.2e-05, 0.0, 0.0, 0.0, 1.0],
                [0.866031, 0.495489, 0.066932, 0.124994, 0.49549, -0.832591, -0.24755, -0.002831, -0.066932, 0.24755, -0.96656, -1.2e-05, 0.0, 0.0, 0.0, 1.0],
                [0.847335, 0.525552, 0.076272, 0.124994, 0.525553, -0.809228, -0.262569, -0.002831, -0.076273, 0.262569, -0.961894, -1.2e-05, 0.0, 0.0, 0.0, 1.0],
                [0.928156, 0.188581, 0.320878, 0.124994, 0.268432, -0.936379, -0.226137, -0.002831, 0.257818, 0.296024, -0.919728, -1.2e-05, 0.0, 0.0, 0.0, 1.0],
                [0.75044, 0.522004, 0.405403, 0.124994, -0.091939, -0.524965, 0.846143, -0.002831, 0.654513, -0.672252, -0.345962, -1.2e-05, 0.0, 0.0, 0.0, 1.0],
                [0.33327, 0.927824, -0.167551, 0.124994, -0.343954, 0.285108, 0.894656, -0.002831, 0.877853, -0.240532, 0.414147, -1.2e-05, 0.0, 0.0, 0.0, 1.0],
                [0.274166, 0.929381, -0.247148, 0.124994, -0.331352, 0.332551, 0.882958, -0.002831, 0.902795, -0.160184, 0.399126, -1.2e-05, 0.0, 0.0, 0.0, 1.0]
            ]
        },
        {
            "name": "Leg_R",
            "time": [0.0, 0.3333, 0.4833, 0.5833, 0.6833, 1.0],
            "transform": [
                [1.0, 0.0, 1e-06, 0.0, -0.0, 1.000001, 0.0, 0.37472, -1e-06, -0.0, 0.999999, -0.0, 0.0, 0.0, 0.0, 1.0],
                [1.0, 0.0, 1e-06, 0.0, -0.0, 1.000001, 0.0, 0.37472, -1e-06, -0.0, 0.999999, 0.0, 0.0, 0.0, 0.0, 1.0],
                [0.999987, 0.00502, 0.00073, 0.0, -0.00502, 0.958608, 0.284688, 0.37472, 0.000729, -0.284688, 0.958619, 0.0, 0.0, 0.0, 0.0, 1.0],
                [0.999965, 0.007121, 0.004463, 0.0, -0.00261, -0.241617, 0.970368, 0.37472, 0.007988, -0.970347, -0.241589, 0.0, 0.0, 0.0, 0.0, 1.0],
                [0.999879, 0.012992, 0.008607, 0.0, -0.009558, 0.075028, 0.997135, 0.37472, 0.012309, -0.997098, 0.075143, 0.0, 0.0, 0.0, 0.0, 1.0],
                [0.999996, -0.001385, -0.002649, -0.0, 0.002816, 0.139741, 0.990183, 0.37472, -0.001001, -0.990188, 0.139744, 0.0, 0.0, 0.0, 0.0, 1.0]
            ]
        },
        {
            "name": "Knee_R",
            "time": [0.0, 0.1667, 0.3333, 0.4833, 0.6833, 1.0],
            "transform": [
                [1.0, 0.0, -0.0, 0.0, -0.0, 1e-06, -1.0, 0.399479, -0.0, 1.0, 1e-06, -0.0, 0.0, 0.0, 0.0, 1.0],
                [1.0, 0.0, -0.0, -0.0, -0.0, 1e-06, -1.0, 0.379937, -0.0, 1.0, 1e-06, 0.0, 0.0, 0.0, 0.0, 1.0],
                [1.0, 0.0, -0.0, -0.0, -0.0, 1e-06, -1.0, 0.379937, -0.0, 1.0, 1e-06, 0.0, 0.0, 0.0, 0.0, 1.0],
                [1.0, 0.0, -0.0, 0.0, -0.0, 1e-06, -1.0, 0.37472, -0.0, 1.0, 1e-06, 0.0, 0.0, 0.0, 0.0, 1.0],
                [1.0, 0.0, -0.0, 0.0, -0.0, 1e-06, -1.0, 0.468426, -0.0, 1.0, 1e-06, 0.0, 0.0, 0.0, 0.0, 1.0],
                [1.0, 0.0, -0.0, 0.0, -0.0, 1e-06, -1.0, 0.459055, -0.0, 1.0, 1e-06, -0.0, 0.0, 0.0, 0.0, 1.0]
            ]
        },
        {
            "name": "Thigh_L",
            "time": [0.0, 0.1667, 0.3333, 0.4833, 0.5833, 0.6833, 1.0],
            "transform": [
                [0.926159, -0.168229, -0.337532, -0.125006, -0.070797, -0.95664, 0.282537, -0.002831, -0.370427, -0.237778, -0.897911, -1.2e-05, 0.0, 0.0, 0.0, 1.0],
                [0.477552, -0.644005, -0.597664, -0.125006, 0.001711, -0.67956, 0.733618, -0.002831, -0.878602, -0.351363, -0.323424, -1.2e-05, 0.0, 0.0, 0.0, 1.0],
                [0.432745, -0.6791, -0.59292, -0.125006, 0.018326, -0.65093, 0.758916, -0.002831, -0.90133, -0.339283, -0.269242, -1.2e-05, 0.0, 0.0, 0.0, 1.0],
                [0.827969, -0.559951, -0.030369, -0.136724, -0.079317, -0.17055, 0.982151, 0.007701, -0.555136, -0.810782, -0.185624, -0.003099, 0.0, 0.0, 0.0, 1.0],
                [0.950678, 0.165728, -0.262192, -0.150382, 0.310048, -0.532223, 0.787787, 0.019977, -0.008986, -0.830224, -0.557357, -0.006696, 0.0, 0.0, 0.0, 1.0],
                [0.907652, -0.414405, -0.066602, -0.15913, -0.353573, -0.840423, 0.410701, 0.02784, -0.22617, -0.349225, -0.909334, -0.009001, 0.0, 0.0, 0.0, 1.0],
                [0.908852, -0.407881, -0.087299, -0.16052, -0.364339, -0.878172, 0.309954, 0.029089, -0.203088, -0.249896, -0.946735, -0.009367, 0.0, 0.0, 0.0, 1.0]
            ]
        },
        {
            "name": "Leg_L",
            "time": [0.0, 0.1667, 0.3333, 0.4833, 0.6833, 1.0],
            "transform": [
                [0.999975, -0.007052, -0.001052, 0.0, 0.007052, 0.956375, 0.292057, 0.37472, -0.001054, -0.292057, 0.956401, 0.0, 0.0, 0.0, 0.0, 1.0],
                [0.999821, -0.017398, -0.007402, -0.0, 0.017397, 0.693264, 0.720474, 0.37472, -0.007403, -0.720474, 0.693443, 0.0, 0.0, 0.0, 0.0, 1.0],
                [1.0, 0.000706, 0.000278, -0.0, -0.000676, 0.663301, 0.748352, 0.37472, 0.000344, -0.748352, 0.663302, -0.0, 0.0, 0.0, 0.0, 1.0],
                [0.999997, -0.002632, 0.00014, -0.0, 0.001413, 0.580003, 0.814614, 0.37472, -0.002225, -0.81461, 0.580005, -0.0, 0.0, 0.0, 0.0, 1.0],
                [1.0, -0.000475, 0.000596, -0.0, 0.000411, 0.994697, 0.102845, 0.37472, -0.000641, -0.102845, 0.994698, 0.0, 0.0, 0.0, 0.0, 1.0],
                [1.0, 0.0, 1e-06, 0.0, -0.0, 1.0, 0.0, 0.37472, -1e-06, -0.0, 1.0, 0.0, 0.0, 0.0, 0.0, 1.0]
            ]
        },
        {
            "name": "Knee_L",
            "time": [0.0, 0.1667, 0.3333, 0.4833, 1.0],
            "transform": [
                [1.0, 0.0, -0.0, 0.0, -0.0, 1e-06, -1.0, 0.37472, -0.0, 1.0, 1e-06, 0.0, 0.0, 0.0, 0.0, 1.0],
                [1.0, 0.0, -0.0, 0.0, -0.0, 1e-06, -1.0, 0.407908, -0.0, 1.0, 1e-06, 0.0, 0.0, 0.0, 0.0, 1.0],
                [1.0, 0.0, -0.0, 0.0, -0.0, 1e-06, -1.0, 0.407908, -0.0, 1.0, 1e-06, -0.0, 0.0, 0.0, 0.0, 1.0],
                [1.0, 0.0, -0.0, 0.0, -0.0, 1e-06, -1.0, 0.416768, -0.0, 1.0, 1e-06, -0.0, 0.0, 0.0, 0.0, 1.0],
                [1.0, 0.0, -0.0, 0.0, -0.0, 1e-06, -1.0, 0.37472, -0.0, 1.0, 1e-06, 0.0, 0.0, 0.0, 0.0, 1.0]
            ]
        },
        {
            "name": "Torso",
            "time": [0.0, 0.1667, 0.3333, 0.4833, 0.6833, 1.0],