{
    "animation": [
        {
            "name": "Root",
            "time": [0.0, 0.3333, 0.4667, 0.55, 1.0],
            "transform": [
                [-0.094834, 0.291027, -0.952003, -5e-06, -0.987856, -0.145742, 0.053852, -0.000295, -0.123075, 0.945549, 0.301314, 0.475768, 0.0, 0.0, 0.0, 1.0],
                [-0.310449, -0.0, -0.95059, -5e-06, -0.918406, -0.258006, 0.299938, -0.00058, -0.245258, 0.966143, 0.080098, 0.475768, 0.0, 0.0, 0.0, 1.0],
                [0.99629, 0.046876, 0.072168, -5e-06, 0.050008, 0.367125, -0.928826, 0.71321, -0.070034, 0.92899, 0.363419, 0.690116, 0.0, 0.0, 0.0, 1.0],
                [0.642916, -0.222614, 0.732873, -5e-06, 0.737192, 0.439514, -0.513201, 1.049997, -0.207863, 0.870213, 0.44668, 0.515087, 0.0, 0.0, 0.0, 1.0],
                [0.609163, -0.237174, 0.756749, -5e-06, 0.762599, 0.43705, -0.476896, 1.073816, -0.21763, 0.867603, 0.447104, 0.515979, 0.0, 0.0, 0.0, 1.0]
            ]
        },
        {
            "name": "Thigh_R",
            "time": [0.0, 0.1667, 0.3333, 0.4667, 0.55, 1.0],
            "transform": [
                [0.776971, 0.532307, -0.336101, 0.124994, 0.408031, -0.019249, 0.912765, -0.002831, 0.479403, -0.84633, -0.232155, -1.2e-05, 0.0, 0.0, 0.0, 1.0],
                [0.750171, 0.385958, -0.536916, 0.124994, 0.611052, -0.09432, 0.785951, -0.002831, 0.252703, -0.91768, -0.306598, -1.2e-05, 0.0, 0.0, 0.0, 1.0],
                [0.763914, 0.374468, -0.525554, 0.124994, 0.611475, -0.159769, 0.774965, -0.002831, 0.206233, -0.913369, -0.35103, -1.2e-05, 0.0, 0.0, 0.0, 1.0],
                [0.942135, 0.300513, 0.148569, 0.124994, -0.078979, -0.231731, 0.969569, -0.00283, 0.325797, -0.925196, -0.194588, -1.2e-05, 0.0, 0.0, 0.0, 1.0],
                [0.906204, 0.418356, -0.061406, 0.124994, -0.047464, 0.24495, 0.968373, -0.00283, 0.420167, -0.874628, 0.241832, -1.2e-05, 0.0, 0.0, 0.0, 1.0],
                [0.894996, 0.434616, -0.100448, 0.124994, -0.014063, 0.252562, 0.967479, -0.00283, 0.445852, -0.864475, 0.232154, -1.2e-05, 0.0, 0.0, 0.0, 1.0]
            ]
        },
        {
            "name": "Leg_R",
            "time": [0.0, 0.1667, 0.3333, 0.4667, 0.55, 1.0],
            "transform": [
                [1.0, -0.0, 2e-06, -0.0, -1e-06, 0.668868, 0.743381, 0.37472, -1e-06, -0.743382, 0.668867, 0.0, 0.0, 0.0, 0.0, 1.0],
                [1.0, 0.0, -1.9e-05, 0.0, 1.4e-05, 0.700656, 0.713499, 0.37472, 1.4e-05, -0.7135, 0.700655, 0.0, 0.0, 0.0, 0.0, 1.0],
                [1.0, 0.0, 1e-06, 0.0, -1e-06, 0.709459, 0.704747, 0.37472, -1e-06, -0.704748, 0.709458, -0.0, 0.0, 0.0, 0.0, 1.0],
                [1.0, -1e-06, 0.000361, 0.0, -0.000345, -0.297555, 0.954704, 0.37472, 0.000107, -0.954706, -0.297555, 0.0, 0.0, 0.0, 0.0, 1.0],
                [1.0, -1e-06, 6.8e-05, 0.0, -6.6e-05, 0.225257, 0.974299, 0.37472, -1.6e-05, -0.9743, 0.225257, 0.0, 0.0, 0.0, 0.0, 1.0],
                [1.0, -1e-06, 9e-06, -0.0, -8e-06, 0.269584, 0.962976, 0.37472, -3e-06, -0.962978, 0.269584, 0.0, 0.0, 0.0, 0.0, 1.0]
            ]
        },
        {
            "name": "Knee_R",
            "time": [0.0, 1.0],
            "transform": [
                [1.0, 0.0, -0.0, 0.0, -0.0, 1e-06, -1.0, 0.453866, -0.0, 1.0, 1e-06, 0.0, 0.0, 0.0, 0.0, 1.0],
                [1.0, 0.0, -0.0, -0.0, -0.0, 1e-06, -1.0, 0.453866, -0.0, 1.0, 1e-06, -0.0, 0.0, 0.0, 0.0, 1.0]
            ]
        },
        {
            "name": "Thigh_L",
            "time": [0.0, 0.1667, 0.3333, 0.4667, 0.55, 1.0],
            "transform": [
                [0.239598, -0.857143, -0.45596, -0.125006, -0.176817, -0.50031, 0.8476, -0.002831, -0.954635, -0.122462, -0.271431, -1.2e-05, 0.0, 0.0, 0.0, 1.0],
                [0.308727, -0.675846, -0.669267, -0.125006, -0.388819, -0.731838, 0.559672, -0.002831, -0.868047, 0.087438, -0.488721, -1.2e-05, 0.0, 0.0, 0.0, 1.0],
                [0.348824, -0.672649, -0.652583, -0.125006, -0.452236, -0.730698, 0.511432, -0.002831, -0.820855, 0.116722, -0.559081, -1.2e-05, 0.0, 0.0, 0.0, 1.0],
                [0.819532, 0.013598, -0.572871, -0.125006, 0.134093, -0.976512, 0.16865, -0.002831, -0.557122, -0.215031, -0.802107, -1.2e-05, 0.0, 0.0, 0.0, 1.0],
                [0.941144, -0.323608, -0.097599, -0.125006, -0.301282, -0.934052, 0.191769, -0.002831, -0.153221, -0.151077, -0.976575, -1.2e-05, 0.0, 0.0, 0.0, 1.0],
                [0.936813, -0.335702, -0.098407, -0.125005, -0.326176, -0.939881, 0.101152, -0.002831, -0.126447, -0.062663, -0.989992, -1.2e-05, 0.0, 0.0, 0.0, 1.0]
            ]
        },
        {
            "name": "Leg_L",
            "time": [0.0, 0.1667, 0.3333, 0.4667, 0.55, 1.0],
            "transform": [
                [0.999628, -1e-06, 0.027283, 0.0, -0.025918, 0.312329, 0.949621, 0.37472, -0.008522, -0.949974, 0.312212, -0.0, 0.0, 0.0, 0.0, 1.0],
                [0.983954, -1e-06, 0.178425, -0.0, -0.161568, 0.424288, 0.890997, 0.37472, -0.075704, -0.905527, 0.41748, 0.0, 0.0, 0.0, 0.0, 1.0],
                [0.999928, -1e-06, 0.011987, 0.0, -0.010868, 0.421968, 0.906546, 0.37472, -0.005059, -0.90661, 0.421938, -0.0, 0.0, 0.0, 0.0, 1.0],
                [0.999985, -1e-06, 0.00548, -0.0, -0.002485, 0.891193, 0.453618, 0.37472, -0.004884, -0.453625, 0.89118, -0.0, 0.0, 0.0, 0.0, 1.0],
                [1.0, -1e-06, 0.000324, 0.0, -0.000158, 0.873316, 0.487153, 0.37472, -0.000283, -0.487153, 0.873317, -0.0, 0.0, 0.0, 0.0, 1.0],
                [1.0, -0.0, 7e-06, 0.0, -2e-06, 0.955102, 0.296276, 0.37472, -7e-06, -0.296276, 0.955103, 0.0, 0.0, 0.0, 0.0, 1.0]
            ]
        },
        {
            "name": "Knee_L",
            "time": [0.0, 1.0],
            "transform": [
                [1.0, 0.0, -0.0, 0.0, -0.0, 1e-06, -1.0, 0.387176, -0.0, 1.0, 1e-06, -0.0, 0.0, 0.0, 0.0, 1.0],
                [1.0, 0.0, -0.0, 0.0, -0.0, 1e-06, -1.0, 0.387176, 0.0, 1.0, 1e-06, 0.0, 0.0, 0.0, 0.0, 1.0]
            ]
        },
        {
            "name": "Torso",
            "time": [0.0, 0.3333, 0.55, 1.0],
            "transform": [
                [1.0, 0.0, 0.0, -0.0, -0.0, 1.0, -0.0, 0.05, 0.0, 0.0, 1.0, 0.0, 0.0, 0.0, 0.0, 1.0],
                [1.0, -0.0, -0.0, -0.0, -0.0, 1.0, 0.0, 0.05, 0.0, 0.0, 1.0, 0.0, 0.0, 0.0, 0.0, 1.0],
                [0.902357, -0.216531, 0.372649, -0.0, 0.177824, 0.974656, 0.135737, 0.05, -0.392596, -0.056217, 0.917991, 0.0, 0.0, 0.0, 0.0, 1.0],
                [0.897999, -0.221503, 0.380177, 0.0, 0.181069, 0.973525, 0.139511, 0.05, -0.401014, -0.056442, 0.914331, 0.0, 0.0, 0.0, 0.0, 1.0]
            ]
        },
        {
            "name": "Chest",
            "time": [0.0, 1.0],
            "transform": [
                [1.0, 0.0, 0.0, -0.0, -0.0, 1.0, 0.0, 0.3, -0.0, 0.0, 1.0, 0.0, 0.0, 0.0, 0.0, 1.0],
                [1.0, -0.0, 0.0, -0.0, 0.0, 1.0, 0.0, 0.3, 0.0, -0.0, 1.0, 0.0, 0.0, 0.0, 0.0, 1.0]
            ]
        },
        {
            "name": "Head",
            "time": [0.0, 0.1667, 0.3333, 0.55, 1.0],
            "transform": [
                [0.407776, -0.111991, 0.906188, 0.0, 0.31904, 0.947371, -0.026484, 0.4, -0.855531, 0.29991, 0.422045, 0.0, 0.0, 0.0, 0.0, 1.0],
                [0.366365, -0.211824, 0.90604, 0.0, 0.208967, 0.9676, 0.141718, 0.4, -0.906703, 0.137412, 0.398759, 0.0, 0.0, 0.0, 0.0, 1.0],
                [0.358231, -0.21926, 0.907522, 0.0, 0.193126, 0.968412, 0.157738, 0.4, -0.91344, 0.118759, 0.38926, 0.0, 0.0, 0.0, 0.0, 1.0],
                [0.167853, -0.036349, -0.985142, -0.0, -0.297153, 0.950974, -0.085719, 0.4, 0.93996, 0.307126, 0.148823, 0.0, 0.0, 0.0, 0.0, 1.0],
                [0.125499, -0.039659, -0.991301, -0.0, -0.304686, 0.949371, -0.076555, 0.4, 0.944149, 0.311643, 0.107062, 0.0, 0.0, 0.0, 0.0, 1.0]
            ]
        },
        {
            "name": "Shoulder_R",
            "time": [0.0, 0.1667, 0.3333, 0.55, 1.0],