{
    "animation": [
        {
            "name": "Root",
            "time": [0.0, 0.3333, 0.4167, 0.55, 1.0],
            "transform": [
                [0.984616, -0.144615, 0.09807, -5e-06, 0.100143, 0.007111, -0.994948, 0.146994, 0.143187, 0.989462, 0.021484, 0.772444, 0.0, 0.0, 0.0, 1.0],
                [0.694727, -0.295485, 0.655777, -5e-06, 0.686428, -0.0, -0.727198, 0.553815, 0.214876, 0.955347, 0.202829, 0.505684, 0.0, 0.0, 0.0, 1.0],
                [0.951834, 0.075922, -0.297066, -5e-06, -0.305662, 0.311273, -0.899822, 0.983727, 0.024152, 0.947283, 0.319487, 0.590242, 0.0, 0.0, 0.0, 1.0],
                [0.219639, 0.466106, -0.857032, -5e-06, -0.975578, 0.102703, -0.194163, 1.242301, -0.002481, 0.878748, 0.47728, 0.487937, 0.0, 0.0, 0.0, 1.0],
                [0.167633, 0.476897, -0.862826, -5e-06, -0.98585, 0.081091, -0.146714, 1.254409, 0.0, 0.875211, 0.483742, 0.475768, 0.0, 0.0, 0.0, 1.0]
            ]
        },
        {
            "name": "Thigh_R",
            "time": [0.0, 0.1667, 0.3333, 0.4167, 0.55, 1.0],
            "transform": [
                [0.939709, 0.254601, 0.228309, 0.124994, 0.028962, -0.724468, 0.688698, -0.002831, 0.340746, -0.640562, -0.688165, -1.2e-05, 0.0, 0.0, 0.0, 1.0],
                [0.824495, 0.295181, 0.482779, 0.124994, 0.054011, -0.890318, 0.452121, -0.002831, 0.563285, -0.346695, -0.750008, -1.2e-05, 0.0, 0.0, 0.0, 1.0],
                [0.734587, 0.62333, 0.268028, 0.124994, 0.118048, -0.506405, 0.854177, -0.002831, 0.668166, -0.595826, -0.445584, -1.2e-05, 0.0, 0.0, 0.0, 1.0],
                [0.728488, 0.61162, 0.308584, 0.124994, 0.108415, -0.5477, 0.82962, -0.002831, 0.676425, -0.570912, -0.465303, -1.2e-05, 0.0, 0.0, 0.0, 1.0],
                [0.717825, 0.691363, -0.082116, 0.124994, 0.16741, -0.056915, 0.984243, -0.002831, 0.675796, -0.72026, -0.156598, -1.2e-05, 0.0, 0.0, 0.0, 1.0],
                [0.731044, 0.669955, -0.129354, 0.124994, 0.197941, -0.026803, 0.979847, -0.002831, 0.652987, -0.741915, -0.152206, -1.2e-05, 0.0, 0.0, 0.0, 1.0]
            ]
        },
        {
            "name": "Leg_R",
            "time": [0.0, 0.1667, 0.3333, 0.4167, 0.55, 1.0],
            "transform": [
                [1.0, -1e-06, 0.0, 0.0, -0.0, 0.210863, 0.977515, 0.37472, -1e-06, -0.977517, 0.210862, 0.0, 0.0, 0.0, 0.0, 1.0],
                [1.0, 0.0, 1e-06, 0.0, -0.0, 0.985985, 0.166841, 0.37472, -1e-06, -0.166841, 0.985983, -0.0, 0.0, 0.0, 0.0, 1.0],
                [1.0, -1e-06, 0.0, 0.0, 0.0, 0.410283, 0.911958, 0.37472, -1e-06, -0.911959, 0.410282, -0.0, 0.0, 0.0, 0.0, 1.0],
                [1.0, -0.0, -1e-06, -0.0, 1e-06, 0.372065, 0.928206, 0.37472, 0.0, -0.928208, 0.372064, -0.0, 0.0, 0.0, 0.0, 1.0],
                [1.0, -0.0, 3e-06, -0.0, -2e-06, 0.628411, 0.777881, 0.37472, -2e-06, -0.777883, 0.62841, 0.0, 0.0, 0.0, 0.0, 1.0],
                [1.0, -0.0, 1e-06, -0.0, -1e-06, 0.647923, 0.761706, 0.37472, -1e-06, -0.761707, 0.647922, -0.0, 0.0, 0.0, 0.0, 1.0]
            ]
        },
        {
            "name": "Knee_R",
            "time": [0.0, 0.1667, 0.3333, 0.4167, 1.0],
            "transform": [
                [1.0, 0.0, -0.0, 0.0, -0.0, 1e-06, -1.0, 0.453866, -0.0, 1.0, 1e-06, -0.0, 0.0, 0.0, 0.0, 1.0],
                [1.0, 0.0, -0.0, 0.0, -0.0, 1e-06, -1.0, 0.37472, -0.0, 1.0, 1e-06, -0.0, 0.0, 0.0, 0.0, 1.0],
                [1.0, 0.0, -0.0, 0.0, -0.0, 1e-06, -1.0, 0.431034, -0.0, 1.0, 1e-06, -0.0, 0.0, 0.0, 0.0, 1.0],
                [1.0, 0.0, -0.0, 0.0, -0.0, 1e-06, -1.0, 0.438493, -0.0, 1.0, 1e-06, -0.0, 0.0, 0.0, 0.0, 1.0],
                [1.0, -0.0, -0.0, -0.0, -0.0, 1e-06, -1.0, 0.411662, -0.0, 1.0, 1e-06, 0.0, 0.0, 0.0, 0.0, 1.0]
            ]
        },
        {
            "name": "Thigh_L",
            "time": [0.0, 0.3333, 0.4167, 0.55, 1.0],
            "transform": [
                [0.886884, -0.257976, -0.383254, -0.125006, -0.150611, -0.9457, 0.28804, -0.002831, -0.436751, -0.197736, -0.877581, -1.2e-05, 0.0, 0.0, 0.0, 1.0],
                [0.56186, -0.770318, 0.301536, -0.125006, -0.620851, -0.151785, 0.769093, -0.002831, -0.546677, -0.619333, -0.563534, -1.2e-05, 0.0, 0.0, 0.0, 1.0],
                [0.860523, -0.440071, 0.256586, -0.125006, -0.328538, -0.094505, 0.93975, -0.002831, -0.389308, -0.892976, -0.225904, -1.2e-05, 0.0, 0.0, 0.0, 1.0],
                [0.381494, -0.910822, -0.157685, -0.125005, 0.046624, -0.15141, 0.98737, -0.002831, -0.923194, -0.384029, -0.015297, -1.2e-05, 0.0, 0.0, 0.0, 1.0],
                [0.317154, -0.928539, -0.192947, -0.125006, 0.075243, -0.178172, 0.981118, -0.002831, -0.945384, -0.325684, 0.013358, -1.2e-05, 0.0, 0.0, 0.0, 1.0]
            ]
        },
        {
            "name": "Leg_L",
            "time": [0.0, 0.3333, 0.4167, 0.55, 1.0],
            "transform": [
                [1.0, -1e-06, 3e-06, -0.0, -0.0, 0.947844, 0.318734, 0.37472, -3e-06, -0.318734, 0.947844, -0.0, 0.0, 0.0, 0.0, 1.0],
                [1.0, -1e-06, 1e-06, 0.0, -1e-06, 0.374375, 0.927278, 0.37472, -1e-06, -0.927277, 0.374375, -0.0, 0.0, 0.0, 0.0, 1.0],
                [1.0, -1e-06, 4.4e-05, -0.0, -4.1e-05, -0.408133, 0.912923, 0.37472, 1.7e-05, -0.912922, -0.408133, -0.0, 0.0, 0.0, 0.0, 1.0],
                [0.999998, -1e-06, 0.00193, 0.0, -0.00189, 0.201941, 0.979396, 0.37472, -0.000391, -0.979398, 0.201941, -0.0, 0.0, 0.0, 0.0, 1.0],
                [1.0, -1e-06, 1.1e-05, 0.0, -1e-05, 0.226944, 0.973908, 0.37472, -3e-06, -0.973907, 0.226944, 0.0, 0.0, 0.0, 0.0, 1.0]
            ]
        },
        {
            "name": "Knee_L",
            "time": [0.0, 0.3333, 0.4167, 1.0],
            "transform": [
                [1.0, -0.0, -0.0, -0.0, -0.0, 1e-06, -1.0, 0.387176, -0.0, 1.0, 1e-06, -0.0, 0.0, 0.0, 0.0, 1.0],
                [1.0, 0.0, -0.0, 0.0, -0.0, 1e-06, -1.0, 0.437041, -0.0, 1.0, 1e-06, -0.0, 0.0, 0.0, 0.0, 1.0],
                [1.0, 0.0, -0.0, -0.0, -0.0, 1e-06, -1.0, 0.455959, -0.0, 1.0, 1e-06, -0.0, 0.0, 0.0, 0.0, 1.0],
                [1.0, 0.0, -0.0, 0.0, -0.0, 1e-06, -1.0, 0.451307, -0.0, 1.0, 1e-06, -0.0, 0.0, 0.0, 0.0, 1.0]
            ]
        },
        {
            "name": "Torso",
            "time": [0.0, 0.3333, 1.0],
            "transform": [
                [0.999945, -0.010487, -4.9e-05, -0.0, 0.010487, 0.999901, 0.009411, 0.05, -4.9e-05, -0.009411, 0.999956, 0.0, 0.0, 0.0, 0.0, 1.0],
                [1.0, 0.0, -0.0, -0.0, -0.0, 1.0, -0.0, 0.05, -0.0, -0.0, 1.0, -0.0, 0.0, 0.0, 0.0, 1.0],
                [1.0, 0.0, 0.0, 0.0, -0.0, 1.0, 0.0, 0.05, 0.0, -0.0, 1.0, 0.0, 0.0, 0.0, 0.0, 1.0]
            ]
        },
        {
            "name": "Chest",
            "time": [0.0, 0.3333, 1.0],
            "transform": [
                [0.999943, -0.010707, -5.2e-05, -0.0, 0.010707, 0.999896, 0.009612, 0.3, -5.1e-05, -0.009612, 0.999954, 0.0, 0.0, 0.0, 0.0, 1.0],
                [1.0, -0.0, 0.0, -0.0, -0.0, 1.0, 0.0, 0.3, -0.0, -0.0, 1.0, -0.0, 0.0, 0.0, 0.0, 1.0],
                [1.0, 0.0, -0.0, 0.0, -0.0, 1.0, -0.0, 0.3, 0.0, 0.0, 1.0, -0.0, 0.0, 0.0, 0.0, 1.0]
            ]
        },
        {
            "name": "Head",
            "time": [0.0, 0.3333, 0.55, 1.0],
            "transform": [
                [0.990647, 0.104228, 0.088061, 0.0, -0.097622, 0.992297, -0.076268, 0.4, -0.095332, 0.066958, 0.993191, -0.0, 0.0, 0.0, 0.0, 1.0],
                [0.919098, 0.142668, -0.367294, 0.0, -0.197168, 0.973576, -0.115216, 0.4, 0.341151, 0.178313, 0.922941, -0.0, 0.0, 0.0, 0.0, 1.0],
                [0.508103, -0.009746, 0.861241, 0.0, 0.404423, 0.885548, -0.228574, 0.4, -0.760443, 0.464445, 0.453892, -0.0, 0.0, 0.0, 0.0, 1.0],
                [0.465773, -0.007813, 0.88487, 0.0, 0.421916, 0.880942, -0.214307, 0.4, -0.777845, 0.473159, 0.413616, 0.0, 0.0, 0.0, 0.0, 1.0]
            ]
        },
        {
            "name": "Shoulder_R",
            "time": [0.0, 0.3333, 0.55, 1.0],