{
    "animation": [
        {
            "name": "Root",
            "time": [0.0, 0.1333, 0.2833, 0.7],
            "transform": [
                [0.752457, 0.0, -0.658641, -5e-06, -0.658641, 0.0, -0.752457, 0.000946, 0.0, 1.0, 0.0, 0.755725, 0.0, 0.0, 0.0, 1.0],
                [0.998703, 0.05091, 0.000873, -5e-06, -0.00817, 0.177153, -0.984149, 0.282212, -0.050258, 0.982866, 0.177339, 0.684549, 0.0, 0.0, 0.0, 1.0],
                [0.853704, 0.001491, 0.520756, -5e-06, 0.487464, 0.349535, -0.800127, 0.563477, -0.183215, 0.936922, 0.297673, 0.533644, 0.0, 0.0, 0.0, 1.0],
                [0.853704, 0.001491, 0.520756, -5e-06, 0.487464, 0.349535, -0.800127, 0.563477, -0.183215, 0.936922, 0.297673, 0.533644, 0.0, 0.0, 0.0, 1.0]
            ]
        },
        {
            "name": "Thigh_R",
            "time": [0.0, 0.0667, 0.35, 0.4833, 0.7],
            "transform": [
                [0.977637, 0.187823, -0.094595, 0.124994, 0.179748, -0.97979, -0.087744, -0.002831, -0.109163, 0.068779, -0.991642, -1.2e-05, 0.0, 0.0, 0.0, 1.0],
                [0.977647, 0.187825, -0.094486, 0.124994, 0.179758, -0.979789, -0.087731, -0.002831, -0.109055, 0.068785, -0.991653, -1.2e-05, 0.0, 0.0, 0.0, 1.0],
                [0.672224, -0.21785, 0.707571, 0.124994, 0.172087, -0.883571, -0.435529, -0.00283, 0.72007, 0.414536, -0.55647, -1.2e-05, 0.0, 0.0, 0.0, 1.0],
                [0.64079, -0.100186, 0.761151, 0.124994, 0.184282, -0.942387, -0.279183, -0.00283, 0.74527, 0.319164, -0.585411, -1.2e-05, 0.0, 0.0, 0.0, 1.0],
                [0.64079, -0.100186, 0.761151, 0.124994, 0.184282, -0.942387, -0.279183, -0.00283, 0.74527, 0.319164, -0.585411, -1.2e-05, 0.0, 0.0, 0.0, 1.0]
            ]
        },
        {
            "name": "Leg_R",
            "time": [0.0, 0.0667, 0.35, 0.4833, 0.7],
            "transform": [
                [1.0, -0.0, 2e-06, -0.0, 0.0, 0.999948, 0.010236, 0.37472, -2e-06, -0.010236, 0.999947, 0.0, 0.0, 0.0, 0.0, 1.0],
                [1.0, -0.0, 2e-06, -0.0, 0.0, 0.999948, 0.010231, 0.37472, -2e-06, -0.010231, 0.999947, 0.0, 0.0, 0.0, 0.0, 1.0],
                [1.0, 0.0, 0.0, 0.0, -0.0, 0.99995, 0.010108, 0.37472, -0.0, -0.010108, 0.999948, 0.0, 0.0, 0.0, 0.0, 1.0],
                [1.0, 0.0, 0.0, -0.0, -0.0, 0.951546, 0.30751, 0.37472, -0.0, -0.30751, 0.951544, 0.0, 0.0, 0.0, 0.0, 1.0],
                [1.0, 0.0, 0.0, -0.0, -0.0, 0.951546, 0.30751, 0.37472, -0.0, -0.30751, 0.951544, 0.0, 0.0, 0.0, 0.0, 1.0]
            ]
        },
        {
            "name": "Knee_R",
            "time": [0.0, 0.0667, 0.35, 0.7],
            "transform": [
                [1.0, 0.0, -0.0, -0.0, -0.0, 1e-06, -1.0, 0.37472, -0.0, 1.0, 1e-06, 0.0, 0.0, 0.0, 0.0, 1.0],
                [1.0, -0.0, -0.0, 0.0, -0.0, 1e-06, -1.0, 0.402021, -0.0, 1.0, 1e-06, 0.0, 0.0, 0.0, 0.0, 1.0],
                [1.0, 0.0, -0.0, 0.0, -0.0, 1e-06, -1.0, 0.37472, -0.0, 1.0, 1e-06, 0.0, 0.0, 0.0, 0.0, 1.0],
                [1.0, 0.0, -0.0, -0.0, -0.0, 1e-06, -1.0, 0.37472, -0.0, 1.0, 1e-06, 0.0, 0.0, 0.0, 0.0, 1.0]
            ]
        },
        {
            "name": "Thigh_L",
            "time": [0.0, 0.0667, 0.1333, 0.15, 0.35, 0.4833, 0.7],
            "transform": [
                [0.864804, -0.13914, -0.482444, -0.125006, -0.032979, -0.974503, 0.221936, -0.002831, -0.501024, -0.17602, -0.847344, -1.2e-05, 0.0, 0.0, 0.0, 1.0],
                [0.892757, -0.257379, -0.369784, -0.125006, 0.044631, -0.766202, 0.641047, -0.002831, -0.448321, -0.588804, -0.672546, -1.2e-05, 0.0, 0.0, 0.0, 1.0],
                [0.99608, 0.038551, -0.079607, -0.125006, 0.088141, -0.357366, 0.929795, -0.002831, 0.007395, -0.933168, -0.359364, -1.2e-05, 0.0, 0.0, 0.0, 1.0],
                [0.99608, 0.038551, -0.079607, -0.125006, 0.088141, -0.357366, 0.929796, -0.002831, 0.007395, -0.933168, -0.359364, -1.2e-05, 0.0, 0.0, 0.0, 1.0],
                [0.871969, 0.486813, 0.051785, -0.125006, 0.005395, -0.115327, 0.993312, -0.00283, 0.48953, -0.86586, -0.103189, -1.2e-05, 0.0, 0.0, 0.0, 1.0],
                [0.867019, 0.493971, 0.065342, -0.125006, -0.009143, -0.115343, 0.993283, -0.00283, 0.49819, -0.861794, -0.095489, -1.2e-05, 0.0, 0.0, 0.0, 1.0],
                [0.867019, 0.493971, 0.065342, -0.125006, -0.009143, -0.115343, 0.993283, -0.00283, 0.49819, -0.861794, -0.095489, -1.2e-05, 0.0, 0.0, 0.0, 1.0]
            ]
        },
        {
            "name": "Leg_L",
            "time": [0.0, 0.0667, 0.1333, 0.15, 0.35, 0.4833, 0.7],
            "transform": [
                [1.0, -0.0, 1e-06, 0.0, 0.0, 0.966124, 0.258077, 0.37472, -1e-06, -0.258077, 0.966125, 0.0, 0.0, 0.0, 0.0, 1.0],
                [1.0, -1e-06, 2e-06, 0.0, -1e-06, 0.627993, 0.778219, 0.37472, -2e-06, -0.778219, 0.627993, 0.0, 0.0, 0.0, 0.0, 1.0],
                [1.0, -1e-06, 2.2e-05, -0.0, -2e-05, 0.326129, 0.945326, 0.37472, -8e-06, -0.945325, 0.326129, -0.0, 0.0, 0.0, 0.0, 1.0],
                [1.0, -1e-06, 2.2e-05, 0.0, -2e-05, 0.326129, 0.945326, 0.37472, -8e-06, -0.945325, 0.326129, -0.0, 0.0, 0.0, 0.0, 1.0],
                [1.0, -1e-06, 4.7e-05, 0.0, -3.9e-05, 0.564346, 0.825539, 0.37472, -2.7e-05, -0.825538, 0.564347, 0.0, 0.0, 0.0, 0.0, 1.0],
                [1.0, -1e-06, 1.3e-05, -0.0, -1e-05, 0.564347, 0.825538, 0.37472, -8e-06, -0.825538, 0.564347, -0.0, 0.0, 0.0, 0.0, 1.0],
                [1.0, -1e-06, 1.3e-05, -0.0, -1e-05, 0.564347, 0.825538, 0.37472, -8e-06, -0.825538, 0.564347, -0.0, 0.0, 0.0, 0.0, 1.0]
            ]
        },
        {
            "name": "Knee_L",
            "time": [0.0, 0.0667, 0.35, 0.7],
            "transform": [
                [1.0, 0.0, -0.0, 0.0, -0.0, 1e-06, -1.0, 0.367512, -0.0, 1.0, 1e-06, 0.0, 0.0, 0.0, 0.0, 1.0],
                [1.0, 0.0, -0.0, 0.0, -0.0, 1e-06, -1.0, 0.411458, -0.0, 1.0, 1e-06, 0.0, 0.0, 0.0, 0.0, 1.0],
                [1.0, 0.0, -0.0, 0.0, -0.0, 1e-06, -1.0, 0.41827, -0.0, 1.0, 1e-06, 0.0, 0.0, 0.0, 0.0, 1.0],
                [1.0, 0.0, -0.0, -0.0, -0.0, 1e-06, -1.0, 0.41827, -0.0, 1.0, 1e-06, -0.0, 0.0, 0.0, 0.0, 1.0]
            ]
        },
        {
            "name": "Torso",
            "time": [0.0, 0.0667, 0.35, 0.4833, 0.7],
            "transform": [
                [1.0, 0.000613, -5.7e-05, -0.0, -0.000613, 0.999983, -0.005828, 0.05, 5.3e-05, 0.005829, 0.999983, 0.0, 0.0, 0.0, 0.0, 1.0],
                [0.999754, 0.02219, -0.000449, -0.0, -0.022193, 0.999289, -0.030477, 0.05, -0.000228, 0.030479, 0.999535, -0.0, 0.0, 0.0, 0.0, 1.0],
                [0.999999, 0.00111, -6e-06, 0.0, -0.00111, 0.999999, -0.001465, 0.05, 4e-06, 0.001465, 0.999999, -0.0, 0.0, 0.0, 0.0, 1.0],
                [1.0, -0.0, 0.0, 0.0, 0.0, 1.0, -0.0, 0.05, -0.0, -0.0, 1.0, -0.0, 0.0, 0.0, 0.0, 1.0],
                [1.0, -0.0, 0.0, 0.0, 0.0, 1.0, -0.0, 0.05, -0.0, -0.0, 1.0, -0.0, 0.0, 0.0, 0.0, 1.0]
            ]
        },
        {
            "name": "Chest",
            "time": [0.0, 0.0667, 0.35, 0.4833, 0.7],
            "transform": [
                [0.9141, -0.026127, 0.404647, 0.0, 0.031072, 0.999501, -0.005656, 0.3, -0.404297, 0.017743, 0.914456, -0.0, 0.0, 0.0, 0.0, 1.0],
                [0.914677, -0.006529, 0.404132, -0.0, 0.018758, 0.999478, -0.026307, 0.3, -0.403749, 0.031643, 0.914322, 0.0, 0.0, 0.0, 0.0, 1.0],
                [0.99227, 0.119826, 0.032276, -0.0, -0.123838, 0.972887, 0.195333, 0.3, -0.007995, -0.19782, 0.980206, -0.0, 0.0, 0.0, 0.0, 1.0],
                [0.991825, 0.126938, 0.013039, 0.0, -0.126862, 0.969855, 0.208057, 0.3, 0.013765, -0.20801, 0.97803, 0.0, 0.0, 0.0, 0.0, 1.0],
                [0.991825, 0.126938, 0.013039, 0.0, -0.126862, 0.969855, 0.208057, 0.3, 0.013765, -0.20801, 0.97803, 0.0, 0.0, 0.0, 0.0, 1.0]
            ]
        },
        {
            "name": "Head",
            "time": [0.0, 0.1333, 0.15, 0.2833, 0.7],