{
    "animation": [
        {
            "name": "Root",
            "time": [0.0, 0.1667, 0.4333, 0.4833, 0.6833, 1.0],
            "transform": [
                [0.417484, -0.257058, 0.871567, -5e-06, 0.861234, 0.417828, -0.289301, -0.000502, -0.289798, 0.871402, 0.395823, 0.515979, 0.0, 0.0, 0.0, 1.0],
                [0.34365, -0.258793, 0.902735, -5e-06, 0.887161, 0.404717, -0.221698, -0.000205, -0.307979, 0.877058, 0.368672, 0.515979, 0.0, 0.0, 0.0, 1.0],
                [0.929829, -0.071497, 0.360981, -5e-06, 0.362507, 0.346712, -0.865089, 0.486547, -0.063305, 0.935243, 0.348301, 0.649923, 0.0, 0.0, 0.0, 1.0],
                [0.94292, 0.000166, -0.333018, -5e-06, -0.326239, 0.201209, -0.923625, 0.888602, 0.066853, 0.979548, 0.189778, 0.548333, 0.0, 0.0, 0.0, 1.0],
                [0.89046, 0.000805, -0.455061, -5e-06, -0.448556, 0.170037, -0.877431, 0.973063, 0.07667, 0.985437, 0.151772, 0.515979, 0.0, 0.0, 0.0, 1.0],
                [0.89046, 0.000805, -0.455061, -5e-06, -0.448556, 0.170037, -0.877431, 0.973063, 0.07667, 0.985437, 0.151772, 0.515979, 0.0, 0.0, 0.0, 1.0]
            ]
        },
        {
            "name": "Thigh_R",
            "time": [0.0, 0.1667, 0.4333, 0.4833, 0.6833, 1.0],
            "transform": [
                [0.771291, 0.608687, -0.186031, 0.124994, 0.022619, 0.265883, 0.96374, -0.00283, 0.636079, -0.747531, 0.191305, -1.2e-05, 0.0, 0.0, 0.0, 1.0],
                [0.748193, 0.600368, -0.282424, 0.124994, 0.160836, 0.248854, 0.955093, -0.00283, 0.643691, -0.760017, 0.08963, -1.2e-05, 0.0, 0.0, 0.0, 1.0],
                [0.882537, 0.242147, 0.403103, 0.124994, -0.09406, -0.748996, 0.655862, -0.00283, 0.460738, -0.616737, -0.638243, -1.2e-05, 0.0, 0.0, 0.0, 1.0],
                [0.935858, 0.28025, 0.213608, 0.124995, 0.284018, -0.958722, 0.013495, -0.00283, 0.208573, 0.048039, -0.976826, -1.1e-05, 0.0, 0.0, 0.0, 1.0],
                [0.924804, 0.351742, 0.144963, 0.124995, 0.373186, -0.912796, -0.16593, -0.00283, 0.073957, 0.207551, -0.975425, -1.2e-05, 0.0, 0.0, 0.0, 1.0],
                [0.924804, 0.351742, 0.144963, 0.124995, 0.373186, -0.912796, -0.16593, -0.00283, 0.073957, 0.207551, -0.975425, -1.2e-05, 0.0, 0.0, 0.0, 1.0]
            ]
        },
        {
            "name": "Leg_R",
            "time": [0.0, 0.1667, 0.4333, 0.4833, 0.6833, 1.0],
            "transform": [
                [1.0, -1e-06, -2e-06, -0.0, 2e-06, 0.185081, 0.982722, 0.37472, -0.0, -0.982724, 0.185081, -0.0, 0.0, 0.0, 0.0, 1.0],
                [1.0, -1e-06, 0.000652, -0.0, -0.000644, 0.160281, 0.987071, 0.37472, -0.000105, -0.987072, 0.160281, 0.0, 0.0, 0.0, 0.0, 1.0],
                [1.0, -1e-06, -0.000891, 0.0, 0.000799, 0.442841, 0.8966, 0.37472, 0.000394, -0.896601, 0.44284, 0.0, 0.0, 0.0, 0.0, 1.0],
                [0.999999, -1e-06, -0.001512, 0.0, 0.001072, 0.705869, 0.708341, 0.37472, 0.001067, -0.708343, 0.705868, -0.0, 0.0, 0.0, 0.0, 1.0],
                [0.999999, -0.0, -0.001193, 0.0, 0.000682, 0.820658, 0.571419, 0.37472, 0.000979, -0.57142, 0.820656, -0.0, 0.0, 0.0, 0.0, 1.0],
                [0.999999, -0.0, -0.001193, 0.0, 0.000682, 0.820658, 0.571419, 0.37472, 0.000979, -0.57142, 0.820656, -0.0, 0.0, 0.0, 0.0, 1.0]
            ]
        },
        {
            "name": "Knee_R",
            "time": [0.0, 0.1667, 0.4333, 0.4833, 0.6833, 1.0],
            "transform": [
                [1.0, 0.0, -0.0, 0.0, -0.0, 1e-06, -1.0, 0.456714, -0.0, 1.0, 1e-06, -0.0, 0.0, 0.0, 0.0, 1.0],
                [1.0, 0.0, -0.0, 0.0, -0.0, 1e-06, -1.0, 0.459567, -0.0, 1.0, 1e-06, 0.0, 0.0, 0.0, 0.0, 1.0],
                [1.0, 0.0, -0.0, 0.0, -0.0, 1e-06, -1.0, 0.431034, -0.0, 1.0, 1e-06, 0.0, 0.0, 0.0, 0.0, 1.0],
                [1.0, 0.0, -0.0, 0.0, -0.0, 1e-06, -1.0, 0.407157, -0.0, 1.0, 1e-06, -0.0, 0.0, 0.0, 0.0, 1.0],
                [1.0, 0.0, -0.0, 0.0, -0.0, 1e-06, -1.0, 0.393491, -0.0, 1.0, 1e-06, -0.0, 0.0, 0.0, 0.0, 1.0],
                [1.0, 0.0, -0.0, 0.0, -0.0, 1e-06, -1.0, 0.393491, -0.0, 1.0, 1e-06, -0.0, 0.0, 0.0, 0.0, 1.0]
            ]
        },
        {
            "name": "Thigh_L",
            "time": [0.0, 0.1667, 0.4333, 0.4833, 0.6833, 1.0],
            "transform": [
                [0.932003, -0.361406, -0.027486, -0.125006, -0.344871, -0.907579, 0.239507, -0.002831, -0.111505, -0.213741, -0.970505, -1.2e-05, 0.0, 0.0, 0.0, 1.0],
                [0.929089, -0.369478, -0.016666, -0.125006, -0.349925, -0.892728, 0.283882, -0.002831, -0.119766, -0.25792, -0.958714, -1.2e-05, 0.0, 0.0, 0.0, 1.0],
                [0.950384, -0.309894, -0.027106, -0.125005, -0.052239, -0.24489, 0.968142, -0.002831, -0.30666, -0.918692, -0.248929, -1.2e-05, 0.0, 0.0, 0.0, 1.0],
                [0.926194, -0.374715, -0.041852, -0.125005, 0.018065, -0.066771, 0.997604, -0.002831, -0.376612, -0.924732, -0.055074, -1.2e-05, 0.0, 0.0, 0.0, 1.0],
                [0.909809, -0.41429, -0.024709, -0.125005, -0.038497, -0.143523, 0.988897, -0.002831, -0.413237, -0.898757, -0.146528, -1.2e-05, 0.0, 0.0, 0.0, 1.0],
                [0.909809, -0.41429, -0.024709, -0.125005, -0.038497, -0.143523, 0.988897, -0.002831, -0.413237, -0.898757, -0.146528, -1.2e-05, 0.0, 0.0, 0.0, 1.0]
            ]
        },
        {
            "name": "Leg_L",
            "time": [0.0, 0.1667, 0.4333, 0.4833, 0.6833, 1.0],
            "transform": [
                [1.0, -0.0, 1.7e-05, 0.0, -6e-06, 0.934549, 0.355834, 0.37472, -1.6e-05, -0.355834, 0.93455, 0.0, 0.0, 0.0, 0.0, 1.0],
                [1.0, -1e-06, 1.1e-05, -0.0, -3e-06, 0.92893, 0.370255, 0.37472, -1e-05, -0.370255, 0.928931, -0.0, 0.0, 0.0, 0.0, 1.0],
                [1.0, -1e-06, 0.000344, 0.0, -0.000322, -0.353152, 0.935566, 0.37472, 0.00012, -0.935566, -0.353152, -0.0, 0.0, 0.0, 0.0, 1.0],
                [1.0, -1e-06, 0.000906, 0.0, -0.000901, 0.102593, 0.994723, 0.37472, -9.4e-05, -0.994723, 0.102593, 0.0, 0.0, 0.0, 0.0, 1.0],
                [1.0, -1e-06, 0.000101, -0.0, -9.4e-05, 0.353613, 0.935392, 0.37472, -3.7e-05, -0.935392, 0.353613, -0.0, 0.0, 0.0, 0.0, 1.0],
                [1.0, -1e-06, 0.000101, -0.0, -9.4e-05, 0.353613, 0.935392, 0.37472, -3.7e-05, -0.935392, 0.353613, -0.0, 0.0, 0.0, 0.0, 1.0]
            ]
        },
        {
            "name": "Knee_L",
            "time": [0.0, 0.1667, 0.4333, 0.4833, 0.6833, 1.0],
            "transform": [
                [1.0, 0.0, -0.0, 0.0, -0.0, 1e-06, -1.0, 0.372918, -0.0, 1.0, 1e-06, 0.0, 0.0, 0.0, 0.0, 1.0],
                [1.0, 0.0, -0.0, -0.0, -0.0, 1e-06, -1.0, 0.378474, -0.0, 1.0, 1e-06, -0.0, 0.0, 0.0, 0.0, 1.0],
                [1.0, 0.0, -0.0, 0.0, -0.0, 1e-06, -1.0, 0.461069, -0.0, 1.0, 1e-06, -0.0, 0.0, 0.0, 0.0, 1.0],
                [1.0, 0.0, -0.0, 0.0, -0.0, 1e-06, -1.0, 0.464463, -0.0, 1.0, 1e-06, -0.0, 0.0, 0.0, 0.0, 1.0],
                [1.0, 0.0, -0.0, 0.0, -0.0, 1e-06, -1.0, 0.440795, -0.0, 1.0, 1e-06, -0.0, 0.0, 0.0, 0.0, 1.0],
                [1.0, 0.0, -0.0, 0.0, -0.0, 1e-06, -1.0, 0.440795, -0.0, 1.0, 1e-06, -0.0, 0.0, 0.0, 0.0, 1.0]
            ]
        },
        {
            "name": "Torso",
            "time": [0.0, 0.1667, 0.4333, 0.4833, 0.6833, 1.0],