{
    "animation": [
        {
            "name": "Root",
            "time": [0.0, 0.1333, 0.2333, 0.4167],
            "transform": [
                [0.943585, 0.006504, -0.331066, -5e-06, -0.330166, -0.057728, -0.942156, 0.034375, -0.025239, 0.998311, -0.052324, 0.713784, 0.0, 0.0, 0.0, 1.0],
                [0.950056, 0.031749, 0.310459, -5e-06, 0.308372, 0.057363, -0.949535, 0.378449, -0.047956, 0.997848, 0.044707, 0.585882, 0.0, 0.0, 0.0, 1.0],
                [0.904344, 0.0, 0.426804, -5e-06, 0.415025, 0.233314, -0.879385, 0.48627, -0.099579, 0.972402, 0.210996, 0.560112, 0.0, 0.0, 0.0, 1.0],
                [0.904344, 0.0, 0.426805, -5e-06, 0.412057, 0.260597, -0.873097, 0.48627, -0.111224, 0.965448, 0.23567, 0.560112, 0.0, 0.0, 0.0, 1.0]
            ]
        },
        {
            "name": "Thigh_R",
            "time": [0.0, 0.0667, 0.1333, 0.1833, 0.2333, 0.4167],
            "transform": [
                [0.9906, 0.122414, -0.061033, 0.124994, 0.127661, -0.987621, 0.091125, -0.002831, -0.049122, -0.098059, -0.993967, -1.2e-05, 0.0, 0.0, 0.0, 1.0],
                [0.994557, 0.0982, 0.034817, 0.124994, 0.102263, -0.984022, -0.145736, -0.002831, 0.019949, 0.148504, -0.988711, -1.2e-05, 0.0, 0.0, 0.0, 1.0],
                [0.936203, -0.143042, 0.321032, 0.124994, -0.027395, -0.940349, -0.339101, -0.002831, 0.350389, 0.308673, -0.884278, -1.2e-05, 0.0, 0.0, 0.0, 1.0],
                [0.869479, -0.157535, 0.468175, 0.124994, 0.065078, -0.902988, -0.424704, -0.002831, 0.489663, 0.399739, -0.774879, -1.2e-05, 0.0, 0.0, 0.0, 1.0],
                [0.82206, -0.122042, 0.556168, 0.124994, 0.109348, -0.924741, -0.364545, -0.00283, 0.558802, 0.360494, -0.746849, -1.2e-05, 0.0, 0.0, 0.0, 1.0],
                [0.807365, -0.101434, 0.581268, 0.124994, 0.116694, -0.938205, -0.325806, -0.002831, 0.578397, 0.330875, -0.745639, -1.2e-05, 0.0, 0.0, 0.0, 1.0]
            ]
        },
        {
            "name": "Leg_R",
            "time": [0.0, 0.0667, 0.1333, 0.1833, 0.2333, 0.4167],
            "transform": [
                [1.0, -0.0, 3e-06, 0.0, -1e-06, 0.795362, 0.606135, 0.37472, -3e-06, -0.606133, 0.795365, -0.0, 0.0, 0.0, 0.0, 1.0],
                [1.0, -1e-06, 4e-06, 0.0, -2e-06, 0.743279, 0.668981, 0.37472, -3e-06, -0.668979, 0.743282, -0.0, 0.0, 0.0, 0.0, 1.0],
                [1.0, -0.0, 3e-06, -0.0, -1e-06, 0.950157, 0.311769, 0.37472, -2e-06, -0.311768, 0.95016, 0.0, 0.0, 0.0, 0.0, 1.0],
                [1.0, -0.0, 1e-06, 0.0, -0.0, 0.967211, 0.253967, 0.37472, -1e-06, -0.253966, 0.967215, -0.0, 0.0, 0.0, 0.0, 1.0],
                [1.0, 0.0, 0.0, -0.0, -0.0, 0.95725, 0.289257, 0.37472, -0.0, -0.289255, 0.957254, 0.0, 0.0, 0.0, 0.0, 1.0],
                [1.0, -0.0, 0.0, 0.0, 0.0, 0.950163, 0.311751, 0.37472, -0.0, -0.31175, 0.950166, -0.0, 0.0, 0.0, 0.0, 1.0]
            ]
        },
        {
            "name": "Knee_R",
            "time": [0.0, 0.4167],
            "transform": [
                [1.0, 0.0, -0.0, 0.0, -0.0, 1e-06, -1.0, 0.37472, -0.0, 1.0, 1e-06, -0.0, 0.0, 0.0, 0.0, 1.0],
                [1.0, 0.0, -0.0, 0.0, -0.0, 1e-06, -1.0, 0.37472, -0.0, 1.0, 1e-06, -0.0, 0.0, 0.0, 0.0, 1.0]
            ]
        },
        {
            "name": "Thigh_L",
            "time": [0.0, 0.0667, 0.1333, 0.1833, 0.2333, 0.4167],
            "transform": [
                [0.938254, -0.215521, -0.270607, -0.125006, 0.001711, -0.779325, 0.626617, -0.002831, -0.34594, -0.588389, -0.730838, -1.2e-05, 0.0, 0.0, 0.0, 1.0],
                [0.996518, -0.029785, -0.077867, -0.125006, 0.047919, -0.559669, 0.827329, -0.002831, -0.068222, -0.828179, -0.556295, -1.2e-05, 0.0, 0.0, 0.0, 1.0],
                [0.955735, 0.283736, 0.077866, -0.125006, 0.016092, -0.314657, 0.949069, -0.002831, 0.293786, -0.905805, -0.305295, -1.2e-05, 0.0, 0.0, 0.0, 1.0],
                [0.913509, 0.392493, 0.107004, -0.125006, 0.019412, -0.304782, 0.952225, -0.002831, 0.406354, -0.867788, -0.286041, -1.2e-05, 0.0, 0.0, 0.0, 1.0],
                [0.907945, 0.405077, 0.107457, -0.125006, 0.00765, -0.272381, 0.962159, -0.002831, 0.419018, -0.872765, -0.250407, -1.2e-05, 0.0, 0.0, 0.0, 1.0],
                [0.907385, 0.408476, 0.098983, -0.125006, 0.006716, -0.249566, 0.968335, -0.002831, 0.420245, -0.877987, -0.229197, -1.2e-05, 0.0, 0.0, 0.0, 1.0]
            ]
        },
        {
            "name": "Leg_L",
            "time": [0.0, 0.0667, 0.1333, 0.1833, 0.2333, 0.4167],
            "transform": [
                [1.0, -1e-06, 7.3e-05, -0.0, -6.3e-05, 0.488853, 0.872366, 0.37472, -3.7e-05, -0.872366, 0.488853, 0.0, 0.0, 0.0, 0.0, 1.0],
                [0.999999, -1e-06, 0.001031, 0.0, -0.001019, 0.155974, 0.98776, 0.37472, -0.000162, -0.987761, 0.155974, -0.0, 0.0, 0.0, 0.0, 1.0],
                [1.0, -1e-06, 0.000402, -0.0, -0.00038, 0.325331, 0.9456, 0.37472, -0.000132, -0.9456, 0.325331, -0.0, 0.0, 0.0, 0.0, 1.0],
                [0.999996, -1e-06, 0.002743, -0.0, -0.002398, 0.485385, 0.874297, 0.37472, -0.001332, -0.8743, 0.485383, 0.0, 0.0, 0.0, 0.0, 1.0],
                [1.0, -1e-06, 0.000937, 0.0, -0.000815, 0.492975, 0.870043, 0.37472, -0.000462, -0.870043, 0.492975, -0.0, 0.0, 0.0, 0.0, 1.0],
                [1.0, -1e-06, 4.6e-05, 0.0, -4e-05, 0.498158, 0.867086, 0.37472, -2.4e-05, -0.867086, 0.498158, 0.0, 0.0, 0.0, 0.0, 1.0]
            ]
        },
        {
            "name": "Knee_L",
            "time": [0.0, 0.4167],
            "transform": [
                [1.0, 0.0, -0.0, 0.0, -0.0, 1e-06, -1.0, 0.417519, -0.0, 1.0, 1e-06, 0.0, 0.0, 0.0, 0.0, 1.0],
                [1.0, 0.0, -0.0, 0.0, -0.0, 1e-06, -1.0, 0.417519, -0.0, 1.0, 1e-06, 0.0, 0.0, 0.0, 0.0, 1.0]
            ]
        },
        {
            "name": "Torso",
            "time": [0.0, 0.1333, 0.2333, 0.4167],
            "transform": [
                [0.999812, -0.019404, -0.000169, 0.0, 0.019404, 0.99966, 0.017423, 0.05, -0.000169, -0.017423, 0.999848, 0.0, 0.0, 0.0, 0.0, 1.0],
                [0.999945, -0.010487, -4.9e-05, 0.0, 0.010487, 0.999901, 0.009411, 0.05, -4.9e-05, -0.009411, 0.999956, -0.0, 0.0, 0.0, 0.0, 1.0],
                [1.0, -0.000999, -0.0, 0.0, 0.000999, 0.999999, 0.000846, 0.05, -1e-06, -0.000846, 1.0, 0.0, 0.0, 0.0, 0.0, 1.0],
                [1.0, 0.0, 0.0, -0.0, 0.0, 1.0, -0.0, 0.05, -0.0, 0.0, 1.0, -0.0, 0.0, 0.0, 0.0, 1.0]
            ]
        },
        {
            "name": "Chest",
            "time": [0.0, 0.1333, 0.4167],
            "transform": [
                [0.999879, -0.015521, -0.000108, -0.0, 0.015521, 0.999782, 0.013935, 0.3, -0.000108, -0.013935, 0.999903, -0.0, 0.0, 0.0, 0.0, 1.0],
                [1.0, -0.0, -0.0, 0.0, 0.0, 1.0, -0.0, 0.3, 0.0, -0.0, 1.0, 0.0, 0.0, 0.0, 0.0, 1.0],
                [1.0, 0.0, 0.0, 0.0, -0.0, 1.0, -0.0, 0.3, 0.0, -0.0, 1.0, -0.0, 0.0, 0.0, 0.0, 1.0]
            ]
        },
        {
            "name": "Head",
            "time": [0.0, 0.0667, 0.1333, 0.1833, 0.2333, 0.4167],
            "transform": [
                [0.940911, 0.007534, 0.33857, 0.0, -0.018483, 0.999405, 0.029129, 0.4, -0.338149, -0.033665, 0.94049, -0.0, 0.0, 0.0, 0.0, 1.0],
                [0.996954, -0.004591, 0.077863, -0.0, -0.002755, 0.99557, 0.093978, 0.4, -0.077949, -0.093906, 0.992525, 0.0, 0.0, 0.0, 0.0, 1.0],
                [0.96433, -0.031256, -0.262852, 0.0, 0.005986, 0.995325, -0.096396, 0.4, 0.264637, 0.091384, 0.960009, 0.0, 0.0, 0.0, 0.0, 1.0],
                [0.924407, -0.071333, -0.374678, 0.0, -0.010736, 0.9771, -0.212511, 0.4, 0.381257, 0.200469, 0.902472, -0.0, 0.0, 0.0, 0.0, 1.0],
                [0.924488, -0.07587, -0.373584, -0.0, 0.001119, 0.980531, -0.196363, 0.4, 0.381209, 0.181117, 0.906574, 0.0, 0.0, 0.0, 0.0, 1.0],
                [0.924684, -0.076672, -0.372935, 0.0, 0.009212, 0.983732, -0.179406, 0.4, 0.380623, 0.162459, 0.910348, -0.0, 0.0, 0.0, 0.0, 1.0]
            ]
        },
        {
            "name": "Shoulder_R",
            "time": [0.0, 0.1333, 0.1833, 0.2333, 0.4167],