{
    "animation": [
        {
            "name": "Root",
            "time": [0.0, 0.1167, 0.25, 0.5667],
            "transform": [
                [0.651504, -0.18283, 0.736285, -5e-06, 0.746175, 0.329677, -0.578391, 0.001707, -0.136989, 0.926221, 0.351209, 0.533644, 0.0, 0.0, 0.0, 1.0],
                [0.558483, 0.014734, -0.829385, -5e-06, -0.828965, -0.026522, -0.558671, 0.274067, -0.030229, 0.99954, -0.002598, 0.583263, 0.0, 0.0, 0.0, 1.0],
                [0.33694, -0.019776, -0.941318, -5e-06, -0.938801, -0.083072, -0.334294, 0.282047, -0.071586, 0.996347, -0.046556, 0.591226, 0.0, 0.0, 0.0, 1.0],
                [0.33694, -0.019776, -0.941318, -5e-06, -0.938801, -0.083072, -0.334294, 0.282047, -0.071586, 0.996347, -0.046556, 0.591226, 0.0, 0.0, 0.0, 1.0]
            ]
        },
        {
            "name": "Thigh_R",
            "time": [0.0, 0.1167, 0.25, 0.5667],
            "transform": [
                [0.51798, -0.420052, 0.745153, 0.124994, -0.020556, -0.876983, -0.480079, -0.00283, 0.855145, 0.233354, -0.462895, -1.2e-05, 0.0, 0.0, 0.0, 1.0],
                [0.809511, 0.564447, -0.161524, 0.124994, 0.534577, -0.822385, -0.194698, -0.00283, -0.242732, 0.071263, -0.967473, -1.2e-05, 0.0, 0.0, 0.0, 1.0],
                [0.706697, 0.631697, -0.318649, 0.124994, 0.59479, -0.774333, -0.215941, -0.002831, -0.38315, -0.036924, -0.922948, -1.2e-05, 0.0, 0.0, 0.0, 1.0],
                [0.706697, 0.631697, -0.318649, 0.124994, 0.59479, -0.774333, -0.215941, -0.002831, -0.38315, -0.036924, -0.922948, -1.2e-05, 0.0, 0.0, 0.0, 1.0]
            ]
        },
        {
            "name": "Leg_R",
            "time": [0.0, 0.1167, 0.25, 0.5667],
            "transform": [
                [1.0, 0.0, -0.0, 0.0, -0.0, 0.999952, 0.009911, 0.37472, 1e-06, -0.009911, 0.99995, -0.0, 0.0, 0.0, 0.0, 1.0],
                [1.0, -0.0, -0.0, 0.0, 1e-06, 0.895812, 0.444434, 0.37472, 0.0, -0.444435, 0.895811, 0.0, 0.0, 0.0, 0.0, 1.0],
                [1.0, -0.0, 0.0, -0.0, 0.0, 0.927712, 0.373298, 0.37472, -0.0, -0.373298, 0.927711, -0.0, 0.0, 0.0, 0.0, 1.0],
                [1.0, -0.0, 0.0, -0.0, 0.0, 0.927712, 0.373298, 0.37472, -0.0, -0.373298, 0.927711, -0.0, 0.0, 0.0, 0.0, 1.0]
            ]
        },
        {
            "name": "Knee_R",
            "time": [0.0, 0.5667],
            "transform": [
                [1.0, 0.0, -0.0, 0.0, -0.0, 1e-06, -1.0, 0.37472, -0.0, 1.0, 1e-06, -0.0, 0.0, 0.0, 0.0, 1.0],
                [1.0, 0.0, -0.0, -0.0, -0.0, 1e-06, -1.0, 0.37472, -0.0, 1.0, 1e-06, -0.0, 0.0, 0.0, 0.0, 1.0]
            ]
        },
        {
            "name": "Thigh_L",
            "time": [0.0, 0.1167, 0.25, 0.5667],
            "transform": [
                [0.70671, 0.677873, 0.202605, -0.125006, -0.190302, -0.093684, 0.977245, -0.002831, 0.681429, -0.729186, 0.062792, -1.2e-05, 0.0, 0.0, 0.0, 1.0],
                [0.56279, -0.723317, -0.4001, -0.125006, -0.148847, -0.564799, 0.811693, -0.002831, -0.813087, -0.397259, -0.425528, -1.2e-05, 0.0, 0.0, 0.0, 1.0],
                [0.346163, -0.751897, -0.561089, -0.125006, -0.229958, -0.647823, 0.726253, -0.002831, -0.909554, -0.122375, -0.397158, -1.2e-05, 0.0, 0.0, 0.0, 1.0],
                [0.346163, -0.751897, -0.561089, -0.125006, -0.229958, -0.647823, 0.726253, -0.002831, -0.909554, -0.122375, -0.397158, -1.2e-05, 0.0, 0.0, 0.0, 1.0]
            ]
        },
        {
            "name": "Leg_L",
            "time": [0.0, 0.1167, 0.25, 0.5667],
            "transform": [
                [0.999998, -0.0, 0.002147, 0.0, -0.001845, 0.511139, 0.859496, 0.37472, -0.001098, -0.859497, 0.511138, 0.0, 0.0, 0.0, 0.0, 1.0],
                [0.999975, -1e-06, 0.007096, -0.0, -0.006035, 0.525978, 0.850477, 0.37472, -0.003734, -0.850498, 0.525965, -0.0, 0.0, 0.0, 0.0, 1.0],
                [0.999997, -1e-06, 0.002678, -0.0, -0.002094, 0.623329, 0.781957, 0.37472, -0.00167, -0.78196, 0.623327, 0.0, 0.0, 0.0, 0.0, 1.0],
                [0.999997, -1e-06, 0.002678, -0.0, -0.002094, 0.623329, 0.781957, 0.37472, -0.00167, -0.78196, 0.623327, 0.0, 0.0, 0.0, 0.0, 1.0]
            ]
        },
        {
            "name": "Knee_L",
            "time": [0.0, 0.5667],
            "transform": [
                [1.0, 0.0, -0.0, 0.0, -0.0, 1e-06, -1.0, 0.421649, -0.0, 1.0, 1e-06, 0.0, 0.0, 0.0, 0.0, 1.0],
                [1.0, 0.0, -0.0, 0.0, -0.0, 1e-06, -1.0, 0.421649, -0.0, 1.0, 1e-06, 0.0, 0.0, 0.0, 0.0, 1.0]
            ]
        },
        {
            "name": "Torso",
            "time": [0.0, 0.5667],
            "transform": [
                [1.0, -0.0, 0.0, -0.0, 0.0, 1.0, 0.0, 0.05, -0.0, -0.0, 1.0, -0.0, 0.0, 0.0, 0.0, 1.0],
                [1.0, -0.0, 0.0, 0.0, 0.0, 1.0, 0.0, 0.05, 0.0, -0.0, 1.0, -0.0, 0.0, 0.0, 0.0, 1.0]
            ]
        },
        {
            "name": "Chest",
            "time": [0.0, 0.1167, 0.25, 0.5667],
            "transform": [
                [0.991825, 0.126938, 0.013038, 0.0, -0.126861, 0.969855, 0.208057, 0.3, 0.013765, -0.20801, 0.97803, 0.0, 0.0, 0.0, 0.0, 1.0],
                [0.994988, 0.099977, -0.001785, 0.0, -0.099978, 0.99499, -0.000388, 0.3, 0.001738, 0.000565, 0.999999, 0.0, 0.0, 0.0, 0.0, 1.0],
                [0.995434, 0.095385, -0.003638, -0.0, -0.095454, 0.994851, -0.034058, 0.3, 0.000371, 0.034249, 0.999413, -0.0, 0.0, 0.0, 0.0, 1.0],
                [0.995434, 0.095385, -0.003638, -0.0, -0.095454, 0.994851, -0.034058, 0.3, 0.000371, 0.034249, 0.999413, -0.0, 0.0, 0.0, 0.0, 1.0]
            ]
        },
        {
            "name": "Head",
            "time": [0.0, 0.1167, 0.25, 0.5667],
            "transform": [
                [0.864213, -0.259841, -0.430834, 0.0, 0.016718, 0.870673, -0.491578, 0.4, 0.502848, 0.417626, 0.756791, 0.0, 0.0, 0.0, 0.0, 1.0],
                [0.731583, -0.117776, 0.671502, 0.0, 0.08547, 0.993038, 0.081054, 0.4, -0.676374, -0.001905, 0.736556, -0.0, 0.0, 0.0, 0.0, 1.0],
                [0.597896, -0.144923, 0.788364, 0.0, 0.030824, 0.98695, 0.158051, 0.4, -0.800981, -0.070197, 0.59456, 0.0, 0.0, 0.0, 0.0, 1.0],
                [0.597896, -0.144923, 0.788364, 0.0, 0.030824, 0.98695, 0.158051, 0.4, -0.800981, -0.070197, 0.59456, 0.0, 0.0, 0.0, 0.0, 1.0]
            ]
        },
        {
            "name": "Shoulder_R",
            "time": [0.0, 0.1167, 0.25, 0.5667],
            "transform": [
                [0.667612, 0.615048, -0.419534, 0.0, 0.508055, 0.035548, 0.860591, 0.4, 0.544218, -0.787687, -0.288747, 0.0, 0.0, 0.0, 0.0, 1.0],
                [0.124618, 0.965403, 0.229055, 0.0, 0.050189, -0.236693, 0.970287, 0.4, 0.990934, -0.109419, -0.077949, -0.0, 0.0, 0.0, 0.0, 1.0],
                [0.0, 0.952114, 0.305743, 0.0, 0.0, -0.305743, 0.952114, 0.4, 1.0, 0.0, -0.0, 0.0, 0.0, 0.0, 0.0, 1.0],
                [0.0, 0.952114, 0.305743, 0.0, 0.0, -0.305743, 0.952114, 0.4, 1.0, 0.0, -0.0, 0.0, 0.0, 0.0, 0.0, 1.0]
            ]
        },
        {
            "name": "Arm_R",
            "time": [0.0, 0.1167, 0.25, 0.5667],
            "transform": [
                [-0.072943, -0.995205, -0.065156, 0.0, -0.804586, 0.097324, -0.585806, 0.39386, 0.589339, 0.009693, -0.807828, 0.0, 0.0, 0.0, 0.0, 1.0],
                [0.347248, -0.55583, -0.755296, -0.0, -0.783196, 0.271085, -0.559569, 0.39386, 0.515774, 0.785854, -0.34119, -0.0, 0.0, 0.0, 0.0, 1.0],
                [0.40152, -0.439995, -0.803235, -0.0, -0.777301, 0.300096, -0.552942, 0.39386, 0.484339, 0.846373, -0.221515, 0.0, 0.0, 0.0, 0.0, 1.0],
                [0.40152, -0.439995, -0.803235, -0.0, -0.777301, 0.300096, -0.552942, 0.39386, 0.484339, 0.846373, -0.221515, 0.0, 0.0, 0.0, 0.0, 1.0]
            ]
        },
        {
            "name": "Hand_R",
            "time": [0.0, 0.5667],