{
    "animation": [
        {
            "name": "Root",
            "time": [0.0, 0.0833, 0.2, 0.3833, 0.7],
            "transform": [
                [0.230605, 0.183375, -0.955612, -5e-06, -0.965967, -0.075115, -0.247518, -0.004003, -0.117169, 0.980169, 0.159812, 0.591226, 0.0, 0.0, 0.0, 1.0],
                [0.94666, 0.216069, -0.239058, -5e-06, -0.284555, 0.21243, -0.934827, 1.101096, -0.151204, 0.952989, 0.262582, 0.741948, 0.0, 0.0, 0.0, 1.0],
                [0.735829, 0.012678, 0.677049, -5e-06, 0.634105, 0.337951, -0.695485, 1.576525, -0.237626, 0.941078, 0.240635, 0.607743, 0.0, 0.0, 0.0, 1.0],
                [0.699829, -0.0, 0.71431, -5e-06, 0.672537, 0.336958, -0.658903, 1.609728, -0.240693, 0.94152, 0.235813, 0.591226, 0.0, 0.0, 0.0, 1.0],
                [0.699829, -0.0, 0.71431, -5e-06, 0.672537, 0.336958, -0.658903, 1.609728, -0.240693, 0.94152, 0.235813, 0.591226, 0.0, 0.0, 0.0, 1.0]
            ]
        },
        {
            "name": "Thigh_R",
            "time": [0.0, 0.0833, 0.2, 0.3833, 0.7],
            "transform": [
                [0.594509, 0.629916, -0.499763, 0.124994, 0.688601, -0.71977, -0.088076, -0.00283, -0.415196, -0.291775, -0.861673, -1.2e-05, 0.0, 0.0, 0.0, 1.0],
                [0.832981, 0.468837, -0.293824, 0.124994, 0.460455, -0.292933, 0.837957, -0.00283, 0.306794, -0.833293, -0.459888, -1.2e-05, 0.0, 0.0, 0.0, 1.0],
                [0.7218, 0.690888, 0.040943, 0.124994, 0.029311, -0.089619, 0.995545, -0.00283, 0.69148, -0.717383, -0.084938, -1.2e-05, 0.0, 0.0, 0.0, 1.0],
                [0.703698, 0.704914, 0.088899, 0.124994, 0.00841, -0.133377, 0.99103, -0.00283, 0.710449, -0.696637, -0.099786, -1.2e-05, 0.0, 0.0, 0.0, 1.0],
                [0.703698, 0.704914, 0.088899, 0.124994, 0.00841, -0.133377, 0.99103, -0.00283, 0.710449, -0.696637, -0.099786, -1.2e-05, 0.0, 0.0, 0.0, 1.0]
            ]
        },
        {
            "name": "Leg_R",
            "time": [0.0, 0.0833, 0.2, 0.3833, 0.7],
            "transform": [
                [1.0, -0.0, -2e-06, 0.0, 1e-06, 0.90266, 0.430356, 0.37472, 2e-06, -0.430357, 0.902658, 0.0, 0.0, 0.0, 0.0, 1.0],
                [1.0, -1e-06, -1e-05, -0.0, 1e-05, -0.275702, 0.961243, 0.37472, -4e-06, -0.961244, -0.275702, -0.0, 0.0, 0.0, 0.0, 1.0],
                [1.0, -1e-06, -3.2e-05, 0.0, 3e-05, 0.353087, 0.93559, 0.37472, 1.1e-05, -0.935591, 0.353086, 0.0, 0.0, 0.0, 0.0, 1.0],
                [1.0, -1e-06, -7e-06, -0.0, 6e-06, 0.484932, 0.874551, 0.37472, 3e-06, -0.874553, 0.484931, -0.0, 0.0, 0.0, 0.0, 1.0],
                [1.0, -1e-06, -7e-06, -0.0, 6e-06, 0.484932, 0.874551, 0.37472, 3e-06, -0.874553, 0.484931, -0.0, 0.0, 0.0, 0.0, 1.0]
            ]
        },
        {
            "name": "Knee_R",
            "time": [0.0, 0.0833, 0.2, 0.3833, 0.7],
            "transform": [
                [1.0, 0.0, -0.0, 0.0, -0.0, 1e-06, -1.0, 0.37472, -0.0, 1.0, 1e-06, 0.0, 0.0, 0.0, 0.0, 1.0],
                [1.0, 0.0, -0.0, -0.0, -0.0, 1e-06, -1.0, 0.467707, -0.0, 1.0, 1e-06, -0.0, 0.0, 0.0, 0.0, 1.0],
                [1.0, 0.0, -0.0, 0.0, -0.0, 1e-06, -1.0, 0.437792, -0.0, 1.0, 1e-06, 0.0, 0.0, 0.0, 0.0, 1.0],
                [1.0, 0.0, -0.0, 0.0, -0.0, 1e-06, -1.0, 0.423526, -0.0, 1.0, 1e-06, -0.0, 0.0, 0.0, 0.0, 1.0],
                [1.0, 0.0, -0.0, 0.0, -0.0, 1e-06, -1.0, 0.423526, -0.0, 1.0, 1e-06, -0.0, 0.0, 0.0, 0.0, 1.0]
            ]
        },
        {
            "name": "Thigh_L",
            "time": [0.0, 0.0833, 0.2, 0.3833, 0.7],
            "transform": [
                [0.167254, -0.735351, -0.656723, -0.125006, 0.110959, -0.647835, 0.753656, -0.002831, -0.979649, -0.198922, -0.026759, -1.2e-05, 0.0, 0.0, 0.0, 1.0],
                [0.920539, 0.119234, -0.372008, -0.125006, 0.216389, -0.948474, 0.231456, -0.002831, -0.325242, -0.293563, -0.898909, -1.2e-05, 0.0, 0.0, 0.0, 1.0],
                [0.975463, -0.192719, 0.106443, -0.125007, -0.199016, -0.978616, 0.051999, -0.002831, 0.094146, -0.071907, -0.992958, -1.2e-05, 0.0, 0.0, 0.0, 1.0],
                [0.962595, -0.244137, 0.117498, -0.125007, -0.247523, -0.968767, 0.01492, -0.002831, 0.110186, -0.043445, -0.992961, -1.2e-05, 0.0, 0.0, 0.0, 1.0],
                [0.962595, -0.244137, 0.117498, -0.125007, -0.247523, -0.968767, 0.01492, -0.002831, 0.110186, -0.043445, -0.992961, -1.2e-05, 0.0, 0.0, 0.0, 1.0]
            ]
        },
        {
            "name": "Leg_L",
            "time": [0.0, 0.0833, 0.2, 0.3833, 0.7],
            "transform": [
                [1.0, -7.4e-05, 0.001099, 0.0, -0.000838, 0.59635, 0.802724, 0.37472, -0.000715, -0.802724, 0.59635, 0.0, 0.0, 0.0, 0.0, 1.0],
                [1.0, -0.000148, -0.00042, 0.0, 0.000212, 0.987546, 0.157331, 0.37472, 0.000391, -0.157331, 0.987546, -0.0, 0.0, 0.0, 0.0, 1.0],
                [0.999873, -0.0, 0.015934, -0.0, -0.005286, 0.943357, 0.331737, 0.37472, -0.015032, -0.331778, 0.943238, -0.0, 0.0, 0.0, 0.0, 1.0],
                [0.999934, -0.0, 0.011477, 0.0, -0.003285, 0.958162, 0.286206, 0.37472, -0.010997, -0.286225, 0.9581, -0.0, 0.0, 0.0, 0.0, 1.0],
                [1.0, -0.000149, 0.000152, 0.0, 9.9e-05, 0.958168, 0.286204, 0.37472, -0.000189, -0.286204, 0.958169, -0.0, 0.0, 0.0, 0.0, 1.0]
            ]
        },
        {
            "name": "Knee_L",
            "time": [0.0, 0.0833, 0.7],
            "transform": [
                [1.0, 0.0, -0.0, 0.0, -0.0, 1e-06, -1.0, 0.417519, -0.0, 1.0, 1e-06, 0.0, 0.0, 0.0, 0.0, 1.0],
                [1.0, 0.0, -0.0, 0.0, -0.0, 1e-06, -1.0, 0.37472, -0.0, 1.0, 1e-06, -0.0, 0.0, 0.0, 0.0, 1.0],
                [1.0, 0.0, -0.0, 0.0, -0.0, 1e-06, -1.0, 0.37472, -0.0, 1.0, 1e-06, -0.0, 0.0, 0.0, 0.0, 1.0]
            ]
        },
        {
            "name": "Torso",
            "time": [0.0, 0.0833, 0.2, 0.3833, 0.7],
            "transform": [
                [1.0, 0.0, -0.0, -0.0, -0.0, 1.0, 0.0, 0.05, 0.0, 0.0, 1.0, -0.0, 0.0, 0.0, 0.0, 1.0],
                [0.994609, -0.10356, 0.005281, 0.0, 0.10356, 0.989435, -0.10146, 0.05, 0.005282, 0.10146, 0.994826, -0.0, 0.0, 0.0, 0.0, 1.0],
                [0.979819, -0.198905, 0.019771, 0.0, 0.198904, 0.960449, -0.194872, 0.05, 0.019771, 0.194872, 0.980629, -0.0, 0.0, 0.0, 0.0, 1.0],
                [0.978551, -0.204931, 0.021014, -0.0, 0.204931, 0.957962, -0.200777, 0.05, 0.021014, 0.200777, 0.979412, -0.0, 0.0, 0.0, 0.0, 1.0],
                [0.978551, -0.204931, 0.021014, -0.0, 0.204931, 0.957962, -0.200777, 0.05, 0.021014, 0.200777, 0.979412, -0.0, 0.0, 0.0, 0.0, 1.0]
            ]
        },
        {
            "name": "Chest",
            "time": [0.0, 0.0833, 0.2, 0.3833, 0.7],
            "transform": [
                [0.998632, -0.052283, 0.000609, 0.0, 0.052262, 0.998458, 0.018736, 0.3, -0.001587, -0.018678, 0.999825, 0.0, 0.0, 0.0, 0.0, 1.0],
                [0.99804, -0.062563, 0.001238, 0.0, 0.062576, 0.997798, -0.021996, 0.3, 0.000141, 0.02203, 0.999757, -0.0, 0.0, 0.0, 0.0, 1.0],
                [0.997949, -0.063991, 0.001965, 0.0, 0.063993, 0.99613, -0.060248, 0.3, 0.001898, 0.06025, 0.998182, -0.0, 0.0, 0.0, 0.0, 1.0],
                [0.997948, -0.064002, 0.002011, 0.0, 0.064002, 0.995978, -0.062703, 0.3, 0.002011, 0.062703, 0.99803, 0.0, 0.0, 0.0, 0.0, 1.0],
                [0.997948, -0.064002, 0.002011, 0.0, 0.064002, 0.995978, -0.062703, 0.3, 0.002011, 0.062703, 0.99803, 0.0, 0.0, 0.0, 0.0, 1.0]
            ]
        },
        {
            "name": "Head",
            "time": [0.0, 0.0833, 0.2, 0.3833, 0.7],