{
    "animation": [
        {
            "name": "Root",
            "time": [0.0, 0.1667, 0.4167, 0.6333, 0.8333, 1.1],
            "transform": [
                [0.497033, -0.012547, -0.867641, -5e-06, -0.867575, -0.026199, -0.496616, 0.003479, -0.016501, 0.999578, -0.023907, 0.732629, 0.0, 0.0, 0.0, 1.0],
                [0.48117, -0.013235, -0.876527, -5e-06, -0.876456, -0.027003, -0.480723, 0.004561, -0.017306, 0.999548, -0.024593, 0.722764, 0.0, 0.0, 0.0, 1.0],
                [0.998693, 0.000141, 0.051119, -5e-06, 0.051119, -0.00135, -0.998692, 0.406448, -7.2e-05, 0.999999, -0.001355, 0.657991, 0.0, 0.0, 0.0, 1.0],
                [0.994907, 0.0, 0.100796, -5e-06, 0.100796, 0.0, -0.994907, 0.425315, 0.0, 1.0, 0.0, 0.655912, 0.0, 0.0, 0.0, 1.0],
                [0.821776, -0.029398, -0.569052, -5e-06, -0.569802, -0.036953, -0.820951, 0.389578, 0.003106, 0.998884, -0.047118, 0.696879, 0.0, 0.0, 0.0, 1.0],
                [0.78845, -0.032691, -0.61423, -5e-06, -0.615096, -0.038859, -0.787494, 0.386676, 0.001876, 0.99871, -0.050746, 0.700206, 0.0, 0.0, 0.0, 1.0]
            ]
        },
        {
            "name": "Thigh_R",
            "time": [0.0, 0.1667, 0.4167, 0.6333, 0.8333, 1.1],
            "transform": [
                [0.939055, 0.245219, -0.240921, 0.124994, 0.268012, -0.961124, 0.066374, -0.002831, -0.215279, -0.126898, -0.968273, -1.2e-05, 0.0, 0.0, 0.0, 1.0],
                [0.934067, 0.240373, -0.264082, 0.124994, 0.279192, -0.952658, 0.120376, -0.002831, -0.222645, -0.186167, -0.956959, -1.2e-05, 0.0, 0.0, 0.0, 1.0],
                [0.996834, -0.02486, 0.075521, 0.124994, 0.021057, -0.833396, -0.552272, -0.002831, 0.076668, 0.552113, -0.830236, -1.1e-05, 0.0, 0.0, 0.0, 1.0],
                [0.994403, -0.055042, 0.090174, 0.124994, 0.005439, -0.825745, -0.564014, -0.002831, 0.105506, 0.561348, -0.820827, -1.1e-05, 0.0, 0.0, 0.0, 1.0],
                [0.974642, 0.220126, -0.040212, 0.124994, 0.212345, -0.966511, -0.144093, -0.00283, -0.070584, 0.1319, -0.988747, -1.2e-05, 0.0, 0.0, 0.0, 1.0],
                [0.969497, 0.238657, -0.055839, 0.124994, 0.23165, -0.966626, -0.109403, -0.00283, -0.080086, 0.093131, -0.992428, -1.2e-05, 0.0, 0.0, 0.0, 1.0]
            ]
        },
        {
            "name": "Leg_R",
            "time": [0.0, 0.1667, 0.4167, 0.6333, 0.8333, 1.1],
            "transform": [
                [1.0, -0.0, 2e-06, 0.0, -0.0, 0.952471, 0.304631, 0.37472, -2e-06, -0.304632, 0.95247, -0.0, 0.0, 0.0, 0.0, 1.0],
                [1.0, -0.0, 2e-06, -0.0, -0.0, 0.910234, 0.414095, 0.37472, -2e-06, -0.414096, 0.910232, -0.0, 0.0, 0.0, 0.0, 1.0],
                [1.0, -0.0, 3e-06, 0.0, -0.0, 0.999954, 0.009686, 0.37472, -3e-06, -0.009686, 0.999952, -0.0, 0.0, 0.0, 0.0, 1.0],
                [1.0, -0.0, 3e-06, -0.0, -0.0, 0.999957, 0.009354, 0.37472, -3e-06, -0.009354, 0.999956, -0.0, 0.0, 0.0, 0.0, 1.0],
                [1.0, -0.0, 1e-05, 0.0, -4e-06, 0.921194, 0.389104, 0.37472, -9e-06, -0.389105, 0.921193, 0.0, 0.0, 0.0, 0.0, 1.0],
                [1.0, -0.0, 1e-05, 0.0, -4e-06, 0.908483, 0.417922, 0.37472, -9e-06, -0.417923, 0.908482, -0.0, 0.0, 0.0, 0.0, 1.0]
            ]
        },
        {
            "name": "Knee_R",
            "time": [0.0, 0.1667, 0.8333, 1.1],
            "transform": [
                [1.0, 0.0, -0.0, 0.0, -0.0, 1e-06, -1.0, 0.37472, -0.0, 1.0, 1e-06, -0.0, 0.0, 0.0, 0.0, 1.0],
                [1.0, 0.0, -0.0, -0.0, -0.0, 1e-06, -1.0, 0.381207, -0.0, 1.0, 1e-06, -0.0, 0.0, 0.0, 0.0, 1.0],
                [1.0, 0.0, -0.0, 0.0, -0.0, 1e-06, -1.0, 0.385394, -0.0, 1.0, 1e-06, 0.0, 0.0, 0.0, 0.0, 1.0],
                [1.0, 0.0, -0.0, 0.0, -0.0, 1e-06, -1.0, 0.385532, -0.0, 1.0, 1e-06, -0.0, 0.0, 0.0, 0.0, 1.0]
            ]
        },
        {
            "name": "Thigh_L",
            "time": [0.0, 0.1667, 0.4167, 0.6333, 0.8333, 1.1],
            "transform": [
                [0.456569, -0.350573, -0.817706, -0.125006, -0.068314, -0.930194, 0.360656, -0.002831, -0.887061, -0.108803, -0.448647, -1.2e-05, 0.0, 0.0, 0.0, 1.0],
                [0.445063, -0.40576, -0.798296, -0.125006, -0.070512, -0.904566, 0.420463, -0.002831, -0.892718, -0.130843, -0.4312, -1.2e-05, 0.0, 0.0, 0.0, 1.0],
                [0.998813, 0.035648, 0.033179, -0.125006, 0.002189, -0.713461, 0.700691, -0.00283, 0.04865, -0.699787, -0.712692, -1.3e-05, 0.0, 0.0, 0.0, 1.0],
                [0.995037, 0.070016, 0.070692, -0.125006, -0.000504, -0.706938, 0.707275, -0.00283, 0.099495, -0.703801, -0.703395, -1.3e-05, 0.0, 0.0, 0.0, 1.0],
                [0.824101, -0.349394, -0.445848, -0.125006, -0.062173, -0.838142, 0.541898, -0.00283, -0.563019, -0.418859, -0.712437, -1.3e-05, 0.0, 0.0, 0.0, 1.0],
                [0.791516, -0.372163, -0.484764, -0.125006, -0.07313, -0.84518, 0.529455, -0.00283, -0.606757, -0.383622, -0.69619, -1.3e-05, 0.0, 0.0, 0.0, 1.0]
            ]
        },
        {
            "name": "Leg_L",
            "time": [0.0, 0.1667, 0.4167, 0.6333, 0.8333, 1.1],
            "transform": [
                [1.0, -1e-06, 1.8e-05, 0.0, -7e-06, 0.891131, 0.453746, 0.37472, -1.6e-05, -0.453745, 0.891132, 0.0, 0.0, 0.0, 0.0, 1.0],
                [1.0, -1e-06, 1.5e-05, -0.0, -7e-06, 0.871649, 0.49013, 0.37472, -1.4e-05, -0.49013, 0.87165, 0.0, 0.0, 0.0, 0.0, 1.0],
                [0.999997, -1e-06, 0.002409, -0.0, -0.001684, 0.71478, 0.699347, 0.37472, -0.001722, -0.699349, 0.714778, -0.0, 0.0, 0.0, 0.0, 1.0],
                [1.0, -1e-06, 0.001067, 0.0, -0.000753, 0.707949, 0.706263, 0.37472, -0.000756, -0.706263, 0.707949, -0.0, 0.0, 0.0, 0.0, 1.0],
                [1.0, -1e-06, 6e-05, -0.0, -3.4e-05, 0.820698, 0.571362, 0.37472, -4.9e-05, -0.571361, 0.820699, -0.0, 0.0, 0.0, 0.0, 1.0],
                [1.0, -1e-06, 5.5e-05, -0.0, -3e-05, 0.828772, 0.559586, 0.37472, -4.6e-05, -0.559585, 0.828773, -0.0, 0.0, 0.0, 0.0, 1.0]
            ]
        },
        {
            "name": "Knee_L",
            "time": [0.0, 0.1667, 0.8333, 1.1],
            "transform": [
                [1.0, 0.0, -0.0, 0.0, -0.0, 1e-06, -1.0, 0.387176, -0.0, 1.0, 1e-06, 0.0, 0.0, 0.0, 0.0, 1.0],
                [1.0, 0.0, -0.0, 0.0, -0.0, 1e-06, -1.0, 0.386397, -0.0, 1.0, 1e-06, -0.0, 0.0, 0.0, 0.0, 1.0],
                [1.0, 0.0, -0.0, 0.0, -0.0, 1e-06, -1.0, 0.390357, -0.0, 1.0, 1e-06, -0.0, 0.0, 0.0, 0.0, 1.0],
                [1.0, 0.0, -0.0, -0.0, -0.0, 1e-06, -1.0, 0.390488, -0.0, 1.0, 1e-06, -0.0, 0.0, 0.0, 0.0, 1.0]
            ]
        },
        {
            "name": "Torso",
            "time": [0.0, 0.1667, 0.4167, 0.6333, 0.8333, 1.1],
            "transform": [
                [0.999356, 0.035849, -0.001423, 0.0, -0.035868, 0.997438, -0.061897, 0.05, -0.0008, 0.061909, 0.998082, -0.0, 0.0, 0.0, 0.0, 1.0],
                [0.999281, 0.037893, -0.001553, 0.0, -0.037914, 0.997178, -0.064802, 0.05, -0.000907, 0.064815, 0.997897, 0.0, 0.0, 0.0, 0.0, 1.0],
                [0.999747, 0.022393, 0.002261, -0.0, -0.02239, 0.979298, 0.201182, 0.05, 0.002291, -0.201182, 0.979551, -0.0, 0.0, 0.0, 0.0, 1.0],
                [0.999763, 0.021637, 0.002338, 0.0, -0.021637, 0.976688, 0.21357, 0.05, 0.002338, -0.21357, 0.976925, 0.0, 0.0, 0.0, 0.0, 1.0],
                [0.99911, 0.024436, -0.034395, 0.0, -0.020014, 0.992141, 0.123516, 0.05, 0.037143, -0.122718, 0.991746, 0.0, 0.0, 0.0, 0.0, 1.0],
                [0.999, 0.024514, -0.037384, -0.0, -0.020022, 0.99303, 0.116148, 0.05, 0.03997, -0.115283, 0.992528, 0.0, 0.0, 0.0, 0.0, 1.0]
            ]
        },
        {
            "name": "Chest",
            "time": [0.0, 0.1667, 0.4167, 0.6333, 0.8333, 1.1],