{
    "animation": [
        {
            "name": "Root",
            "time": [0.0, 0.2167, 0.4333, 0.6167, 0.8667, 0.95],
            "transform": [
                [0.963034, -0.004401, 0.269345, -5e-06, 0.269115, -0.028736, -0.962679, 0.000946, 0.011977, 0.999577, -0.02649, 0.726084, 0.0, 0.0, 0.0, 1.0],
                [0.642052, -0.002716, 0.766657, -5e-06, 0.766033, -0.0382, -0.641665, 0.000946, 0.031029, 0.999266, -0.022446, 0.698139, 0.0, 0.0, 0.0, 1.0],
                [0.602801, 0.0, 0.797892, -5e-06, 0.797098, -0.044596, -0.602201, 0.000946, 0.035583, 0.999005, -0.026882, 0.692354, 0.0, 0.0, 0.0, 1.0],
                [0.420515, 0.352941, -0.835823, -5e-06, -0.887989, 0.349092, -0.299351, 0.998232, 0.186126, 0.868083, 0.460206, 0.694326, 0.0, 0.0, 0.0, 1.0],
                [0.37868, 0.366613, -0.849821, -5e-06, -0.903694, 0.344726, -0.253971, 1.035788, 0.199846, 0.864152, 0.461847, 0.6946, 0.0, 0.0, 0.0, 1.0],
                [0.60163, 0.19038, -0.775755, -5e-06, -0.794784, 0.239629, -0.55758, 1.100485, 0.079741, 0.952016, 0.295479, 0.720174, 0.0, 0.0, 0.0, 1.0]
            ]
        },
        {
            "name": "Thigh_R",
            "time": [0.0, 0.2167, 0.4333, 0.6167, 0.8667, 0.95],
            "transform": [
                [0.979567, 0.136284, 0.147901, 0.124994, 0.066861, -0.914242, 0.399609, -0.002831, 0.189678, -0.381553, -0.904676, -1.2e-05, 0.0, 0.0, 0.0, 1.0],
                [0.662096, 0.424935, 0.617299, 0.124994, 0.070221, -0.855255, 0.513424, -0.002831, 0.746121, -0.296588, -0.596102, -1.2e-05, 0.0, 0.0, 0.0, 1.0],
                [0.572289, 0.467058, 0.674049, 0.124994, 0.055774, -0.842221, 0.536237, -0.002831, 0.818153, -0.269287, -0.508045, -1.2e-05, 0.0, 0.0, 0.0, 1.0],
                [0.871032, 0.178457, -0.457664, 0.124994, 0.343595, -0.887173, 0.307997, -0.002831, -0.351064, -0.425525, -0.834076, -1.2e-05, 0.0, 0.0, 0.0, 1.0],
                [0.845392, 0.179402, -0.503118, 0.124994, 0.369394, -0.876719, 0.308073, -0.002831, -0.385824, -0.44629, -0.807443, -1.2e-05, 0.0, 0.0, 0.0, 1.0],
                [0.934861, 0.092707, -0.342694, 0.124994, 0.223512, -0.903669, 0.36527, -0.002831, -0.275819, -0.418072, -0.865528, -1.2e-05, 0.0, 0.0, 0.0, 1.0]
            ]
        },
        {
            "name": "Leg_R",
            "time": [0.0, 0.2167, 0.4333, 0.6167, 0.8667, 0.95],
            "transform": [
                [1.0, -0.0, 1e-06, 0.0, -0.0, 0.924628, 0.380872, 0.37472, -1e-06, -0.380873, 0.924627, -0.0, 0.0, 0.0, 0.0, 1.0],
                [1.0, -0.0, 1e-06, 0.0, -0.0, 0.800108, 0.599856, 0.37472, -1e-06, -0.599857, 0.800107, -0.0, 0.0, 0.0, 0.0, 1.0],
                [1.0, -0.0, 1e-06, -0.0, -0.0, 0.814066, 0.580773, 0.37472, -1e-06, -0.580774, 0.814065, 0.0, 0.0, 0.0, 0.0, 1.0],
                [1.0, 0.0, 1e-06, -0.0, 0.0, 0.999957, 0.009341, 0.37472, -0.0, -0.009341, 0.999956, -0.0, 0.0, 0.0, 0.0, 1.0],
                [1.0, 0.0, 0.0, 0.0, -0.0, 0.99995, 0.010043, 0.37472, -0.0, -0.010043, 0.999949, -0.0, 0.0, 0.0, 0.0, 1.0],
                [1.0, -0.0, 1e-06, 0.0, 0.0, 0.926513, 0.376263, 0.37472, -1e-06, -0.376264, 0.926512, -0.0, 0.0, 0.0, 0.0, 1.0]
            ]
        },
        {
            "name": "Knee_R",
            "time": [0.0, 0.2167, 0.4333, 0.6167, 0.8667, 0.95],
            "transform": [
                [1.0, 0.0, -0.0, 0.0, -0.0, 1e-06, -1.0, 0.377108, -0.0, 1.0, 1e-06, -0.0, 0.0, 0.0, 0.0, 1.0],
                [1.0, 0.0, -0.0, 0.0, -0.0, 1e-06, -1.0, 0.39536, -0.0, 1.0, 1e-06, -0.0, 0.0, 0.0, 0.0, 1.0],
                [1.0, 0.0, -0.0, -0.0, -0.0, 1e-06, -1.0, 0.393824, -0.0, 1.0, 1e-06, 0.0, 0.0, 0.0, 0.0, 1.0],
                [1.0, 0.0, -0.0, -0.0, -0.0, 1e-06, -1.0, 0.37472, -0.0, 1.0, 1e-06, -0.0, 0.0, 0.0, 0.0, 1.0],
                [1.0, 0.0, -0.0, 0.0, -0.0, 1e-06, -1.0, 0.406094, -0.0, 1.0, 1e-06, -0.0, 0.0, 0.0, 0.0, 1.0],
                [1.0, 0.0, -0.0, -0.0, -0.0, 1e-06, -1.0, 0.381851, -0.0, 1.0, 1e-06, -0.0, 0.0, 0.0, 0.0, 1.0]
            ]
        },
        {
            "name": "Thigh_L",
            "time": [0.0, 0.2167, 0.4333, 0.6167, 0.8667, 0.95],
            "transform": [
                [0.975187, -0.012395, 0.221035, -0.125006, -0.022661, -0.998776, 0.043973, -0.002831, 0.22022, -0.04789, -0.974274, -1.2e-05, 0.0, 0.0, 0.0, 1.0],
                [0.824923, -0.172818, 0.538179, -0.125006, -0.177356, -0.983169, -0.043858, -0.002831, 0.5367, -0.05927, -0.841689, -1.2e-05, 0.0, 0.0, 0.0, 1.0],
                [0.819764, -0.177763, 0.544415, -0.125006, -0.201354, -0.979378, -0.016593, -0.002831, 0.536138, -0.096017, -0.838652, -1.2e-05, 0.0, 0.0, 0.0, 1.0],
                [0.350068, -0.699247, -0.623303, -0.125006, 0.299973, -0.546681, 0.781765, -0.002831, -0.887395, -0.460644, 0.018379, -1.2e-05, 0.0, 0.0, 0.0, 1.0],
                [0.313961, -0.723385, -0.614933, -0.125006, 0.303, -0.537474, 0.786964, -0.002831, -0.899789, -0.4334, 0.050439, -1.2e-05, 0.0, 0.0, 0.0, 1.0],
                [0.555316, -0.477209, -0.6811, -0.125006, 0.149943, -0.748111, 0.646411, -0.00283, -0.818011, -0.461088, -0.343884, -1.2e-05, 0.0, 0.0, 0.0, 1.0]
            ]
        },
        {
            "name": "Leg_L",
            "time": [0.0, 0.2167, 0.4333, 0.6167, 0.8667, 0.95],
            "transform": [
                [1.0, -0.0, 1e-06, -0.0, -0.0, 0.858294, 0.513157, 0.37472, -1e-06, -0.513157, 0.858295, -0.0, 0.0, 0.0, 0.0, 1.0],
                [1.0, -0.0, 1e-06, -0.0, -0.0, 0.838776, 0.544477, 0.37472, -1e-06, -0.544477, 0.838776, -0.0, 0.0, 0.0, 0.0, 1.0],
                [1.0, -0.0, 1e-06, 0.0, -1e-06, 0.809932, 0.586523, 0.37472, -1e-06, -0.586523, 0.809933, -0.0, 0.0, 0.0, 0.0, 1.0],
                [1.0, -1e-06, 1e-06, -0.0, -0.0, 0.562825, 0.826576, 0.37472, -1e-06, -0.826576, 0.562826, -0.0, 0.0, 0.0, 0.0, 1.0],
                [1.0, -1e-06, 1e-06, 0.0, -0.0, 0.563241, 0.826293, 0.37472, -1e-06, -0.826292, 0.563241, -0.0, 0.0, 0.0, 0.0, 1.0],
                [1.0, -1e-06, 1e-06, 0.0, 0.0, 0.741721, 0.670709, 0.37472, -1e-06, -0.670708, 0.741721, 0.0, 0.0, 0.0, 0.0, 1.0]
            ]
        },
        {
            "name": "Knee_L",
            "time": [0.0, 0.2167, 0.4333, 0.6167, 0.8667, 0.95],
            "transform": [
                [1.0, 0.0, -0.0, -0.0, -0.0, 1e-06, -1.0, 0.38666, -0.0, 1.0, 1e-06, -0.0, 0.0, 0.0, 0.0, 1.0],
                [1.0, 0.0, -0.0, -0.0, -0.0, 1e-06, -1.0, 0.389621, -0.0, 1.0, 1e-06, -0.0, 0.0, 0.0, 0.0, 1.0],
                [1.0, 0.0, -0.0, 0.0, -0.0, 1e-06, -1.0, 0.393824, -0.0, 1.0, 1e-06, -0.0, 0.0, 0.0, 0.0, 1.0],
                [1.0, 0.0, -0.0, 0.0, -0.0, 1e-06, -1.0, 0.42057, -0.0, 1.0, 1e-06, -0.0, 0.0, 0.0, 0.0, 1.0],
                [1.0, 0.0, -0.0, 0.0, -0.0, 1e-06, -1.0, 0.420111, -0.0, 1.0, 1e-06, -0.0, 0.0, 0.0, 0.0, 1.0],
                [1.0, 0.0, -0.0, 0.0, -0.0, 1e-06, -1.0, 0.40457, -0.0, 1.0, 1e-06, 0.0, 0.0, 0.0, 0.0, 1.0]
            ]
        },
        {
            "name": "Torso",
            "time": [0.0, 0.2167, 0.4333, 0.6167, 0.8667, 0.95],
            "transform": [
                [1.0, -0.0, 0.0, -0.0, 0.0, 1.0, 0.0, 0.05, 0.0, -0.0, 1.0, 0.0, 0.0, 0.0, 0.0, 1.0],
                [0.998534, -0.054117, 0.001071, 0.0, 0.054114, 0.997673, -0.041477, 0.05, 0.001176, 0.041474, 0.999139, -0.0, 0.0, 0.0, 0.0, 1.0],
                [0.997938, -0.064174, 0.001433, -0.0, 0.064171, 0.996854, -0.046514, 0.05, 0.001557, 0.04651, 0.998917, -0.0, 0.0, 0.0, 0.0, 1.0],
                [0.999999, -0.001678, 0.0, -0.0, 0.001678, 0.999996, -0.002211, 0.05, 3e-06, 0.002211, 0.999998, 0.0, 0.0, 0.0, 0.0, 1.0],
                [1.0, -0.0, -0.0, -0.0, 0.0, 1.0, -0.0, 0.05, 0.0, -0.0, 1.0, -0.0, 0.0, 0.0, 0.0, 1.0],
                [0.999963, -0.008587, -4.3e-05, -0.0, 0.008587, 0.999912, 0.010101, 0.05, -4.3e-05, -0.010101, 0.999949, -0.0, 0.0, 0.0, 0.0, 1.0]
            ]
        },
        {
            "name": "Chest",
            "time": [0.0, 0.2167, 0.4333, 0.6167, 0.8667, 0.95],