{
    "animation": [
        {
            "name": "Root",
            "time": [0.0, 0.3, 0.4167, 0.5, 0.5833, 0.9167],
            "transform": [
                [0.889706, 0.067798, -0.451472, -5e-06, -0.456408, 0.15528, -0.876116, -0.009607, 0.010705, 0.985541, 0.169097, 0.532868, 0.0, 0.0, 0.0, 1.0],
                [0.720107, 0.069087, -0.690415, -5e-06, -0.692212, 0.002938, -0.721688, -0.005288, -0.04783, 0.997606, 0.049939, 0.683447, 0.0, 0.0, 0.0, 1.0],
                [0.7173, 0.064091, -0.693811, -5e-06, -0.694701, -0.010791, -0.719217, -0.002437, -0.053582, 0.997886, 0.036784, 0.706281, 0.0, 0.0, 0.0, 1.0],
                [1.0, 0.0, 0.0, -5e-06, 0.0, 0.0, -1.0, 0.375085, 0.0, 1.0, 0.0, 0.73986, 0.0, 0.0, 0.0, 1.0],
                [0.801806, 0.021039, 0.597214, -5e-06, 0.567416, 0.286718, -0.771902, 0.997792, -0.187472, 0.957784, 0.217954, 0.631946, 0.0, 0.0, 0.0, 1.0],
                [0.801806, 0.021039, 0.597214, -5e-06, 0.567416, 0.286718, -0.771902, 0.997792, -0.187472, 0.957784, 0.217954, 0.631946, 0.0, 0.0, 0.0, 1.0]
            ]
        },
        {
            "name": "Thigh_R",
            "time": [0.0, 0.3, 0.4167, 0.5, 0.55, 0.5833, 0.6333, 0.7667, 0.9167],
            "transform": [
                [0.839814, 0.396367, 0.370952, 0.154142, 0.479429, -0.862068, -0.164266, -0.004528, 0.254676, 0.315798, -0.914008, 0.027879, 0.0, 0.0, 0.0, 1.0],
                [0.843984, 0.44501, 0.299424, 0.154142, 0.433484, -0.894683, 0.107843, -0.004528, 0.315881, 0.038778, -0.948006, 0.027879, 0.0, 0.0, 0.0, 1.0],
                [0.869062, 0.394437, 0.298579, 0.154142, 0.315194, -0.906674, 0.28034, -0.004528, 0.381291, -0.149522, -0.912283, 0.027879, 0.0, 0.0, 0.0, 1.0],
                [0.851343, 0.414122, 0.322052, 0.154142, -0.021377, -0.585993, 0.810033, -0.004528, 0.524174, -0.696499, -0.49003, 0.027879, 0.0, 0.0, 0.0, 1.0],
                [0.824554, 0.444451, 0.350105, 0.154142, -0.027254, -0.586874, 0.809218, -0.004528, 0.565127, -0.676785, -0.471797, 0.027879, 0.0, 0.0, 0.0, 1.0],
                [0.805315, 0.567369, 0.171925, 0.154142, 0.02739, -0.325295, 0.945215, -0.004528, 0.592213, -0.756486, -0.277507, 0.027879, 0.0, 0.0, 0.0, 1.0],
                [0.796427, 0.575045, 0.187151, 0.154142, 0.012532, -0.325103, 0.945595, -0.004528, 0.604604, -0.750751, -0.266129, 0.027879, 0.0, 0.0, 0.0, 1.0],
                [0.795133, 0.57613, 0.189305, 0.154142, 0.010417, -0.325088, 0.945626, -0.004528, 0.606346, -0.749925, -0.26449, 0.027879, 0.0, 0.0, 0.0, 1.0],
                [0.795133, 0.57613, 0.189305, 0.154142, 0.010417, -0.325088, 0.945626, -0.004528, 0.606346, -0.749925, -0.26449, 0.027879, 0.0, 0.0, 0.0, 1.0]
            ]
        },
        {
            "name": "Leg_R",
            "time": [0.0, 0.3, 0.4167, 0.5, 0.55, 0.5833, 0.6333, 0.7667, 0.9167],
            "transform": [
                [1.0, -0.0, -2e-06, -0.0, 1e-06, 0.918708, 0.394936, 0.37472, 2e-06, -0.394934, 0.918711, 0.0, 0.0, 0.0, 0.0, 1.0],
                [1.0, -0.0, -7e-06, -0.0, 3e-06, 0.914897, 0.403684, 0.37472, 6e-06, -0.403683, 0.914901, -0.0, 0.0, 0.0, 0.0, 1.0],
                [1.0, -0.0, -3e-06, 0.0, 2e-06, 0.812364, 0.58315, 0.37472, 3e-06, -0.583148, 0.812368, 0.0, 0.0, 0.0, 0.0, 1.0],
                [1.0, -1e-06, -1.6e-05, 0.0, 1.6e-05, -0.077107, 0.997025, 0.37472, -2e-06, -0.997021, -0.077108, 0.0, 0.0, 0.0, 0.0, 1.0],
                [1.0, -1e-06, -1e-05, -0.0, 1e-05, -0.077107, 0.997025, 0.37472, -2e-06, -0.997021, -0.077107, 0.0, 0.0, 0.0, 0.0, 1.0],
                [1.0, -1e-06, -4.8e-05, -0.0, 3.9e-05, 0.595058, 0.803684, 0.37472, 2.8e-05, -0.803681, 0.59506, -0.0, 0.0, 0.0, 0.0, 1.0],
                [1.0, -0.0, -3.7e-05, -0.0, 3e-05, 0.595059, 0.803683, 0.37472, 2.1e-05, -0.80368, 0.595061, 0.0, 0.0, 0.0, 0.0, 1.0],
                [1.0, -1e-06, -1.1e-05, 0.0, 1e-05, 0.595059, 0.803684, 0.37472, 6e-06, -0.80368, 0.595061, 0.0, 0.0, 0.0, 0.0, 1.0],
                [1.0, -1e-06, -1.1e-05, 0.0, 1e-05, 0.595059, 0.803684, 0.37472, 6e-06, -0.80368, 0.595061, 0.0, 0.0, 0.0, 0.0, 1.0]
            ]
        },
        {
            "name": "Knee_R",
            "time": [0.0, 0.9167],
            "transform": [
                [1.0, 0.0, -0.0, -0.0, -0.0, 1e-06, -1.0, 0.37472, -0.0, 1.0, 1e-06, 0.0, 0.0, 0.0, 0.0, 1.0],
                [1.0, 0.0, -0.0, 0.0, -0.0, 1e-06, -1.0, 0.37472, -0.0, 1.0, 1e-06, 0.0, 0.0, 0.0, 0.0, 1.0]
            ]
        },
        {
            "name": "Thigh_L",
            "time": [0.0, 0.3, 0.4167, 0.4667, 0.6333, 0.7667, 0.9167],
            "transform": [
                [0.923254, -0.372253, -0.095022, -0.146013, 0.010712, -0.222292, 0.974921, -0.001608, -0.38404, -0.901117, -0.201245, -0.020112, 0.0, 0.0, 0.0, 1.0],
                [0.712517, -0.39177, -0.582095, -0.146013, 0.04029, -0.805389, 0.591374, -0.001608, -0.700496, -0.444816, -0.558071, -0.020112, 0.0, 0.0, 0.0, 1.0],
                [0.717867, -0.317112, -0.619763, -0.146013, 0.032344, -0.87408, 0.484702, -0.001608, -0.695427, -0.367997, -0.617218, -0.020112, 0.0, 0.0, 0.0, 1.0],
                [0.921538, -0.078145, -0.380343, -0.146013, 0.043545, -0.952559, 0.301219, -0.001608, -0.385838, -0.294146, -0.874418, -0.020112, 0.0, 0.0, 0.0, 1.0],
                [0.985136, -0.123444, 0.119448, -0.146013, -0.09126, -0.965249, -0.244874, -0.001607, 0.145525, 0.230334, -0.962169, -0.020112, 0.0, 0.0, 0.0, 1.0],
                [0.989852, -0.123702, 0.069928, -0.146013, -0.103679, -0.965244, -0.239903, -0.001607, 0.097174, 0.230219, -0.968275, -0.020112, 0.0, 0.0, 0.0, 1.0],
                [0.989852, -0.123702, 0.069928, -0.146013, -0.103679, -0.965244, -0.239903, -0.001607, 0.097174, 0.230219, -0.968275, -0.020112, 0.0, 0.0, 0.0, 1.0]
            ]
        },
        {
            "name": "Leg_L",
            "time": [0.0, 0.3, 0.4167, 0.4667, 0.6333, 0.9167],
            "transform": [
                [1.0, -1e-06, 4.2e-05, -0.0, -3.7e-05, 0.420162, 0.907449, 0.37472, -1.8e-05, -0.907449, 0.420162, 0.0, 0.0, 0.0, 0.0, 1.0],
                [1.0, -1e-06, 4e-06, -0.0, -2e-06, 0.765802, 0.643077, 0.37472, -3e-06, -0.643077, 0.765801, 0.0, 0.0, 0.0, 0.0, 1.0],
                [1.0, -1e-06, 2e-06, -0.0, -0.0, 0.858652, 0.512559, 0.37472, -2e-06, -0.51256, 0.858651, -0.0, 0.0, 0.0, 0.0, 1.0],
                [1.0, -1e-06, 1e-06, 0.0, -0.0, 0.855786, 0.517329, 0.37472, -2e-06, -0.51733, 0.855786, 0.0, 0.0, 0.0, 0.0, 1.0],
                [1.0, 0.0, 1e-06, 0.0, -0.0, 1.0, 0.0, 0.37472, -1e-06, -0.0, 1.0, 0.0, 0.0, 0.0, 0.0, 1.0],
                [1.0, 0.0, 1e-06, -0.0, -0.0, 1.0, 0.0, 0.37472, -1e-06, -0.0, 1.0, -0.0, 0.0, 0.0, 0.0, 1.0]
            ]
        },
        {
            "name": "Knee_L",
            "time": [0.0, 0.9167],
            "transform": [
                [1.0, 0.0, -0.0, 0.0, -0.0, 1e-06, -1.0, 0.417519, -0.0, 1.0, 1e-06, 0.0, 0.0, 0.0, 0.0, 1.0],
                [1.0, 0.0, -0.0, -0.0, -0.0, 1e-06, -1.0, 0.417519, -0.0, 1.0, 1e-06, -0.0, 0.0, 0.0, 0.0, 1.0]
            ]
        },
        {
            "name": "Torso",
            "time": [0.0, 0.1, 0.3, 0.9167],
            "transform": [
                [0.99988, -0.015295, -0.002367, -0.0, 0.01535, 0.999562, 0.025318, 0.05, 0.001979, -0.025351, 0.999677, 0.0, 0.0, 0.0, 0.0, 1.0],
                [0.999339, -0.035815, -0.006172, -0.0, 0.036119, 0.997582, 0.059382, 0.05, 0.004031, -0.059565, 0.998216, -0.0, 0.0, 0.0, 0.0, 1.0],
                [1.0, 0.0, -0.0, -0.0, 0.0, 1.0, -0.0, 0.05, 0.0, -0.0, 1.0, -0.0, 0.0, 0.0, 0.0, 1.0],
                [1.0, -0.0, -0.0, 0.0, -0.0, 1.0, 0.0, 0.05, -0.0, 0.0, 1.0, 0.0, 0.0, 0.0, 0.0, 1.0]
            ]
        },
        {
            "name": "Chest",
            "time": [0.0, 0.1, 0.3, 0.4167, 0.4667, 0.55, 0.6333, 0.7667, 0.9167],