{
    "animation": [
        {
            "name": "Root",
            "time": [0.0, 0.0833, 0.1667, 0.3333, 0.8333],
            "transform": [
                [0.925491, 0.0, 0.378769, -5e-06, 0.378769, 0.0, -0.925491, 0.000946, 0.0, 1.0, 0.0, 0.661193, 0.0, 0.0, 0.0, 1.0],
                [0.909318, -0.045078, -0.413653, -5e-06, -0.408314, 0.094763, -0.907909, 0.38918, 0.080126, 0.994479, 0.067764, 0.760604, 0.0, 0.0, 0.0, 1.0],
                [0.287296, -0.003292, -0.957836, -5e-06, -0.939253, 0.195087, -0.282392, 0.993984, 0.187791, 0.98078, 0.052956, 0.661193, 0.0, 0.0, 0.0, 1.0],
                [0.255131, 0.0, -0.966906, -5e-06, -0.94776, 0.198017, -0.250079, 1.009592, 0.191464, 0.980199, 0.05052, 0.661193, 0.0, 0.0, 0.0, 1.0],
                [0.255131, 0.0, -0.966906, -5e-06, -0.94776, 0.198017, -0.250079, 1.009592, 0.191464, 0.980199, 0.05052, 0.661193, 0.0, 0.0, 0.0, 1.0]
            ]
        },
        {
            "name": "Thigh_R",
            "time": [0.0, 0.0833, 0.1667, 0.3333, 0.8333],
            "transform": [
                [0.923139, 0.272135, 0.271582, 0.124994, 0.008721, -0.721024, 0.692853, -0.002831, 0.384367, -0.637229, -0.667981, -1.2e-05, 0.0, 0.0, 0.0, 1.0],
                [0.958142, -0.05539, 0.280882, 0.124994, -0.065805, -0.997443, 0.027779, -0.002831, 0.278625, -0.045099, -0.959341, -1.2e-05, 0.0, 0.0, 0.0, 1.0],
                [0.960852, 0.268731, -0.067419, 0.124994, 0.261193, -0.959762, -0.103105, -0.002831, -0.092414, 0.08146, -0.992383, -1.2e-05, 0.0, 0.0, 0.0, 1.0],
                [0.953574, 0.287558, -0.089471, 0.124994, 0.278815, -0.955265, -0.098624, -0.002831, -0.113829, 0.069099, -0.991095, -1.2e-05, 0.0, 0.0, 0.0, 1.0],
                [0.953574, 0.287558, -0.089471, 0.124994, 0.278815, -0.955265, -0.098624, -0.002831, -0.113829, 0.069099, -0.991095, -1.2e-05, 0.0, 0.0, 0.0, 1.0]
            ]
        },
        {
            "name": "Leg_R",
            "time": [0.0, 0.0833, 0.1667, 0.3333, 0.8333],
            "transform": [
                [1.0, -0.0, 1e-06, 0.0, -0.0, 0.708515, 0.705696, 0.37472, -1e-06, -0.705697, 0.708514, -0.0, 0.0, 0.0, 0.0, 1.0],
                [1.0, 0.0, 1e-06, -0.0, -0.0, 0.999951, 0.009959, 0.37472, -1e-06, -0.009959, 0.99995, 0.0, 0.0, 0.0, 0.0, 1.0],
                [1.0, -0.0, 1e-06, 0.0, -0.0, 0.999956, 0.009481, 0.37472, -1e-06, -0.009481, 0.999954, 0.0, 0.0, 0.0, 0.0, 1.0],
                [1.0, 0.0, 1e-06, -0.0, -0.0, 0.999943, 0.010748, 0.37472, -1e-06, -0.010748, 0.999942, 0.0, 0.0, 0.0, 0.0, 1.0],
                [1.0, 0.0, 1e-06, -0.0, -0.0, 0.999943, 0.010748, 0.37472, -1e-06, -0.010748, 0.999942, 0.0, 0.0, 0.0, 0.0, 1.0]
            ]
        },
        {
            "name": "Knee_R",
            "time": [0.0, 0.0833, 0.1667, 0.3333, 0.8333],
            "transform": [
                [1.0, 0.0, -0.0, 0.0, -0.0, 1e-06, -1.0, 0.409452, -0.0, 1.0, 1e-06, -0.0, 0.0, 0.0, 0.0, 1.0],
                [1.0, 0.0, -0.0, -0.0, -0.0, 1e-06, -1.0, 0.381097, -0.0, 1.0, 1e-06, 0.0, 0.0, 0.0, 0.0, 1.0],
                [1.0, 0.0, -0.0, 0.0, -0.0, 1e-06, -1.0, 0.381097, -0.0, 1.0, 1e-06, 0.0, 0.0, 0.0, 0.0, 1.0],
                [1.0, 0.0, -0.0, -0.0, -0.0, 1e-06, -1.0, 0.37472, -0.0, 1.0, 1e-06, 0.0, 0.0, 0.0, 0.0, 1.0],
                [1.0, 0.0, -0.0, -0.0, -0.0, 1e-06, -1.0, 0.37472, -0.0, 1.0, 1e-06, 0.0, 0.0, 0.0, 0.0, 1.0]
            ]
        },
        {
            "name": "Thigh_L",
            "time": [0.0, 0.0833, 0.1667, 0.3333, 0.8333],
            "transform": [
                [0.984748, -0.16482, 0.055727, -0.125006, -0.134397, -0.924011, -0.357965, -0.002831, 0.110493, 0.345017, -0.93207, -1.2e-05, 0.0, 0.0, 0.0, 1.0],
                [0.892792, -0.340967, -0.294386, -0.125006, -0.07516, -0.757102, 0.648958, -0.002831, -0.444154, -0.557259, -0.701563, -1.2e-05, 0.0, 0.0, 0.0, 1.0],
                [0.278297, -0.83315, -0.477923, -0.125006, -0.026136, -0.503964, 0.863329, -0.002831, -0.960139, -0.227771, -0.162027, -1.2e-05, 0.0, 0.0, 0.0, 1.0],
                [0.254187, -0.843341, -0.47346, -0.125006, -0.034448, -0.497123, 0.866996, -0.002831, -0.966541, -0.20407, -0.155414, -1.2e-05, 0.0, 0.0, 0.0, 1.0],
                [0.254187, -0.843341, -0.47346, -0.125006, -0.034448, -0.497123, 0.866996, -0.002831, -0.966541, -0.20407, -0.155414, -1.2e-05, 0.0, 0.0, 0.0, 1.0]
            ]
        },
        {
            "name": "Leg_L",
            "time": [0.0, 0.0833, 0.1667, 0.3333, 0.8333],
            "transform": [
                [1.0, -0.0, 1e-06, 0.0, -0.0, 0.964808, 0.262956, 0.37472, -1e-06, -0.262956, 0.964808, 0.0, 0.0, 0.0, 0.0, 1.0],
                [1.0, -1e-06, 5e-06, 0.0, -5e-06, 0.039795, 0.999208, 0.37472, -1e-06, -0.999208, 0.039795, 0.0, 0.0, 0.0, 0.0, 1.0],
                [1.0, -1e-06, 1e-06, -0.0, 0.0, 0.593762, 0.804641, 0.37472, -1e-06, -0.80464, 0.593763, -0.0, 0.0, 0.0, 0.0, 1.0],
                [1.0, -1e-06, 3e-06, -0.0, -2e-06, 0.622369, 0.782724, 0.37472, -3e-06, -0.782723, 0.62237, -0.0, 0.0, 0.0, 0.0, 1.0],
                [1.0, -1e-06, 3e-06, -0.0, -2e-06, 0.622369, 0.782724, 0.37472, -3e-06, -0.782723, 0.62237, -0.0, 0.0, 0.0, 0.0, 1.0]
            ]
        },
        {
            "name": "Knee_L",
            "time": [0.0, 0.0833, 0.1667, 0.8333],
            "transform": [
                [1.0, 0.0, -0.0, 0.0, -0.0, 1e-06, -1.0, 0.367852, -0.0, 1.0, 1e-06, 0.0, 0.0, 0.0, 0.0, 1.0],
                [1.0, 0.0, -0.0, 0.0, -0.0, 1e-06, -1.0, 0.472862, -0.0, 1.0, 1e-06, 0.0, 0.0, 0.0, 0.0, 1.0],
                [1.0, 0.0, -0.0, 0.0, -0.0, 1e-06, -1.0, 0.415002, -0.0, 1.0, 1e-06, -0.0, 0.0, 0.0, 0.0, 1.0],
                [1.0, 0.0, -0.0, 0.0, -0.0, 1e-06, -1.0, 0.415002, -0.0, 1.0, 1e-06, -0.0, 0.0, 0.0, 0.0, 1.0]
            ]
        },
        {
            "name": "Torso",
            "time": [0.0, 0.8333],
            "transform": [
                [1.0, 0.0, 0.0, -0.0, 0.0, 1.0, 0.0, 0.05, 0.0, 0.0, 1.0, -0.0, 0.0, 0.0, 0.0, 1.0],
                [1.0, 0.0, -0.0, 0.0, 0.0, 1.0, 0.0, 0.05, 0.0, -0.0, 1.0, -0.0, 0.0, 0.0, 0.0, 1.0]
            ]
        },
        {
            "name": "Chest",
            "time": [0.0, 0.0833, 0.1667, 0.3333, 0.8333],
            "transform": [
                [0.999716, -0.023825, 0.000694, -0.0, 0.023825, 0.99802, -0.058215, 0.3, 0.000694, 0.058215, 0.998304, -0.0, 0.0, 0.0, 0.0, 1.0],
                [0.999716, -0.023825, 0.000694, -0.0, 0.023825, 0.99802, -0.058212, 0.3, 0.000694, 0.058212, 0.998304, -0.0, 0.0, 0.0, 0.0, 1.0],
                [0.999716, -0.023825, 0.000694, -0.0, 0.023825, 0.99802, -0.058214, 0.3, 0.000694, 0.058214, 0.998304, 0.0, 0.0, 0.0, 0.0, 1.0],
                [0.999716, -0.023825, 0.000694, -0.0, 0.023825, 0.99802, -0.058215, 0.3, 0.000694, 0.058215, 0.998304, -0.0, 0.0, 0.0, 0.0, 1.0],
                [0.999716, -0.023825, 0.000694, -0.0, 0.023825, 0.99802, -0.058215, 0.3, 0.000694, 0.058215, 0.998304, -0.0, 0.0, 0.0, 0.0, 1.0]
            ]
        },
        {
            "name": "Head",
            "time": [0.0, 0.0833, 0.1667, 0.3333, 0.8333],
            "transform": [
                [0.936489, 0.023531, -0.349907, 0.0, -0.001877, 0.998068, 0.062096, 0.4, 0.350692, -0.057496, 0.934724, -0.0, 0.0, 0.0, 0.0, 1.0],
                [0.897823, 0.104113, 0.427873, -0.0, -0.09054, 0.994534, -0.052014, 0.4, -0.430949, 0.00796, 0.902341, -0.0, 0.0, 0.0, 0.0, 1.0],
                [0.282078, 0.208675, 0.936423, -0.0, -0.066657, 0.977963, -0.197853, 0.4, -0.957073, -0.006609, 0.289771, -0.0, 0.0, 0.0, 0.0, 1.0],
                [0.250323, 0.212277, 0.944604, 0.0, -0.063244, 0.977168, -0.202835, 0.4, -0.966094, -0.008966, 0.258033, 0.0, 0.0, 0.0, 0.0, 1.0],
                [0.250323, 0.212277, 0.944604, 0.0, -0.063244, 0.977168, -0.202835, 0.4, -0.966094, -0.008966, 0.258033, 0.0, 0.0, 0.0, 0.0, 1.0]
            ]
        },
        {
            "name": "Shoulder_R",
            "time": [0.0, 0.0833, 0.1667, 0.3333, 0.8333],