{
    "animation": [
        {
            "name": "Root",
            "time": [0.0, 0.1333, 0.2167, 0.2667, 0.3167, 0.7],
            "transform": [
                [-0.093715, -0.040568, -0.994772, -5e-06, -0.990323, -0.098934, 0.097331, 0.000946, -0.102365, 0.994267, -0.030904, 0.845709, 0.0, 0.0, 0.0, 1.0],
                [-0.125417, -0.046695, -0.991005, -5e-06, -0.986184, -0.103091, 0.129664, 0.000946, -0.108219, 0.993575, -0.033121, 0.85234, 0.0, 0.0, 0.0, 1.0],
                [0.99997, 9.2e-05, 0.007705, -5e-06, 0.007663, 0.092772, -0.995658, 0.000946, -0.000806, 0.995687, 0.092769, 0.763972, 0.0, 0.0, 0.0, 1.0],
                [0.561726, -0.000624, 0.827323, -5e-06, 0.800173, 0.25449, -0.543101, 0.000946, -0.210207, 0.967075, 0.143453, 0.691457, 0.0, 0.0, 0.0, 1.0],
                [0.04272, -0.107705, 0.993265, -5e-06, 0.959502, 0.281498, -0.010744, 0.000946, -0.278445, 0.953498, 0.115368, 0.755725, 0.0, 0.0, 0.0, 1.0],
                [0.04272, -0.107705, 0.993265, -5e-06, 0.959502, 0.281498, -0.010744, 0.000946, -0.278445, 0.953498, 0.115368, 0.755725, 0.0, 0.0, 0.0, 1.0]
            ]
        },
        {
            "name": "Thigh_R",
            "time": [0.0, 0.1333, 0.2167, 0.2667, 0.3167, 0.7],
            "transform": [
                [0.946214, 0.233283, -0.22418, 0.124994, 0.29114, -0.91616, 0.27547, -0.002831, -0.141122, -0.32592, -0.934805, -1.2e-05, 0.0, 0.0, 0.0, 1.0],
                [0.943253, 0.236015, -0.233603, 0.124994, 0.29791, -0.91221, 0.28128, -0.002831, -0.146709, -0.334909, -0.930759, -1.2e-05, 0.0, 0.0, 0.0, 1.0],
                [0.789867, 0.115075, 0.602385, 0.124994, -0.062328, -0.962087, 0.265518, -0.002831, 0.610102, -0.247268, -0.752751, -1.2e-05, 0.0, 0.0, 0.0, 1.0],
                [0.470058, 0.553661, 0.687389, 0.124994, 0.008161, -0.781482, 0.623872, -0.002831, 0.882597, -0.287645, -0.371862, -1.2e-05, 0.0, 0.0, 0.0, 1.0],
                [0.065573, 0.749636, 0.658592, 0.124994, -0.112971, -0.650189, 0.751325, -0.002831, 0.991432, -0.123668, 0.042052, -1.2e-05, 0.0, 0.0, 0.0, 1.0],
                [0.065573, 0.749636, 0.658592, 0.124994, -0.112971, -0.650189, 0.751325, -0.002831, 0.991432, -0.123668, 0.042052, -1.2e-05, 0.0, 0.0, 0.0, 1.0]
            ]
        },
        {
            "name": "Leg_R",
            "time": [0.0, 0.1333, 0.2167, 0.2667, 0.3167, 0.7],
            "transform": [
                [1.0, -0.0, 1e-06, 0.0, -0.0, 0.890423, 0.455134, 0.37472, -1e-06, -0.455135, 0.890422, 0.0, 0.0, 0.0, 0.0, 1.0],
                [1.0, -0.0, 1e-06, 0.0, 0.0, 0.885645, 0.464364, 0.37472, -1e-06, -0.464365, 0.885643, -0.0, 0.0, 0.0, 0.0, 1.0],
                [1.0, 0.0, 0.0, -0.0, -0.0, 0.905514, 0.424318, 0.37472, -0.0, -0.424319, 0.905512, -0.0, 0.0, 0.0, 0.0, 1.0],
                [1.0, -0.0, 0.0, -0.0, -0.0, 0.522748, 0.852487, 0.37472, -0.0, -0.852488, 0.522747, -0.0, 0.0, 0.0, 0.0, 1.0],
                [1.0, -0.0, 0.0, -0.0, -0.0, 0.254058, 0.967189, 0.37472, -0.0, -0.96719, 0.254057, -0.0, 0.0, 0.0, 0.0, 1.0],
                [1.0, -0.0, 0.0, -0.0, -0.0, 0.254058, 0.967189, 0.37472, -0.0, -0.96719, 0.254057, -0.0, 0.0, 0.0, 0.0, 1.0]
            ]
        },
        {
            "name": "Knee_R",
            "time": [0.0, 0.2167, 0.2667, 0.3167, 0.7],
            "transform": [
                [1.0, 0.0, -0.0, 0.0, -0.0, 1e-06, -1.0, 0.37472, -0.0, 1.0, 1e-06, 0.0, 0.0, 0.0, 0.0, 1.0],
                [1.0, -0.0, -0.0, -0.0, -0.0, 1e-06, -1.0, 0.37472, -0.0, 1.0, 1e-06, -0.0, 0.0, 0.0, 0.0, 1.0],
                [1.0, 0.0, -0.0, 0.0, -0.0, 1e-06, -1.0, 0.424456, -0.0, 1.0, 1e-06, -0.0, 0.0, 0.0, 0.0, 1.0],
                [1.0, 0.0, -0.0, 0.0, -0.0, 1e-06, -1.0, 0.44634, -0.0, 1.0, 1e-06, -0.0, 0.0, 0.0, 0.0, 1.0],
                [1.0, 0.0, -0.0, 0.0, -0.0, 1e-06, -1.0, 0.44634, -0.0, 1.0, 1e-06, -0.0, 0.0, 0.0, 0.0, 1.0]
            ]
        },
        {
            "name": "Thigh_L",
            "time": [0.0, 0.1333, 0.2167, 0.2667, 0.3167, 0.7],
            "transform": [
                [0.113055, -0.610122, -0.7842, -0.125006, -0.11725, -0.791937, 0.599239, -0.00283, -0.986646, 0.024201, -0.16107, -1.2e-05, 0.0, 0.0, 0.0, 1.0],
                [0.084761, -0.615086, -0.783891, -0.125006, -0.113947, -0.787544, 0.605632, -0.002831, -0.989864, 0.037989, -0.13684, -1.2e-05, 0.0, 0.0, 0.0, 1.0],
                [0.267525, -0.396582, -0.878153, -0.125006, -0.147336, -0.917491, 0.369462, -0.002831, -0.95222, 0.030544, -0.303883, -1.2e-05, 0.0, 0.0, 0.0, 1.0],
                [0.244406, -0.204498, -0.947864, -0.125006, -0.034703, -0.978727, 0.202209, -0.002831, -0.969052, -0.016526, -0.246304, -1.2e-05, 0.0, 0.0, 0.0, 1.0],
                [0.978317, -0.16509, 0.125066, -0.125006, -0.196341, -0.931462, 0.306312, -0.002831, 0.065926, -0.324225, -0.94368, -1.2e-05, 0.0, 0.0, 0.0, 1.0],
                [0.978317, -0.16509, 0.125066, -0.125006, -0.196341, -0.931462, 0.306312, -0.002831, 0.065926, -0.324225, -0.94368, -1.2e-05, 0.0, 0.0, 0.0, 1.0]
            ]
        },
        {
            "name": "Leg_L",
            "time": [0.0, 0.1333, 0.2167, 0.2667, 0.3167, 0.7],
            "transform": [
                [1.0, -1e-06, 1.4e-05, -0.0, -1.3e-05, 0.117115, 0.993119, 0.37472, -2e-06, -0.993118, 0.117115, -0.0, 0.0, 0.0, 0.0, 1.0],
                [1.0, -1e-06, 1.4e-05, 0.0, -1.4e-05, 0.087203, 0.996191, 0.37472, -2e-06, -0.99619, 0.087203, -0.0, 0.0, 0.0, 0.0, 1.0],
                [1.0, -1e-06, 6e-06, 0.0, -4e-06, 0.551369, 0.834261, 0.37472, -4e-06, -0.834261, 0.55137, 0.0, 0.0, 0.0, 0.0, 1.0],
                [1.0, -0.0, 2e-06, 0.0, -0.0, 0.966708, 0.255879, 0.37472, -2e-06, -0.255879, 0.966709, -0.0, 0.0, 0.0, 0.0, 1.0],
                [1.0, -0.0, 5e-06, 0.0, -2e-06, 0.912488, 0.409102, 0.37472, -5e-06, -0.409102, 0.912489, -0.0, 0.0, 0.0, 0.0, 1.0],
                [1.0, -0.0, 5e-06, 0.0, -2e-06, 0.912488, 0.409102, 0.37472, -5e-06, -0.409102, 0.912489, -0.0, 0.0, 0.0, 0.0, 1.0]
            ]
        },
        {
            "name": "Knee_L",
            "time": [0.0, 0.1333, 0.2167, 0.2667, 0.7],
            "transform": [
                [1.0, 0.0, -0.0, 0.0, -0.0, 1e-06, -1.0, 0.463021, -0.0, 1.0, 1e-06, -0.0, 0.0, 0.0, 0.0, 1.0],
                [1.0, 0.0, -0.0, 0.0, -0.0, 1e-06, -1.0, 0.465023, -0.0, 1.0, 1e-06, -0.0, 0.0, 0.0, 0.0, 1.0],
                [1.0, 0.0, -0.0, 0.0, -0.0, 1e-06, -1.0, 0.413644, -0.0, 1.0, 1e-06, 0.0, 0.0, 0.0, 0.0, 1.0],
                [1.0, 0.0, -0.0, 0.0, -0.0, 1e-06, -1.0, 0.37472, -0.0, 1.0, 1e-06, -0.0, 0.0, 0.0, 0.0, 1.0],
                [1.0, 0.0, -0.0, 0.0, -0.0, 1e-06, -1.0, 0.37472, -0.0, 1.0, 1e-06, -0.0, 0.0, 0.0, 0.0, 1.0]
            ]
        },
        {
            "name": "Torso",
            "time": [0.0, 0.1333, 0.2167, 0.7],
            "transform": [
                [1.0, -0.000933, -0.0, 0.0, 0.000933, 0.999999, 0.001057, 0.05, -1e-06, -0.001057, 0.999999, -0.0, 0.0, 0.0, 0.0, 1.0],
                [1.0, -0.000465, -0.0, 0.0, 0.000465, 1.0, 0.000418, 0.05, -0.0, -0.000418, 1.0, 0.0, 0.0, 0.0, 0.0, 1.0],
                [1.0, 0.0, -0.0, 0.0, 0.0, 1.0, -0.0, 0.05, 0.0, 0.0, 1.0, -0.0, 0.0, 0.0, 0.0, 1.0],
                [1.0, -0.0, -0.0, 0.0, -0.0, 1.0, -0.0, 0.05, 0.0, 0.0, 1.0, -0.0, 0.0, 0.0, 0.0, 1.0]
            ]
        },
        {
            "name": "Chest",
            "time": [0.0, 0.1333, 0.2167, 0.2667, 0.3167, 0.7],