{
    "animation": [
        {
            "name": "Root",
            "time": [0.0, 0.1167, 0.1833, 0.3833, 0.6667],
            "transform": [
                [0.817803, 0.0, -0.575498, -5e-06, -0.575498, 0.0, -0.817803, 0.520045, 0.0, 1.0, 0.0, 0.626794, 0.0, 0.0, 0.0, 1.0],
                [0.994907, 0.0, 0.100796, -5e-06, 0.100796, 0.0, -0.994907, 0.762392, 0.0, 1.0, 0.0, 0.655912, 0.0, 0.0, 0.0, 1.0],
                [0.994907, 0.0, 0.100796, -5e-06, 0.100796, 0.0, -0.994907, 0.781635, 0.0, 1.0, 0.0, 0.676907, 0.0, 0.0, 0.0, 1.0],
                [0.996393, 0.000305, 0.084864, -5e-06, 0.084861, -0.012697, -0.996312, 0.769386, 0.000774, 0.999919, -0.012677, 0.671658, 0.0, 0.0, 0.0, 1.0],
                [0.996393, 0.000305, 0.084864, -5e-06, 0.084861, -0.012697, -0.996312, 0.769386, 0.000774, 0.999919, -0.012677, 0.671658, 0.0, 0.0, 0.0, 1.0]
            ]
        },
        {
            "name": "Thigh_R",
            "time": [0.0, 0.1167, 0.1833, 0.3833, 0.6667],
            "transform": [
                [0.919096, 0.378342, -0.110085, 0.124994, 0.311747, -0.869072, -0.38409, -0.002831, -0.240989, 0.318696, -0.91671, -1.2e-05, 0.0, 0.0, 0.0, 1.0],
                [0.99679, 3.6e-05, 0.080061, 0.124994, 0.035808, -0.894608, -0.445411, -0.002831, 0.071607, 0.446847, -0.89174, -1.1e-05, 0.0, 0.0, 0.0, 1.0],
                [0.994403, -0.055042, 0.090174, 0.124994, 0.005439, -0.825746, -0.564013, -0.002831, 0.105506, 0.561347, -0.820827, -1.1e-05, 0.0, 0.0, 0.0, 1.0],
                [0.995862, -0.029557, 0.08593, 0.124994, 0.01719, -0.867277, -0.497526, -0.002831, 0.08923, 0.496944, -0.863182, -1.1e-05, 0.0, 0.0, 0.0, 1.0],
                [0.995862, -0.029557, 0.08593, 0.124994, 0.01719, -0.867277, -0.497526, -0.002831, 0.08923, 0.496944, -0.863182, -1.1e-05, 0.0, 0.0, 0.0, 1.0]
            ]
        },
        {
            "name": "Leg_R",
            "time": [0.0, 0.1167, 0.1833, 0.3833, 0.6667],
            "transform": [
                [1.0, -0.0, 1e-06, -0.0, 0.0, 0.974418, 0.224745, 0.37472, -1e-06, -0.224746, 0.974417, 0.0, 0.0, 0.0, 0.0, 1.0],
                [1.0, -0.0, 1e-06, 0.0, -0.0, 0.98732, 0.158745, 0.37472, -1e-06, -0.158745, 0.987319, -0.0, 0.0, 0.0, 0.0, 1.0],
                [1.0, -0.0, 2e-06, -0.0, -0.0, 0.999957, 0.009354, 0.37472, -2e-06, -0.009354, 0.999955, 0.0, 0.0, 0.0, 0.0, 1.0],
                [1.0, -0.0, 2e-06, 0.0, -0.0, 0.991196, 0.132408, 0.37472, -2e-06, -0.132408, 0.991195, -0.0, 0.0, 0.0, 0.0, 1.0],
                [1.0, -0.0, 2e-06, 0.0, -0.0, 0.991196, 0.132408, 0.37472, -2e-06, -0.132408, 0.991195, -0.0, 0.0, 0.0, 0.0, 1.0]
            ]
        },
        {
            "name": "Knee_R",
            "time": [0.0, 0.1167, 0.1833, 0.3833, 0.6667],
            "transform": [
                [1.0, 0.0, -0.0, 0.0, -0.0, 1e-06, -1.0, 0.420355, -0.0, 1.0, 1e-06, -0.0, 0.0, 0.0, 0.0, 1.0],
                [1.0, 0.0, -0.0, 0.0, -0.0, 1e-06, -1.0, 0.37472, -0.0, 1.0, 1e-06, -0.0, 0.0, 0.0, 0.0, 1.0],
                [1.0, 0.0, -0.0, -0.0, -0.0, 1e-06, -1.0, 0.37472, -0.0, 1.0, 1e-06, 0.0, 0.0, 0.0, 0.0, 1.0],
                [1.0, 0.0, -0.0, -0.0, -0.0, 1e-06, -1.0, 0.377546, -0.0, 1.0, 1e-06, -0.0, 0.0, 0.0, 0.0, 1.0],
                [1.0, 0.0, -0.0, -0.0, -0.0, 1e-06, -1.0, 0.377546, -0.0, 1.0, 1e-06, -0.0, 0.0, 0.0, 0.0, 1.0]
            ]
        },
        {
            "name": "Thigh_L",
            "time": [0.0, 0.1167, 0.1833, 0.3833, 0.6667],
            "transform": [
                [0.811573, -0.366993, -0.454604, -0.125006, 0.000464, -0.777693, 0.628644, -0.002831, -0.58425, -0.510402, -0.630984, -1.2e-05, 0.0, 0.0, 0.0, 1.0],
                [0.993733, 0.097266, 0.055068, -0.125006, 0.031942, -0.719256, 0.69401, -0.00283, 0.107111, -0.687903, -0.717856, -1.3e-05, 0.0, 0.0, 0.0, 1.0],
                [0.99489, 0.073542, 0.069165, -0.125006, 0.011098, -0.760609, 0.649116, -0.00283, 0.100344, -0.645031, -0.757539, -1.3e-05, 0.0, 0.0, 0.0, 1.0],
                [0.996804, 0.050785, 0.061647, -0.125006, -0.001844, -0.756981, 0.653433, -0.00283, 0.07985, -0.651459, -0.754469, -1.3e-05, 0.0, 0.0, 0.0, 1.0],
                [0.996804, 0.050785, 0.061647, -0.125006, -0.001844, -0.756981, 0.653433, -0.00283, 0.07985, -0.651459, -0.754469, -1.3e-05, 0.0, 0.0, 0.0, 1.0]
            ]
        },
        {
            "name": "Leg_L",
            "time": [0.0, 0.1167, 0.1833, 0.3833, 0.6667],
            "transform": [
                [1.0, -1e-06, 1e-06, 0.0, -1e-06, -0.057195, 0.998363, 0.37472, -1e-06, -0.998363, -0.057195, -0.0, 0.0, 0.0, 0.0, 1.0],
                [0.999987, 0.000634, -0.005134, 0.0, 0.003127, 0.716475, 0.697606, 0.37472, 0.004121, -0.697612, 0.716464, 0.0, 0.0, 0.0, 0.0, 1.0],
                [0.999993, -0.000448, 0.003709, 0.0, -0.002048, 0.764708, 0.644374, 0.37472, -0.003125, -0.644377, 0.764702, -0.0, 0.0, 0.0, 0.0, 1.0],
                [0.999996, -0.000418, 0.002761, 0.0, -0.001499, 0.753931, 0.656952, 0.37472, -0.002356, -0.656954, 0.753928, 0.0, 0.0, 0.0, 0.0, 1.0],
                [0.999996, -0.000418, 0.002761, 0.0, -0.001499, 0.753931, 0.656952, 0.37472, -0.002356, -0.656954, 0.753928, 0.0, 0.0, 0.0, 0.0, 1.0]
            ]
        },
        {
            "name": "Knee_L",
            "time": [0.0, 0.1167, 0.1833, 0.3833, 0.6667],
            "transform": [
                [1.0, 0.0, -0.0, 0.0, -0.0, 1e-06, -1.0, 0.483134, -0.0, 1.0, 1e-06, 0.0, 0.0, 0.0, 0.0, 1.0],
                [1.0, 0.0, -0.0, -0.000211, -0.0, 1e-06, -1.0, 0.401824, -0.0, 1.0, 1e-06, 0.002761, 0.0, 0.0, 0.0, 1.0],
                [1.0, 0.0, -0.0, -8.2e-05, -0.0, 1e-06, -1.0, 0.401442, -0.0, 1.0, 1e-06, -0.001079, 0.0, 0.0, 0.0, 1.0],
                [1.0, 0.0, -0.0, -1.9e-05, -0.0, 1e-06, -1.0, 0.399958, -0.0, 1.0, 1e-06, -0.000809, 0.0, 0.0, 0.0, 1.0],
                [1.0, 0.0, -0.0, -1.9e-05, -0.0, 1e-06, -1.0, 0.399958, -0.0, 1.0, 1e-06, -0.000809, 0.0, 0.0, 0.0, 1.0]
            ]
        },
        {
            "name": "Torso",
            "time": [0.0, 0.1167, 0.6667],
            "transform": [
                [0.99978, -0.020971, -0.000197, -0.0, 0.020971, 0.999603, 0.018833, 0.05, -0.000198, -0.018833, 0.999823, -0.0, 0.0, 0.0, 0.0, 1.0],
                [0.999763, 0.021637, 0.002338, 0.0, -0.021637, 0.976688, 0.21357, 0.05, 0.002338, -0.21357, 0.976925, 0.0, 0.0, 0.0, 0.0, 1.0],
                [0.999763, 0.021637, 0.002338, 0.0, -0.021637, 0.976688, 0.21357, 0.05, 0.002338, -0.21357, 0.976925, -0.0, 0.0, 0.0, 0.0, 1.0]
            ]
        },
        {
            "name": "Chest",
            "time": [0.0, 0.1167, 0.1833, 0.3833, 0.6667],
            "transform": [
                [0.99985, 0.017276, -0.001301, -0.0, -0.017317, 0.998862, -0.04444, 0.3, 0.000532, 0.044456, 0.999011, -0.0, 0.0, 0.0, 0.0, 1.0],
                [0.999836, 0.018035, 0.001618, -0.0, -0.018035, 0.983863, 0.178013, 0.3, 0.001618, -0.178013, 0.984027, -0.0, 0.0, 0.0, 0.0, 1.0],
                [0.999836, 0.018035, 0.001618, -0.0, -0.018035, 0.983863, 0.178013, 0.3, 0.001618, -0.178013, 0.984027, 0.0, 0.0, 0.0, 0.0, 1.0],
                [0.99986, 0.01665, 0.001873, -0.0, -0.016746, 0.989439, 0.143976, 0.3, 0.000544, -0.143987, 0.989579, 0.0, 0.0, 0.0, 0.0, 1.0],
                [0.99986, 0.01665, 0.001873, -0.0, -0.016746, 0.989439, 0.143976, 0.3, 0.000544, -0.143987, 0.989579, 0.0, 0.0, 0.0, 0.0, 1.0]
            ]
        },
        {
            "name": "Head",
            "time": [0.0, 0.1167, 0.1833, 0.3833, 0.6667],