{
    "animation": [
        {
            "name": "Root",
            "time": [0.0, 0.5, 0.75, 1.05, 1.1667],
            "transform": [
                [0.778044, -0.0, -0.62821, -5e-06, -0.624528, 0.108116, -0.773483, 0.000946, 0.06792, 0.994138, 0.084119, 0.661601, 0.0, 0.0, 0.0, 1.0],
                [0.994844, 0.02561, 0.098126, -5e-06, 0.079135, 0.409069, -0.909066, 0.000946, -0.063421, 0.912144, 0.404933, 0.661601, 0.0, 0.0, 0.0, 1.0],
                [0.994844, 0.02561, 0.098126, -5e-06, 0.079135, 0.409069, -0.909066, 0.000946, -0.063421, 0.912144, 0.404933, 0.661601, 0.0, 0.0, 0.0, 1.0],
                [0.705437, 0.100151, -0.701661, -5e-06, -0.694664, 0.294231, -0.656407, 0.000946, 0.140711, 0.950472, 0.277133, 0.661601, 0.0, 0.0, 0.0, 1.0],
                [0.705437, 0.100151, -0.701661, -5e-06, -0.694664, 0.294231, -0.656407, 0.000946, 0.140711, 0.950472, 0.277133, 0.661601, 0.0, 0.0, 0.0, 1.0]
            ]
        },
        {
            "name": "Thigh_R",
            "time": [0.0, 0.5, 0.75, 1.05, 1.1667],
            "transform": [
                [0.900814, 0.319382, 0.294157, 0.124994, 0.289733, -0.946716, 0.140642, -0.002831, 0.323402, -0.041464, -0.945353, -1.2e-05, 0.0, 0.0, 0.0, 1.0],
                [0.893838, 0.054167, 0.445107, 0.124994, 0.067665, -0.997601, -0.014479, -0.002831, 0.443255, 0.04306, -0.895361, -1.2e-05, 0.0, 0.0, 0.0, 1.0],
                [0.895598, 0.0538, 0.441599, 0.124994, 0.067259, -0.997623, -0.014865, -0.002831, 0.43975, 0.043015, -0.89709, -1.2e-05, 0.0, 0.0, 0.0, 1.0],
                [0.898138, 0.277413, 0.34116, 0.124994, 0.155942, -0.926388, 0.342759, -0.002831, 0.411133, -0.254643, -0.875287, -1.2e-05, 0.0, 0.0, 0.0, 1.0],
                [0.898138, 0.277413, 0.34116, 0.124994, 0.155942, -0.926388, 0.342759, -0.002831, 0.411133, -0.254643, -0.875287, -1.2e-05, 0.0, 0.0, 0.0, 1.0]
            ]
        },
        {
            "name": "Leg_R",
            "time": [0.0, 0.5, 0.75, 1.05, 1.1667],
            "transform": [
                [1.0, -0.0, 1e-06, 0.0, -0.0, 0.849805, 0.527098, 0.37472, -1e-06, -0.527099, 0.849804, -0.0, 0.0, 0.0, 0.0, 1.0],
                [1.0, 0.0, 1e-06, -0.0, -0.0, 0.984311, 0.176446, 0.37472, -1e-06, -0.176446, 0.98431, -0.0, 0.0, 0.0, 0.0, 1.0],
                [1.0, 0.0, 1e-06, 0.0, -0.0, 0.984324, 0.176373, 0.37472, -1e-06, -0.176373, 0.984323, -0.0, 0.0, 0.0, 0.0, 1.0],
                [1.0, -0.0, 1e-06, 0.0, -0.0, 0.875872, 0.482544, 0.37472, -1e-06, -0.482545, 0.875871, -0.0, 0.0, 0.0, 0.0, 1.0],
                [1.0, -0.0, 1e-06, 0.0, -0.0, 0.875872, 0.482544, 0.37472, -1e-06, -0.482545, 0.875871, -0.0, 0.0, 0.0, 0.0, 1.0]
            ]
        },
        {
            "name": "Knee_R",
            "time": [0.0, 0.5, 0.75, 1.05, 1.1667],
            "transform": [
                [1.0, 0.0, -0.0, 0.0, -0.0, 1e-06, -1.0, 0.388526, -0.0, 1.0, 1e-06, -0.0, 0.0, 0.0, 0.0, 1.0],
                [1.0, 0.0, -0.0, -0.0, -0.0, 1e-06, -1.0, 0.37472, -0.0, 1.0, 1e-06, -0.0, 0.0, 0.0, 0.0, 1.0],
                [1.0, 0.0, -0.0, 0.0, -0.0, 1e-06, -1.0, 0.37472, -0.0, 1.0, 1e-06, -0.0, 0.0, 0.0, 0.0, 1.0],
                [1.0, 0.0, -0.0, 0.0, -0.0, 1e-06, -1.0, 0.383891, -0.0, 1.0, 1e-06, -0.0, 0.0, 0.0, 0.0, 1.0],
                [1.0, 0.0, -0.0, 0.0, -0.0, 1e-06, -1.0, 0.383891, -0.0, 1.0, 1e-06, -0.0, 0.0, 0.0, 0.0, 1.0]
            ]
        },
        {
            "name": "Thigh_L",
            "time": [0.0, 0.5, 0.75, 1.05, 1.1667],
            "transform": [
                [0.785753, -0.486899, -0.381472, -0.125006, -0.006589, -0.623282, 0.781968, -0.002831, -0.618505, -0.61192, -0.492955, -1.2e-05, 0.0, 0.0, 0.0, 1.0],
                [0.991167, 0.11615, 0.064001, -0.125006, -0.008495, -0.426001, 0.904683, -0.002831, 0.132344, -0.897234, -0.421253, -1.2e-05, 0.0, 0.0, 0.0, 1.0],
                [0.991231, 0.115963, 0.063341, -0.125006, -0.007979, -0.425961, 0.904706, -0.002831, 0.131894, -0.897277, -0.421302, -1.2e-05, 0.0, 0.0, 0.0, 1.0],
                [0.76328, -0.587136, -0.269582, -0.125006, -0.016546, -0.434893, 0.90033, -0.002831, -0.645856, -0.682742, -0.341661, -1.2e-05, 0.0, 0.0, 0.0, 1.0],
                [0.76328, -0.587136, -0.269582, -0.125006, -0.016546, -0.434893, 0.90033, -0.002831, -0.645856, -0.682742, -0.341661, -1.2e-05, 0.0, 0.0, 0.0, 1.0]
            ]
        },
        {
            "name": "Leg_L",
            "time": [0.0, 0.5, 0.75, 1.05, 1.1667],
            "transform": [
                [1.0, -1e-06, 1e-06, -0.0, 0.0, 0.705452, 0.708758, 0.37472, -1e-06, -0.708757, 0.705453, -0.0, 0.0, 0.0, 0.0, 1.0],
                [1.0, -0.0, 1e-06, 0.0, 0.0, 0.846157, 0.532933, 0.37472, -1e-06, -0.532933, 0.846158, 0.0, 0.0, 0.0, 0.0, 1.0],
                [1.0, -0.0, 1e-06, 0.0, 0.0, 0.846145, 0.532953, 0.37472, -1e-06, -0.532953, 0.846145, 0.0, 0.0, 0.0, 0.0, 1.0],
                [1.0, -1e-06, 0.0, -0.0, 0.0, 0.652027, 0.758196, 0.37472, -1e-06, -0.758196, 0.652027, -0.0, 0.0, 0.0, 0.0, 1.0],
                [1.0, -1e-06, 0.0, -0.0, 0.0, 0.652027, 0.758196, 0.37472, -1e-06, -0.758196, 0.652027, -0.0, 0.0, 0.0, 0.0, 1.0]
            ]
        },
        {
            "name": "Knee_L",
            "time": [0.0, 0.5, 0.75, 1.05, 1.1667],
            "transform": [
                [1.0, 0.0, -0.0, -0.0, -0.0, 1e-06, -1.0, 0.409408, -0.0, 1.0, 1e-06, -0.0, 0.0, 0.0, 0.0, 1.0],
                [1.0, 0.0, -0.0, 0.0, -0.0, 1e-06, -1.0, 0.389144, -0.0, 1.0, 1e-06, 0.0, 0.0, 0.0, 0.0, 1.0],
                [1.0, 0.0, -0.0, 0.0, -0.0, 1e-06, -1.0, 0.389146, -0.0, 1.0, 1e-06, 0.0, 0.0, 0.0, 0.0, 1.0],
                [1.0, 0.0, -0.0, -0.0, -0.0, 1e-06, -1.0, 0.415945, -0.0, 1.0, 1e-06, -0.0, 0.0, 0.0, 0.0, 1.0],
                [1.0, 0.0, -0.0, -0.0, -0.0, 1e-06, -1.0, 0.415945, -0.0, 1.0, 1e-06, -0.0, 0.0, 0.0, 0.0, 1.0]
            ]
        },
        {
            "name": "Torso",
            "time": [0.0, 1.1667],
            "transform": [
                [0.99978, -0.020971, -0.000197, 0.0, 0.020971, 0.999603, 0.018833, 0.05, -0.000198, -0.018833, 0.999823, 0.0, 0.0, 0.0, 0.0, 1.0],
                [0.99978, -0.020971, -0.000197, 0.0, 0.020971, 0.999603, 0.018833, 0.05, -0.000198, -0.018833, 0.999823, -0.0, 0.0, 0.0, 0.0, 1.0]
            ]
        },
        {
            "name": "Chest",
            "time": [0.0, 1.1667],
            "transform": [
                [0.999771, -0.021411, -0.000206, 0.0, 0.021411, 0.999586, 0.019222, 0.3, -0.000206, -0.019222, 0.999815, 0.0, 0.0, 0.0, 0.0, 1.0],
                [0.999771, -0.021411, -0.000206, -0.0, 0.021411, 0.999586, 0.019222, 0.3, -0.000206, -0.019222, 0.999815, 0.0, 0.0, 0.0, 0.0, 1.0]
            ]
        },
        {
            "name": "Head",
            "time": [0.0, 0.5, 0.75, 1.05, 1.1667],
            "transform": [
                [0.775466, 0.098268, 0.623695, 0.0, -0.002622, 0.988307, -0.152456, 0.4, -0.631384, 0.116589, 0.766656, 0.0, 0.0, 0.0, 0.0, 1.0],
                [0.99501, -0.022108, -0.0973, 0.0, -0.020139, 0.910579, -0.412844, 0.4, 0.097727, 0.412743, 0.90559, -0.0, 0.0, 0.0, 0.0, 1.0],
                [0.99501, -0.022108, -0.0973, 0.0, -0.020139, 0.910579, -0.412844, 0.4, 0.097727, 0.412743, 0.90559, -0.0, 0.0, 0.0, 0.0, 1.0],
                [0.754621, 0.170165, 0.633713, 0.0, 0.072388, 0.938303, -0.338153, 0.4, -0.652156, 0.30105, 0.695745, -0.0, 0.0, 0.0, 0.0, 1.0],
                [0.754621, 0.170165, 0.633713, 0.0, 0.072388, 0.938303, -0.338153, 0.4, -0.652156, 0.30105, 0.695745, -0.0, 0.0, 0.0, 0.0, 1.0]
            ]
        },
        {
            "name": "Shoulder_R",
            "time": [0.0, 0.15, 0.3333, 0.35, 0.4, 0.4333, 0.7, 0.9667, 1.1667],