{
    "animation": [
        {
            "name": "Root",
            "time": [0.0, 0.0833, 0.1667, 0.3333, 0.8333],
            "transform": [
                [0.255131, 0.0, -0.966907, -5e-06, -0.962781, -0.092282, -0.254043, 0.000946, -0.089228, 0.995733, -0.023544, 0.661193, 0.0, 0.0, 0.0, 1.0],
                [0.998991, 0.018155, -0.041082, -5e-06, -0.042878, 0.113178, -0.992649, 0.521355, -0.013372, 0.993409, 0.113843, 0.761779, 0.0, 0.0, 0.0, 1.0],
                [0.237571, -0.057877, 0.969644, -5e-06, 0.933919, 0.288117, -0.211621, 0.972964, -0.267123, 0.955844, 0.122501, 0.661193, 0.0, 0.0, 0.0, 1.0],
                [0.195567, -0.067885, 0.978338, -5e-06, 0.942808, 0.287607, -0.168508, 1.009382, -0.269938, 0.955339, 0.120249, 0.661193, 0.0, 0.0, 0.0, 1.0],
                [0.195567, -0.067885, 0.978338, -5e-06, 0.942808, 0.287607, -0.168508, 1.009382, -0.269938, 0.955339, 0.120249, 0.661193, 0.0, 0.0, 0.0, 1.0]
            ]
        },
        {
            "name": "Thigh_R",
            "time": [0.0, 0.0833, 0.1667, 0.3333, 0.8333],
            "transform": [
                [0.817312, 0.51513, -0.258147, 0.124994, 0.512203, -0.854747, -0.083977, -0.002831, -0.26391, -0.063587, -0.962449, -1.2e-05, 0.0, 0.0, 0.0, 1.0],
                [0.998656, 0.00154, -0.051804, 0.124994, 0.033595, -0.780351, 0.624436, -0.002831, -0.039464, -0.625336, -0.779357, -1.2e-05, 0.0, 0.0, 0.0, 1.0],
                [0.225486, 0.893777, 0.387706, 0.124994, -0.062385, -0.38389, 0.921269, -0.00283, 0.972247, -0.23192, -0.030804, -1.2e-05, 0.0, 0.0, 0.0, 1.0],
                [0.195281, 0.902742, 0.3833, 0.124994, -0.051925, -0.380758, 0.923215, -0.002831, 0.979371, -0.200189, -0.02748, -1.2e-05, 0.0, 0.0, 0.0, 1.0],
                [0.195281, 0.902742, 0.3833, 0.124994, -0.051925, -0.380758, 0.923215, -0.002831, 0.979371, -0.200189, -0.02748, -1.2e-05, 0.0, 0.0, 0.0, 1.0]
            ]
        },
        {
            "name": "Leg_R",
            "time": [0.0, 0.0833, 0.1667, 0.3333, 0.8333],
            "transform": [
                [1.0, -0.0, 1e-06, 0.0, -0.0, 0.906612, 0.421966, 0.37472, -1e-06, -0.421966, 0.906611, -0.0, 0.0, 0.0, 0.0, 1.0],
                [1.0, -1e-06, 1e-06, 0.0, -1e-06, 0.141618, 0.989921, 0.37472, -1e-06, -0.989922, 0.141618, 0.0, 0.0, 0.0, 0.0, 1.0],
                [1.0, 0.0, 1e-06, 0.0, -1e-06, 0.586229, 0.810145, 0.37472, -0.0, -0.810146, 0.586228, -0.0, 0.0, 0.0, 0.0, 1.0],
                [1.0, -0.0, 1e-06, 0.0, -0.0, 0.62146, 0.783445, 0.37472, -0.0, -0.783446, 0.62146, 0.0, 0.0, 0.0, 0.0, 1.0],
                [1.0, -0.0, 1e-06, 0.0, -0.0, 0.62146, 0.783445, 0.37472, -0.0, -0.783446, 0.62146, 0.0, 0.0, 0.0, 0.0, 1.0]
            ]
        },
        {
            "name": "Knee_R",
            "time": [0.0, 0.0833, 0.1667, 0.8333],
            "transform": [
                [1.0, 0.0, -0.0, 0.0, -0.0, 1e-06, -1.0, 0.385905, -0.0, 1.0, 1e-06, -0.0, 0.0, 0.0, 0.0, 1.0],
                [1.0, 0.0, -0.0, 0.0, -0.0, 1e-06, -1.0, 0.460337, -0.0, 1.0, 1e-06, -0.0, 0.0, 0.0, 0.0, 1.0],
                [1.0, 0.0, -0.0, 0.0, -0.0, 1e-06, -1.0, 0.415409, -0.0, 1.0, 1e-06, -0.0, 0.0, 0.0, 0.0, 1.0],
                [1.0, 0.0, -0.0, 0.0, -0.0, 1e-06, -1.0, 0.415409, -0.0, 1.0, 1e-06, 0.0, 0.0, 0.0, 0.0, 1.0]
            ]
        },
        {
            "name": "Thigh_L",
            "time": [0.0, 0.0833, 0.1667, 0.3333, 0.8333],
            "transform": [
                [0.253848, -0.573352, -0.778992, -0.125006, -0.028412, -0.809445, 0.586508, -0.002831, -0.966827, -0.126751, -0.221766, -1.2e-05, 0.0, 0.0, 0.0, 1.0],
                [0.999428, 0.017789, -0.028757, -0.125006, 0.022602, -0.983984, 0.176816, -0.002831, -0.025151, -0.177364, -0.983824, -1.2e-05, 0.0, 0.0, 0.0, 1.0],
                [0.992007, -0.116719, 0.047938, -0.125006, -0.124843, -0.963057, 0.23861, -0.002831, 0.018317, -0.242687, -0.969932, -1.2e-05, 0.0, 0.0, 0.0, 1.0],
                [0.987439, -0.135377, 0.081463, -0.125006, -0.1487, -0.970536, 0.189595, -0.002831, 0.053397, -0.199327, -0.978477, -1.2e-05, 0.0, 0.0, 0.0, 1.0],
                [0.987439, -0.135377, 0.081463, -0.125006, -0.1487, -0.970536, 0.189595, -0.002831, 0.053397, -0.199327, -0.978477, -1.2e-05, 0.0, 0.0, 0.0, 1.0]
            ]
        },
        {
            "name": "Leg_L",
            "time": [0.0, 0.0833, 0.1667, 0.3333, 0.8333],
            "transform": [
                [1.0, -1e-06, 0.0, -0.0, 0.0, 0.776606, 0.629986, 0.37472, -1e-06, -0.629985, 0.776607, -0.0, 0.0, 0.0, 0.0, 1.0],
                [1.0, -0.0, 1e-06, 0.0, 0.0, 0.988358, 0.152142, 0.37472, -1e-06, -0.152142, 0.988359, 0.0, 0.0, 0.0, 0.0, 1.0],
                [1.0, -0.0, 1e-06, -0.0, 0.0, 0.931917, 0.362671, 0.37472, -1e-06, -0.362671, 0.931917, -0.0, 0.0, 0.0, 0.0, 1.0],
                [1.0, -0.0, 5e-06, 0.0, -1e-06, 0.969516, 0.245028, 0.37472, -5e-06, -0.245028, 0.969516, -0.0, 0.0, 0.0, 0.0, 1.0],
                [1.0, -0.0, 5e-06, 0.0, -1e-06, 0.969516, 0.245028, 0.37472, -5e-06, -0.245028, 0.969516, -0.0, 0.0, 0.0, 0.0, 1.0]
            ]
        },
        {
            "name": "Knee_L",
            "time": [0.0, 0.0833, 0.1667, 0.8333],
            "transform": [
                [1.0, 0.0, -0.0, 0.0, -0.0, 1e-06, -1.0, 0.399444, -0.0, 1.0, 1e-06, -0.0, 0.0, 0.0, 0.0, 1.0],
                [1.0, 0.0, -0.0, 0.0, -0.0, 1e-06, -1.0, 0.361157, -0.0, 1.0, 1e-06, -0.0, 0.0, 0.0, 0.0, 1.0],
                [1.0, 0.0, -0.0, -0.0, -0.0, 1e-06, -1.0, 0.37472, -0.0, 1.0, 1e-06, -0.0, 0.0, 0.0, 0.0, 1.0],
                [1.0, 0.0, -0.0, 0.0, -0.0, 1e-06, -1.0, 0.37472, -0.0, 1.0, 1e-06, -0.0, 0.0, 0.0, 0.0, 1.0]
            ]
        },
        {
            "name": "Torso",
            "time": [0.0, 0.8333],
            "transform": [
                [1.0, -0.0, -0.0, 0.0, -0.0, 1.0, -0.0, 0.05, -0.0, -0.0, 1.0, 0.0, 0.0, 0.0, 0.0, 1.0],
                [1.0, -0.0, -0.0, 0.0, -0.0, 1.0, 0.0, 0.05, 0.0, 0.0, 1.0, -0.0, 0.0, 0.0, 0.0, 1.0]
            ]
        },
        {
            "name": "Chest",
            "time": [0.0, 0.0833, 0.1667, 0.3333, 0.8333],
            "transform": [
                [0.999716, -0.023825, 0.000694, 0.0, 0.023825, 0.99802, -0.058215, 0.3, 0.000694, 0.058215, 0.998304, 0.0, 0.0, 0.0, 0.0, 1.0],
                [0.999716, -0.023825, 0.000694, -0.0, 0.023825, 0.99802, -0.058213, 0.3, 0.000694, 0.058213, 0.998304, 0.0, 0.0, 0.0, 0.0, 1.0],
                [0.999716, -0.023825, 0.000694, -0.0, 0.023826, 0.99802, -0.058214, 0.3, 0.000694, 0.058214, 0.998304, 0.0, 0.0, 0.0, 0.0, 1.0],
                [0.999716, -0.023825, 0.000694, -0.0, 0.023825, 0.99802, -0.058215, 0.3, 0.000694, 0.058215, 0.998304, 0.0, 0.0, 0.0, 0.0, 1.0],
                [0.999716, -0.023825, 0.000694, -0.0, 0.023825, 0.99802, -0.058215, 0.3, 0.000694, 0.058215, 0.998304, 0.0, 0.0, 0.0, 0.0, 1.0]
            ]
        },
        {
            "name": "Head",
            "time": [0.0, 0.0833, 0.1667, 0.8333],
            "transform": [
                [0.250702, -0.058698, 0.966283, -0.0, -0.064372, 0.99494, 0.077141, 0.4, -0.965922, -0.081541, 0.245655, 0.0, 0.0, 0.0, 0.0, 1.0],
                [0.999437, 0.009357, 0.032224, 0.0, -0.007613, 0.998521, -0.053839, 0.4, -0.03268, 0.053564, 0.99803, 0.0, 0.0, 0.0, 0.0, 1.0],
                [0.287466, -0.158463, -0.944591, 0.0, -0.010647, 0.985629, -0.168588, 0.4, 0.957732, 0.05852, 0.281648, 0.0, 0.0, 0.0, 0.0, 1.0],
                [0.287466, -0.158464, -0.944591, -0.0, -0.010647, 0.985629, -0.168588, 0.4, 0.957732, 0.05852, 0.281648, 0.0, 0.0, 0.0, 0.0, 1.0]
            ]
        },
        {
            "name": "Shoulder_R",
            "time": [0.0, 0.0833, 0.1667, 0.3333, 0.8333],