{
    "animation": [
        {
            "name": "Root",
            "time": [0.0, 0.1, 0.2, 0.3, 0.6],
            "transform": [
                [0.785783, -0.000448, -0.618503, 8e-06, -0.607909, 0.183728, -0.772457, -0.000886, 0.113982, 0.982977, 0.144098, 0.753918, 0.0, 0.0, 0.0, 1.0],
                [0.750533, -0.002648, -0.660827, 3.3e-05, -0.649628, 0.180405, -0.738537, -0.000853, 0.121173, 0.983589, 0.13368, 0.789966, 0.0, 0.0, 0.0, 1.0],
                [0.573654, 0.038798, 0.818179, -0.000447, 0.794119, 0.218455, -0.567144, -0.00128, -0.200739, 0.975075, 0.094507, 0.698084, 0.0, 0.0, 0.0, 1.0],
                [0.460186, 0.038337, 0.886994, -0.000443, 0.861237, 0.223381, -0.456478, -0.001336, -0.215637, 0.973977, 0.069779, 0.689734, 0.0, 0.0, 0.0, 1.0],
                [0.460186, 0.038337, 0.886994, -0.000443, 0.861237, 0.223381, -0.456478, -0.001336, -0.215637, 0.973977, 0.069779, 0.689734, 0.0, 0.0, 0.0, 1.0]
            ]
        },
        {
            "name": "Thigh_R",
            "time": [0.0, 0.1, 0.2, 0.3, 0.6],
            "transform": [
                [0.992715, 0.094799, 0.074359, 0.128011, 0.1004, -0.992069, -0.075593, -0.00351, 0.066603, 0.082508, -0.994363, 0.002675, 0.0, 0.0, 0.0, 1.0],
                [0.992915, 0.097191, 0.068355, 0.128221, 0.10271, -0.991283, -0.082482, -0.003571, 0.059743, 0.088918, -0.994246, 0.002909, 0.0, 0.0, 0.0, 1.0],
                [0.53652, 0.070852, 0.840908, 0.159053, 0.047788, -0.997419, 0.053551, -0.015086, 0.842533, 0.011455, -0.538522, 0.030146, 0.0, 0.0, 0.0, 1.0],
                [0.466554, 0.072172, 0.881543, 0.161893, 0.037462, -0.997381, 0.06183, -0.016126, 0.883699, 0.004177, -0.468037, 0.032621, 0.0, 0.0, 0.0, 1.0],
                [0.466554, 0.072172, 0.881543, 0.161893, 0.037462, -0.997381, 0.06183, -0.016126, 0.883699, 0.004177, -0.468037, 0.032621, 0.0, 0.0, 0.0, 1.0]
            ]
        },
        {
            "name": "Leg_R",
            "time": [0.0, 0.1, 0.2, 0.3, 0.6],
            "transform": [
                [1.0, 1.3e-05, -0.0, 0.0, -1.3e-05, 0.999834, 0.018265, 0.37472, 1e-06, -0.018265, 0.999832, 0.0, 0.0, 0.0, 0.0, 1.0],
                [1.0, 1.4e-05, -1e-06, -0.0, -1.4e-05, 0.99982, 0.019013, 0.37472, 1e-06, -0.019013, 0.999818, 0.0, 0.0, 0.0, 0.0, 1.0],
                [1.0, 0.000204, 8e-06, 0.0, -0.000198, 0.959732, 0.280921, 0.37472, 5e-05, -0.280921, 0.95973, -0.0, 0.0, 0.0, 0.0, 1.0],
                [1.0, 0.000221, 1.1e-05, -0.0, -0.000214, 0.952692, 0.303939, 0.37472, 5.7e-05, -0.303939, 0.952691, -0.0, 0.0, 0.0, 0.0, 1.0],
                [1.0, 0.000221, 1.1e-05, -0.0, -0.000214, 0.952692, 0.303939, 0.37472, 5.7e-05, -0.303939, 0.952691, -0.0, 0.0, 0.0, 0.0, 1.0]
            ]
        },
        {
            "name": "Knee_R",
            "time": [0.0, 0.6],
            "transform": [
                [1.0, 0.0, -0.0, 0.0, -0.0, 1e-06, -1.0, 0.37472, -0.0, 1.0, 1e-06, 0.0, 0.0, 0.0, 0.0, 1.0],
                [1.0, 0.0, -0.0, -0.0, -0.0, 1e-06, -1.0, 0.37472, -0.0, 1.0, 1e-06, -0.0, 0.0, 0.0, 0.0, 1.0]
            ]
        },
        {
            "name": "Thigh_L",
            "time": [0.0, 0.1, 0.2, 0.3, 0.6],
            "transform": [
                [0.755919, -0.333018, -0.563635, -0.128396, -0.028311, -0.876776, 0.480064, -0.000971, -0.654052, -0.346932, -0.672201, -0.003571, 0.0, 0.0, 0.0, 1.0],
                [0.718496, -0.359986, -0.595124, -0.128669, -0.023553, -0.867742, 0.496455, -0.000825, -0.695132, -0.342683, -0.631949, -0.003529, 0.0, 0.0, 0.0, 1.0],
                [0.991923, -0.081227, -0.097422, -0.125323, -0.029883, -0.896089, 0.442867, 0.007694, -0.123272, -0.436378, -0.891279, -0.005141, 0.0, 0.0, 0.0, 1.0],
                [0.997399, -0.054611, -0.047041, -0.125005, -0.028533, -0.89848, 0.438084, 0.00847, -0.06619, -0.435602, -0.897703, -0.005192, 0.0, 0.0, 0.0, 1.0],
                [0.997399, -0.054611, -0.047041, -0.125005, -0.028533, -0.89848, 0.438084, 0.00847, -0.06619, -0.435602, -0.897703, -0.005192, 0.0, 0.0, 0.0, 1.0]
            ]
        },
        {
            "name": "Leg_L",
            "time": [0.0, 0.1, 0.6],
            "transform": [
                [0.999992, 0.003704, -0.001227, 0.0, -0.001215, 0.59439, 0.804176, 0.37472, 0.003708, -0.804168, 0.594391, -0.0, 0.0, 0.0, 0.0, 1.0],
                [0.999991, 0.004053, -0.001163, 0.0, -0.001149, 0.527355, 0.849644, 0.37472, 0.004057, -0.849635, 0.527356, -0.0, 0.0, 0.0, 0.0, 1.0],
                [0.999991, 0.004053, -0.001163, -0.0, -0.001149, 0.527356, 0.849644, 0.37472, 0.004057, -0.849635, 0.527356, 0.0, 0.0, 0.0, 0.0, 1.0]
            ]
        },
        {
            "name": "Knee_L",
            "time": [0.0, 0.1, 0.6],
            "transform": [
                [1.0, 0.0, -0.0, 0.0, -0.0, 1e-06, -1.0, 0.419878, -0.0, 1.0, 1e-06, -0.0, 0.0, 0.0, 0.0, 1.0],
                [1.0, 0.0, -0.0, 0.0, -0.0, 1e-06, -1.0, 0.423983, -0.0, 1.0, 1e-06, -0.0, 0.0, 0.0, 0.0, 1.0],
                [1.0, 0.0, -0.0, 0.0, -0.0, 1e-06, -1.0, 0.423983, -0.0, 1.0, 1e-06, 0.0, 0.0, 0.0, 0.0, 1.0]
            ]
        },
        {
            "name": "Torso",
            "time": [0.0, 0.6],
            "transform": [
                [0.999904, -0.013857, -0.000155, 0.0, 0.013857, 0.999655, 0.022315, 0.05, -0.000155, -0.022315, 0.999751, -0.0, 0.0, 0.0, 0.0, 1.0],
                [0.999904, -0.013857, -0.000155, -0.0, 0.013857, 0.999655, 0.022315, 0.05, -0.000155, -0.022315, 0.999751, 0.0, 0.0, 0.0, 0.0, 1.0]
            ]
        },
        {
            "name": "Chest",
            "time": [0.0, 0.6],
            "transform": [
                [0.999808, -0.019613, -0.000173, 0.0, 0.019613, 0.999653, 0.017612, 0.3, -0.000173, -0.017612, 0.999845, 0.0, 0.0, 0.0, 0.0, 1.0],
                [0.999808, -0.019613, -0.000173, 0.0, 0.019613, 0.999653, 0.017612, 0.3, -0.000173, -0.017612, 0.999845, 0.0, 0.0, 0.0, 0.0, 1.0]
            ]
        },
        {
            "name": "Head",
            "time": [0.0, 0.1, 0.2, 0.3, 0.6],
            "transform": [
                [0.781661, 0.150222, 0.605342, -0.0, -0.001861, 0.971118, -0.238591, 0.4, -0.623701, 0.18537, 0.759365, -0.0, 0.0, 0.0, 0.0, 1.0],
                [0.745246, 0.155479, 0.648409, -0.0, -0.005061, 0.973725, -0.227669, 0.4, -0.66677, 0.166388, 0.726452, 0.0, 0.0, 0.0, 0.0, 1.0],
                [0.575506, -0.16524, -0.80093, 0.0, -0.014927, 0.977089, -0.212309, 0.4, 0.817661, 0.134141, 0.559854, -0.0, 0.0, 0.0, 0.0, 1.0],
                [0.4648, -0.181687, -0.866574, 0.0, -0.013575, 0.977142, -0.212151, 0.4, 0.885311, 0.110372, 0.45171, -0.0, 0.0, 0.0, 0.0, 1.0],
                [0.4648, -0.181687, -0.866574, 0.0, -0.013575, 0.977142, -0.212151, 0.4, 0.885311, 0.110372, 0.45171, -0.0, 0.0, 0.0, 0.0, 1.0]
            ]
        },
        {
            "name": "Shoulder_R",
            "time": [0.0, 0.1, 0.2, 0.3, 0.6],
            "transform": [
                [-0.283252, 0.936134, 0.208377, -0.0, -0.133718, -0.253703, 0.957995, 0.4, 0.949677, 0.243491, 0.19704, -0.0, 0.0, 0.0, 0.0, 1.0],
                [-0.307402, 0.931007, 0.196799, -0.0, -0.14636, -0.250611, 0.95696, 0.4, 0.940257, 0.265368, 0.213301, 0.0, 0.0, 0.0, 0.0, 1.0],
                [0.070513, 0.954935, 0.288317, 0.0, 0.007414, -0.28953, 0.95714, 0.4, 0.997483, -0.065353, -0.027496, -0.0, 0.0, 0.0, 0.0, 1.0],
                [0.105491, 0.950636, 0.291826, 0.0, 0.0204, -0.295471, 0.955134, 0.4, 0.994211, -0.094805, -0.050563, -0.0, 0.0, 0.0, 0.0, 1.0],
                [0.105491, 0.950636, 0.291826, 0.0, 0.0204, -0.295471, 0.955134, 0.4, 0.994211, -0.094805, -0.050563, -0.0, 0.0, 0.0, 0.0, 1.0]
            ]
        },
        {
            "name": "Arm_R",
            "time": [0.0, 0.1, 0.2, 0.3, 0.6],