{
    "animation": [
        {
            "name": "Root",
            "time": [0.0, 0.1, 0.1833, 0.4167, 0.7],
            "transform": [
                [0.817803, 0.0, -0.575498, -5e-06, -0.575498, 0.0, -0.817803, 0.004561, 0.0, 1.0, 0.0, 0.715646, 0.0, 0.0, 0.0, 1.0],
                [0.954208, 0.040749, 0.296355, -5e-06, 0.292224, 0.084861, -0.952577, 1.331103, -0.063965, 0.995559, 0.069067, 0.675539, 0.0, 0.0, 0.0, 1.0],
                [0.370443, 0.000285, 0.928855, -5e-06, 0.916051, 0.165359, -0.365387, 2.102474, -0.153698, 0.986233, 0.060995, 0.655934, 0.0, 0.0, 0.0, 1.0],
                [0.36726, 0.0, 0.930118, -5e-06, 0.917281, 0.16557, -0.362191, 2.15122, -0.154, 0.986198, 0.060807, 0.655912, 0.0, 0.0, 0.0, 1.0],
                [0.36726, 0.0, 0.930118, -5e-06, 0.917281, 0.16557, -0.362191, 2.15122, -0.154, 0.986198, 0.060807, 0.655912, 0.0, 0.0, 0.0, 1.0]
            ]
        },
        {
            "name": "Thigh_R",
            "time": [0.0, 0.1, 0.1833, 0.4167, 0.7],
            "transform": [
                [0.98012, 0.123987, -0.154892, 0.124994, 0.139886, -0.985469, 0.096318, -0.002831, -0.1407, -0.11607, -0.983225, -1.2e-05, 0.0, 0.0, 0.0, 1.0],
                [0.956036, 0.241116, 0.166904, 0.124994, 0.057519, -0.712283, 0.69953, -0.002831, 0.287551, -0.659174, -0.69484, -1.1e-05, 0.0, 0.0, 0.0, 1.0],
                [0.332202, 0.810756, 0.48199, 0.124994, 0.063004, -0.528942, 0.846316, -0.002831, 0.941101, -0.25078, -0.226798, -1.1e-05, 0.0, 0.0, 0.0, 1.0],
                [0.325633, 0.813579, 0.481714, 0.124994, 0.063202, -0.527072, 0.847467, -0.002831, 0.943381, -0.245517, -0.223053, -1.1e-05, 0.0, 0.0, 0.0, 1.0],
                [0.325633, 0.813579, 0.481714, 0.124994, 0.063202, -0.527072, 0.847467, -0.002831, 0.943381, -0.245517, -0.223053, -1.1e-05, 0.0, 0.0, 0.0, 1.0]
            ]
        },
        {
            "name": "Leg_R",
            "time": [0.0, 0.1, 0.1833, 0.7],
            "transform": [
                [1.0, -0.0, 1e-06, -0.0, -0.0, 0.919734, 0.392544, 0.37472, -1e-06, -0.392545, 0.919732, 0.0, 0.0, 0.0, 0.0, 1.0],
                [1.0, -1e-06, 2e-06, -0.0, -2e-06, -0.021774, 0.999762, 0.37472, -1e-06, -0.999764, -0.021773, 0.0, 0.0, 0.0, 0.0, 1.0],
                [1.0, -0.0, 1e-06, 0.0, -0.0, 0.613945, 0.789349, 0.37472, -0.0, -0.78935, 0.613944, -0.0, 0.0, 0.0, 0.0, 1.0],
                [1.0, -0.0, 1e-06, -0.0, -0.0, 0.613945, 0.789349, 0.37472, -0.0, -0.78935, 0.613944, -0.0, 0.0, 0.0, 0.0, 1.0]
            ]
        },
        {
            "name": "Knee_R",
            "time": [0.0, 0.1, 0.1833, 0.4167, 0.7],
            "transform": [
                [1.0, 0.0, -0.0, 0.0, -0.0, 1e-06, -1.0, 0.381097, -0.0, 1.0, 1e-06, 0.0, 0.0, 0.0, 0.0, 1.0],
                [1.0, 0.0, -0.0, 0.0, -0.0, 1e-06, -1.0, 0.478986, -0.0, 1.0, 1e-06, -0.0, 0.0, 0.0, 0.0, 1.0],
                [1.0, 0.0, -0.0, 0.0, -0.0, 1e-06, -1.0, 0.409437, -0.0, 1.0, 1e-06, -0.0, 0.0, 0.0, 0.0, 1.0],
                [1.0, 0.0, -0.0, -0.0, -0.0, 1e-06, -1.0, 0.408628, -0.0, 1.0, 1e-06, -0.0, 0.0, 0.0, 0.0, 1.0],
                [1.0, 0.0, -0.0, -0.0, -0.0, 1e-06, -1.0, 0.408628, -0.0, 1.0, 1e-06, -0.0, 0.0, 0.0, 0.0, 1.0]
            ]
        },
        {
            "name": "Thigh_L",
            "time": [0.0, 0.1, 0.1833, 0.4167, 0.7],
            "transform": [
                [0.811599, -0.106173, -0.574486, -0.125006, 0.000335, -0.983262, 0.182193, -0.002831, -0.584214, -0.14806, -0.79798, -1.2e-05, 0.0, 0.0, 0.0, 1.0],
                [0.95594, -0.080302, -0.282365, -0.125006, -0.152259, -0.957996, -0.243023, -0.00283, -0.25099, 0.275308, -0.928014, -1.2e-05, 0.0, 0.0, 0.0, 1.0],
                [0.950235, -0.267483, 0.159703, -0.125006, -0.291344, -0.944544, 0.151507, -0.00283, 0.110321, -0.190496, -0.975469, -1.3e-05, 0.0, 0.0, 0.0, 1.0],
                [0.949598, -0.267974, 0.162646, -0.125006, -0.292921, -0.943326, 0.155988, -0.00283, 0.111628, -0.195768, -0.974276, -1.3e-05, 0.0, 0.0, 0.0, 1.0],
                [0.949598, -0.267974, 0.162646, -0.125006, -0.292921, -0.943326, 0.155988, -0.00283, 0.111628, -0.195768, -0.974276, -1.3e-05, 0.0, 0.0, 0.0, 1.0]
            ]
        },
        {
            "name": "Leg_L",
            "time": [0.0, 0.1, 0.1833, 0.4167, 0.7],
            "transform": [
                [1.0, -1e-06, 9e-06, -0.0, -4e-06, 0.848305, 0.529508, 0.37472, -8e-06, -0.529508, 0.848305, 0.0, 0.0, 0.0, 0.0, 1.0],
                [1.0, -0.0, 3.2e-05, -0.0, -5e-06, 0.988365, 0.1521, 0.37472, -3.2e-05, -0.1521, 0.988365, -0.0, 0.0, 0.0, 0.0, 1.0],
                [1.0, -0.0, 3.7e-05, -0.0, -1.4e-05, 0.923101, 0.384556, 0.37472, -3.4e-05, -0.384556, 0.923102, -0.0, 0.0, 0.0, 0.0, 1.0],
                [1.0, -0.0, 3.7e-05, -0.0, -1.4e-05, 0.922018, 0.387147, 0.37472, -3.4e-05, -0.387147, 0.922018, -0.0, 0.0, 0.0, 0.0, 1.0],
                [1.0, -0.0, 3.7e-05, -0.0, -1.4e-05, 0.922018, 0.387147, 0.37472, -3.4e-05, -0.387147, 0.922018, -0.0, 0.0, 0.0, 0.0, 1.0]
            ]
        },
        {
            "name": "Knee_L",
            "time": [0.0, 0.1, 0.1833, 0.4167, 0.7],
            "transform": [
                [1.0, 0.0, -0.0, 0.0, -0.0, 1e-06, -1.0, 0.386003, -0.0, 1.0, 1e-06, 0.0, 0.0, 0.0, 0.0, 1.0],
                [1.0, 0.0, -0.0, -0.0, -0.0, 1e-06, -1.0, 0.358614, -0.0, 1.0, 1e-06, -0.0, 0.0, 0.0, 0.0, 1.0],
                [1.0, 0.0, -0.0, -0.0, -0.0, 1e-06, -1.0, 0.37599, -0.0, 1.0, 1e-06, -0.0, 0.0, 0.0, 0.0, 1.0],
                [1.0, 0.0, -0.0, 0.0, -0.0, 1e-06, -1.0, 0.376192, -0.0, 1.0, 1e-06, -0.0, 0.0, 0.0, 0.0, 1.0],
                [1.0, 0.0, -0.0, 0.0, -0.0, 1e-06, -1.0, 0.376192, -0.0, 1.0, 1e-06, -0.0, 0.0, 0.0, 0.0, 1.0]
            ]
        },
        {
            "name": "Torso",
            "time": [0.0, 0.1, 0.1833, 0.4167, 0.7],
            "transform": [
                [0.99978, -0.020971, -0.000197, 0.0, 0.020971, 0.999603, 0.018833, 0.05, -0.000198, -0.018833, 0.999822, -0.0, 0.0, 0.0, 0.0, 1.0],
                [0.999945, -0.010487, -4.9e-05, 0.0, 0.010487, 0.999901, 0.009417, 0.05, -4.9e-05, -0.009417, 0.999956, 0.0, 0.0, 0.0, 0.0, 1.0],
                [1.0, -4.9e-05, -0.0, -0.0, 4.9e-05, 1.0, 4.4e-05, 0.05, -0.0, -4.4e-05, 1.0, 0.0, 0.0, 0.0, 0.0, 1.0],
                [1.0, 0.0, 0.0, 0.0, -0.0, 1.0, -0.0, 0.05, 0.0, -0.0, 1.0, -0.0, 0.0, 0.0, 0.0, 1.0],
                [1.0, 0.0, 0.0, 0.0, -0.0, 1.0, -0.0, 0.05, 0.0, -0.0, 1.0, -0.0, 0.0, 0.0, 0.0, 1.0]
            ]
        },
        {
            "name": "Chest",
            "time": [0.0, 0.1, 0.1833, 0.4167, 0.7],
            "transform": [
                [0.99985, 0.017276, -0.001301, -0.0, -0.017317, 0.998862, -0.044437, 0.3, 0.000532, 0.044453, 0.999011, 0.0, 0.0, 0.0, 0.0, 1.0],
                [0.999837, 0.018042, 0.000148, -0.0, -0.018012, 0.997576, 0.067214, 0.3, 0.001065, -0.067206, 0.997738, -0.0, 0.0, 0.0, 0.0, 1.0],
                [0.999836, 0.018035, 0.001612, -0.0, -0.018035, 0.983956, 0.177498, 0.3, 0.001616, -0.177498, 0.98412, -0.0, 0.0, 0.0, 0.0, 1.0],
                [0.999836, 0.018035, 0.001618, -0.0, -0.018035, 0.983863, 0.178013, 0.3, 0.001618, -0.178013, 0.984027, 0.0, 0.0, 0.0, 0.0, 1.0],
                [0.999836, 0.018035, 0.001618, -0.0, -0.018035, 0.983863, 0.178013, 0.3, 0.001618, -0.178013, 0.984027, 0.0, 0.0, 0.0, 0.0, 1.0]
            ]
        },
        {
            "name": "Head",
            "time": [0.0, 0.1, 0.1833, 0.4167, 0.7],