{
    "animation": [
        {
            "name": "Root",
            "time": [0.0, 0.1, 0.2, 0.625],
            "transform": [
                [0.908431, 0.0, 0.418035, -4.2e-05, 0.418035, 0.0, -0.908431, 0.000975, 0.0, 1.0, 0.0, 0.716852, 0.0, 0.0, 0.0, 1.0],
                [0.962208, 0.0, -0.272315, -1.4e-05, -0.272315, 0.0, -0.962208, 0.000992, 0.0, 1.0, 0.0, 0.706347, 0.0, 0.0, 0.0, 1.0],
                [0.952875, 0.0, -0.303362, -1.3e-05, -0.303362, 0.0, -0.952875, 0.000992, 0.0, 1.0, 0.0, 0.705848, 0.0, 0.0, 0.0, 1.0],
                [0.952875, 0.0, -0.303362, -1.3e-05, -0.303362, 0.0, -0.952875, 0.000992, 0.0, 1.0, 0.0, 0.705848, 0.0, 0.0, 0.0, 1.0]
            ]
        },
        {
            "name": "Thigh_R",
            "time": [0.0, 0.1, 0.2, 0.625],
            "transform": [
                [0.847281, 0.019732, 0.530779, 0.140843, 0.043106, -0.998567, -0.031687, -0.002819, 0.529393, 0.049728, -0.846918, 0.054792, 0.0, 0.0, 0.0, 1.0],
                [0.993398, 0.108739, -0.036555, 0.127241, 0.109883, -0.993464, 0.030875, -0.002765, -0.032959, -0.034687, -0.998854, 0.000398, 0.0, 0.0, 0.0, 1.0],
                [0.991665, 0.111519, -0.064522, 0.12658, 0.113794, -0.992965, 0.032724, -0.00276, -0.060419, -0.039793, -0.99738, -0.002197, 0.0, 0.0, 0.0, 1.0],
                [0.991665, 0.111519, -0.064522, 0.12658, 0.113794, -0.992965, 0.032724, -0.00276, -0.060419, -0.039793, -0.99738, -0.002197, 0.0, 0.0, 0.0, 1.0]
            ]
        },
        {
            "name": "Leg_R",
            "time": [0.0, 0.1, 0.2, 0.625],
            "transform": [
                [1.0, -0.0, 2e-06, -0.0, -1e-06, 0.912637, 0.408771, 0.37472, -2e-06, -0.408771, 0.912637, 0.0, 0.0, 0.0, 0.0, 1.0],
                [1.0, -1e-06, 2e-06, -0.0, -1e-06, 0.866644, 0.498926, 0.37472, -2e-06, -0.498927, 0.866644, 0.0, 0.0, 0.0, 0.0, 1.0],
                [1.0, -1e-06, 2e-06, 0.0, -1e-06, 0.864235, 0.503089, 0.37472, -2e-06, -0.503089, 0.864235, -0.0, 0.0, 0.0, 0.0, 1.0],
                [1.0, -1e-06, 2e-06, 0.0, -1e-06, 0.864235, 0.503089, 0.37472, -2e-06, -0.503089, 0.864235, -0.0, 0.0, 0.0, 0.0, 1.0]
            ]
        },
        {
            "name": "Knee_R",
            "time": [0.0, 0.625],
            "transform": [
                [1.0, 0.0, -0.0, -0.0, -0.0, 1e-06, -1.0, 0.37472, -0.0, 1.0, 1e-06, 0.0, 0.0, 0.0, 0.0, 1.0],
                [1.0, 0.0, -0.0, 0.0, -0.0, 1e-06, -1.0, 0.37472, -0.0, 1.0, 1e-06, -0.0, 0.0, 0.0, 0.0, 1.0]
            ]
        },
        {
            "name": "Thigh_L",
            "time": [0.0, 0.1, 0.2, 0.625],
            "transform": [
                [0.916449, 0.166907, 0.36368, -0.123284, 0.003096, -0.911785, 0.410654, -0.001913, 0.400139, -0.375217, -0.836122, -0.003848, 0.0, 0.0, 0.0, 1.0],
                [0.966113, -0.134871, -0.22008, -0.126741, -0.012251, -0.875628, 0.482829, -0.00154, -0.257828, -0.463771, -0.847609, -0.004704, 0.0, 0.0, 0.0, 1.0],
                [0.957561, -0.149761, -0.246268, -0.12691, -0.011613, -0.873769, 0.486202, -0.001521, -0.287995, -0.462708, -0.838427, -0.00469, 0.0, 0.0, 0.0, 1.0],
                [0.957561, -0.149761, -0.246268, -0.12691, -0.011613, -0.873769, 0.486202, -0.001521, -0.287995, -0.462708, -0.838427, -0.00469, 0.0, 0.0, 0.0, 1.0]
            ]
        },
        {
            "name": "Leg_L",
            "time": [0.0, 0.1, 0.2, 0.625],
            "transform": [
                [1.0, -0.0, 1e-06, 0.0, -0.0, 0.966902, 0.255146, 0.37472, -1e-06, -0.255146, 0.966902, -0.0, 0.0, 0.0, 0.0, 1.0],
                [1.0, -1e-06, 3e-06, 0.0, -1e-06, 0.851791, 0.523882, 0.37472, -3e-06, -0.523882, 0.851791, 0.0, 0.0, 0.0, 0.0, 1.0],
                [1.0, -1e-06, 3e-06, -0.0, -1e-06, 0.844431, 0.535664, 0.37472, -3e-06, -0.535664, 0.844431, -0.0, 0.0, 0.0, 0.0, 1.0],
                [1.0, -1e-06, 3e-06, -0.0, -1e-06, 0.844431, 0.535664, 0.37472, -3e-06, -0.535664, 0.844431, -0.0, 0.0, 0.0, 0.0, 1.0]
            ]
        },
        {
            "name": "Knee_L",
            "time": [0.0, 0.625],
            "transform": [
                [1.0, 0.0, -0.0, 0.0, -0.0, 1e-06, -1.0, 0.37472, -0.0, 1.0, 1e-06, -0.0, 0.0, 0.0, 0.0, 1.0],
                [1.0, 0.0, -0.0, -0.0, -0.0, 1e-06, -1.0, 0.37472, -0.0, 1.0, 1e-06, -0.0, 0.0, 0.0, 0.0, 1.0]
            ]
        },
        {
            "name": "Torso",
            "time": [0.0, 0.1, 0.2, 0.625],
            "transform": [
                [0.999864, -0.016512, -0.000193, -0.0, 0.016512, 0.999589, 0.023422, 0.05, -0.000193, -0.023422, 0.999726, -0.0, 0.0, 0.0, 0.0, 1.0],
                [0.999991, 0.004228, 0.000133, 0.0, -0.004229, 0.998694, 0.050916, 0.05, 8.3e-05, -0.050916, 0.998703, -0.0, 0.0, 0.0, 0.0, 1.0],
                [0.999986, 0.005213, 0.000162, -0.0, -0.005214, 0.998622, 0.052221, 0.05, 0.00011, -0.052221, 0.998636, 0.0, 0.0, 0.0, 0.0, 1.0],
                [0.999986, 0.005213, 0.000162, -0.0, -0.005214, 0.998622, 0.052221, 0.05, 0.00011, -0.052221, 0.998636, 0.0, 0.0, 0.0, 0.0, 1.0]
            ]
        },
        {
            "name": "Chest",
            "time": [0.0, 0.1, 0.2, 0.625],
            "transform": [
                [1.0, 0.0, -0.0, 0.0, -0.0, 0.999754, 0.022171, 0.3, -0.0, -0.022171, 0.999754, 0.0, 0.0, 0.0, 0.0, 1.0],
                [1.0, -0.0, -0.0, 0.0, 0.0, 0.997462, 0.071195, 0.3, -0.0, -0.071195, 0.997463, -0.0, 0.0, 0.0, 0.0, 1.0],
                [1.0, -0.0, 0.0, 0.0, 0.0, 0.997406, 0.071976, 0.3, 0.0, -0.071976, 0.997407, 0.0, 0.0, 0.0, 0.0, 1.0],
                [1.0, -0.0, 0.0, 0.0, 0.0, 0.997406, 0.071976, 0.3, 0.0, -0.071976, 0.997407, 0.0, 0.0, 0.0, 0.0, 1.0]
            ]
        },
        {
            "name": "Head",
            "time": [0.0, 0.1, 0.2, 0.625],
            "transform": [
                [0.929175, 0.015358, -0.369322, 0.0, -0.025041, 0.999457, -0.021437, 0.4, 0.368792, 0.029167, 0.929054, -0.0, 0.0, 0.0, 0.0, 1.0],
                [0.959298, -0.008201, 0.282278, -0.0, 0.032707, 0.996078, -0.082213, 0.4, -0.280497, 0.088099, 0.955803, 0.0, 0.0, 0.0, 0.0, 1.0],
                [0.950081, -0.008297, 0.311893, 0.0, 0.036268, 0.995807, -0.083987, 0.4, -0.309888, 0.091106, 0.946398, -0.0, 0.0, 0.0, 0.0, 1.0],
                [0.950081, -0.008297, 0.311893, 0.0, 0.036268, 0.995807, -0.083987, 0.4, -0.309888, 0.091106, 0.946398, -0.0, 0.0, 0.0, 0.0, 1.0]
            ]
        },
        {
            "name": "Shoulder_R",
            "time": [0.0, 0.1, 0.2, 0.625],
            "transform": [
                [0.42136, 0.866168, 0.268715, 0.0, -0.016126, -0.2891, 0.957163, 0.4, 0.90675, -0.407643, -0.107848, -0.0, 0.0, 0.0, 0.0, 1.0],
                [-0.04953, 0.947922, 0.314626, -0.0, -0.000622, -0.315042, 0.949078, 0.4, 0.998772, 0.046812, 0.016193, 0.0, 0.0, 0.0, 0.0, 1.0],
                [-0.072275, 0.946251, 0.315255, 0.0, 0.000415, -0.316052, 0.948742, 0.4, 0.997384, 0.068701, 0.02245, -0.0, 0.0, 0.0, 0.0, 1.0],
                [-0.072275, 0.946251, 0.315255, 0.0, 0.000415, -0.316052, 0.948742, 0.4, 0.997384, 0.068701, 0.02245, -0.0, 0.0, 0.0, 0.0, 1.0]
            ]
        },
        {
            "name": "Arm_R",
            "time": [0.0, 0.1, 0.2, 0.625],
            "transform": [
                [0.373284, -0.911597, 0.172189, -0.0, 0.329538, -0.043209, -0.943153, 0.39386, 0.867216, 0.408806, 0.284277, -0.0, 0.0, 0.0, 0.0, 1.0],
                [-0.131621, 0.095271, -0.986711, -0.0, 0.315745, 0.947558, 0.049373, 0.393861, 0.939671, -0.30505, -0.1548, 0.0, 0.0, 0.0, 0.0, 1.0],
                [-0.146752, 0.169568, -0.974531, -0.0, 0.332836, 0.936216, 0.11278, 0.393861, 0.931496, -0.307808, -0.19383, 0.0, 0.0, 0.0, 0.0, 1.0],
                [-0.146752, 0.169568, -0.974531, -0.0, 0.332836, 0.936216, 0.11278, 0.393861, 0.931496, -0.307808, -0.19383, 0.0, 0.0, 0.0, 0.0, 1.0]
            ]
        },
        {
            "name": "Hand_R",
            "time": [0.0, 0.1, 0.2, 0.625],