{
    "animation": [
        {
            "name": "Root",
            "time": [0.0, 0.1, 0.1833, 0.3333, 0.75],
            "transform": [
                [0.999912, 0.0, -0.013243, -5e-06, -0.013243, 0.0, -0.999912, 0.005278, 0.0, 1.0, 0.0, 0.585007, 0.0, 0.0, 0.0, 1.0],
                [0.999912, 0.0, -0.013243, -5e-06, -0.013243, 0.0, -0.999912, 0.005278, 0.0, 1.0, 0.0, 0.585007, 0.0, 0.0, 0.0, 1.0],
                [0.999943, 0.000448, -0.010657, -5e-06, -0.010216, 0.327412, -0.944826, 2.961379, 0.003066, 0.944881, 0.327398, 0.585506, 0.0, 0.0, 0.0, 1.0],
                [1.0, 1.5e-05, -0.000768, -5e-06, -0.000706, 0.413112, -0.91068, 4.108559, 0.000304, 0.91068, 0.413112, 0.480545, 0.0, 0.0, 0.0, 1.0],
                [1.0, 0.0, 0.0, -5e-06, 0.0, 0.413874, -0.910334, 4.119004, 0.0, 0.910334, 0.413874, 0.46731, 0.0, 0.0, 0.0, 1.0]
            ]
        },
        {
            "name": "Thigh_R",
            "time": [0.0, 0.1, 0.1833, 0.3333, 0.75],
            "transform": [
                [0.735312, 0.394053, 0.551397, 0.124994, 0.464907, -0.885266, 0.012681, -0.002831, 0.49313, 0.247025, -0.834147, -1.2e-05, 0.0, 0.0, 0.0, 1.0],
                [0.711207, 0.404006, 0.575294, 0.124994, 0.476368, -0.87879, 0.028233, -0.002831, 0.516969, 0.253974, -0.81746, -1.2e-05, 0.0, 0.0, 0.0, 1.0],
                [0.984327, 0.033965, 0.173048, 0.124994, 0.101293, -0.912153, -0.39713, -0.003116, 0.144358, 0.408436, -0.9013, -5.6e-05, 0.0, 0.0, 0.0, 1.0],
                [0.999317, 0.031557, 0.019235, 0.124994, 0.03665, -0.913246, -0.40575, -0.002863, 0.004762, 0.406179, -0.913781, -1.6e-05, 0.0, 0.0, 0.0, 1.0],
                [0.999381, 0.032743, 0.012841, 0.124994, 0.035144, -0.9443, -0.327196, -0.002831, 0.001412, 0.327446, -0.944869, -1.2e-05, 0.0, 0.0, 0.0, 1.0]
            ]
        },
        {
            "name": "Leg_R",
            "time": [0.0, 0.1, 0.1833, 0.3333, 0.75],
            "transform": [
                [1.0, -0.0, 0.0, 0.0, -0.0, 0.704621, 0.709587, 0.37472, -1e-06, -0.709585, 0.704618, -0.0, 0.0, 0.0, 0.0, 1.0],
                [1.0, -0.0, 1e-06, 0.0, -0.0, 0.70462, 0.709587, 0.37472, -1e-06, -0.709586, 0.704617, 0.0, 0.0, 0.0, 0.0, 1.0],
                [1.0, 0.0, 1e-06, -0.0, 0.0, 0.999988, 0.005337, 0.37472, -1e-06, -0.005335, 0.999985, 0.0, 0.0, 0.0, 0.0, 1.0],
                [1.0, 0.0, 1e-06, -0.0, 0.0, 0.993748, 0.111659, 0.37472, -1e-06, -0.111656, 0.993745, 0.0, 0.0, 0.0, 0.0, 1.0],
                [1.0, 0.0, 1e-06, -0.0, 0.0, 0.952747, 0.303771, 0.37472, -1e-06, -0.303769, 0.952744, -0.0, 0.0, 0.0, 0.0, 1.0]
            ]
        },
        {
            "name": "Knee_R",
            "time": [0.0, 0.75],
            "transform": [
                [1.0, 0.0, -0.0, 0.0, -0.0, 1e-06, -1.0, 0.409513, -0.0, 1.0, 1e-06, -0.0, 0.0, 0.0, 0.0, 1.0],
                [1.0, 0.0, -0.0, -0.0, -0.0, 1e-06, -1.0, 0.37472, -0.0, 1.0, 1e-06, 0.0, 0.0, 0.0, 0.0, 1.0]
            ]
        },
        {
            "name": "Thigh_L",
            "time": [0.0, 0.1, 0.1833, 0.3333, 0.75],
            "transform": [
                [0.961842, -0.230793, -0.146948, -0.125006, 0.004923, -0.5224, 0.852685, -0.002831, -0.27356, -0.82087, -0.501333, -1.2e-05, 0.0, 0.0, 0.0, 1.0],
                [0.977429, -0.19466, -0.082096, -0.125006, -0.032599, -0.522916, 0.85176, -0.002831, -0.208733, -0.829857, -0.517461, -1.1e-05, 0.0, 0.0, 0.0, 1.0],
                [0.992233, -0.087212, 0.0887, -0.125006, -0.106027, -0.220057, 0.969707, -0.002545, -0.065051, -0.971579, -0.227597, 3.2e-05, 0.0, 0.0, 0.0, 1.0],
                [0.980426, 0.108692, 0.164168, -0.125006, -0.18112, 0.170957, 0.968488, -0.002799, 0.077201, -0.979264, 0.187295, -7e-06, 0.0, 0.0, 0.0, 1.0],
                [0.987743, 0.094773, 0.124021, -0.125006, -0.141723, 0.211631, 0.967019, -0.002831, 0.065401, -0.972743, 0.222467, -1.2e-05, 0.0, 0.0, 0.0, 1.0]
            ]
        },
        {
            "name": "Leg_L",
            "time": [0.0, 0.1, 0.1833, 0.3333, 0.75],
            "transform": [
                [1.0, -0.0, 1e-06, -0.0, 0.0, 0.526577, 0.850128, 0.37472, -1e-06, -0.850128, 0.526574, 0.0, 0.0, 0.0, 0.0, 1.0],
                [1.0, -0.0, 1e-06, 0.0, -0.0, 0.526577, 0.850128, 0.37472, -1e-06, -0.850129, 0.526574, -0.0, 0.0, 0.0, 0.0, 1.0],
                [1.0, -0.0, 0.0, -0.0, -0.0, 0.526503, 0.850174, 0.37472, -1e-06, -0.850175, 0.5265, 0.0, 0.0, 0.0, 0.0, 1.0],
                [1.0, -0.0, 0.0, -0.0, -0.0, 0.225876, 0.974156, 0.374721, -1e-06, -0.974158, 0.225874, 0.0, 0.0, 0.0, 0.0, 1.0],
                [1.0, -0.0, 0.0, 0.0, -0.0, 0.183688, 0.982984, 0.374719, -1e-06, -0.982986, 0.183686, -0.0, 0.0, 0.0, 0.0, 1.0]
            ]
        },
        {
            "name": "Knee_L",
            "time": [0.0, 0.75],
            "transform": [
                [1.0, 0.0, -0.0, -0.0, -0.0, 1e-06, -1.0, 0.429924, -0.0, 1.0, 1e-06, -0.0, 0.0, 0.0, 0.0, 1.0],
                [1.0, 0.0, -0.0, 0.0, -0.0, 1e-06, -1.0, 0.463132, -0.0, 1.0, 1e-06, 0.0, 0.0, 0.0, 0.0, 1.0]
            ]
        },
        {
            "name": "Torso",
            "time": [0.0, 0.1, 0.1833, 0.3333, 0.75],
            "transform": [
                [1.0, -0.000644, 1.4e-05, 0.0, 0.000644, 0.999112, -0.042126, 0.05, 1.3e-05, 0.042126, 0.999112, -0.0, 0.0, 0.0, 0.0, 1.0],
                [1.0, 0.0, -0.0, 0.0, 0.0, 0.999029, -0.044054, 0.05, 0.0, 0.044054, 0.999029, -0.0, 0.0, 0.0, 0.0, 1.0],
                [0.999999, -0.001302, -0.000135, -0.0, 0.001308, 0.992473, 0.122456, 0.05, -2.5e-05, -0.122456, 0.992474, -0.0, 0.0, 0.0, 0.0, 1.0],
                [1.0, -0.000145, -2.1e-05, 0.0, 0.000146, 0.978236, 0.207496, 0.05, -9e-06, -0.207496, 0.978236, 0.0, 0.0, 0.0, 0.0, 1.0],
                [1.0, 0.0, -0.0, -0.0, 0.0, 0.978066, 0.208296, 0.05, 0.0, -0.208296, 0.978066, -0.0, 0.0, 0.0, 0.0, 1.0]
            ]
        },
        {
            "name": "Chest",
            "time": [0.0, 0.1, 0.1833, 0.3333, 0.75],
            "transform": [
                [0.999844, -0.002803, -0.017446, 0.0, -0.000254, 0.984958, -0.172797, 0.3, 0.017668, 0.172774, 0.984803, -0.0, 0.0, 0.0, 0.0, 1.0],
                [1.0, 0.0, -0.0, 0.0, -0.0, 0.940908, -0.338662, 0.3, 0.0, 0.338662, 0.940908, 0.0, 0.0, 0.0, 0.0, 1.0],
                [1.0, -0.0, 0.0, 0.0, 0.0, 1.0, -0.0, 0.3, 0.0, -0.0, 1.0, 0.0, 0.0, 0.0, 0.0, 1.0],
                [1.0, -0.0, -0.0, 0.0, 0.0, 0.962162, 0.272476, 0.3, -0.0, -0.272476, 0.962162, -0.0, 0.0, 0.0, 0.0, 1.0],
                [1.0, -0.0, -0.0, -0.0, 0.0, 0.961401, 0.275151, 0.3, 0.0, -0.275152, 0.961401, -0.0, 0.0, 0.0, 0.0, 1.0]
            ]
        },
        {
            "name": "Head",
            "time": [0.0, 0.1, 0.1833, 0.3333, 0.75],
            "transform": [
                [0.999223, -0.002852, 0.039313, -0.0, -0.004154, 0.984206, 0.176979, 0.4, -0.039197, -0.177005, 0.983429, -0.0, 0.0, 0.0, 0.0, 1.0],
                [0.999971, 0.001242, 0.007577, -0.0, -0.003192, 0.964765, 0.263094, 0.4, -0.006983, -0.263111, 0.96474, -0.0, 0.0, 0.0, 0.0, 1.0],
                [1.0, -0.0, 0.0, -0.0, 0.0, 0.945294, -0.326219, 0.4, -0.0, 0.326219, 0.945294, -0.0, 0.0, 0.0, 0.0, 1.0],
                [1.0, -0.0, 0.0, -0.0, 0.0, 0.83374, -0.552156, 0.4, -0.0, 0.552156, 0.83374, 0.0, 0.0, 0.0, 0.0, 1.0],
                [1.0, 0.0, -0.0, -0.0, -0.0, 0.8318, -0.555075, 0.4, 0.0, 0.555075, 0.8318, -0.0, 0.0, 0.0, 0.0, 1.0]
            ]
        },
        {
            "name": "Shoulder_R",
            "time": [0.0, 0.1, 0.15, 0.1833, 0.3333, 0.75],