{
    "animation": [
        {
            "name": "Root",
            "time": [0.0, 0.1167, 0.2, 0.3, 0.6167],
            "transform": [
                [0.999988, 0.000268, -0.004942, -5e-06, -0.004946, 0.01736, -0.999837, 0.000946, -0.000182, 0.999849, 0.017361, 0.747762, 0.0, 0.0, 0.0, 1.0],
                [1.0, 0.0, 0.0, -5e-06, 0.0, 0.0, -1.0, 0.000946, 0.0, 1.0, 0.0, 0.763972, 0.0, 0.0, 0.0, 1.0],
                [1.0, 0.0, 0.0, -5e-06, 0.0, 0.391027, -0.920379, 0.000946, 0.0, 0.920379, 0.391027, 0.587479, 0.0, 0.0, 0.0, 1.0],
                [1.0, 0.0, 0.0, -5e-06, 0.0, 0.427436, -0.904046, 0.000946, 0.0, 0.904046, 0.427436, 0.569829, 0.0, 0.0, 0.0, 1.0],
                [1.0, 0.0, 0.0, -5e-06, 0.0, 0.427436, -0.904046, 0.000946, 0.0, 0.904046, 0.427436, 0.569829, 0.0, 0.0, 0.0, 1.0]
            ]
        },
        {
            "name": "Thigh_R",
            "time": [0.0, 0.1167, 0.2, 0.3, 0.6167],
            "transform": [
                [0.999925, 0.005529, 0.010837, 0.124994, 0.005535, -0.999982, -0.000457, -0.002831, 0.010834, 0.000518, -0.999942, -1.2e-05, 0.0, 0.0, 0.0, 1.0],
                [1.0, -0.0, -0.0, 0.124994, 0.0, -0.999998, 1e-06, -0.002831, -0.0, -0.0, -1.0, -1.2e-05, 0.0, 0.0, 0.0, 1.0],
                [0.994019, 0.09271, -0.057711, 0.127022, 0.102576, -0.61133, 0.784699, -0.003915, 0.03747, -0.785923, -0.617186, 0.001446, 0.0, 0.0, 0.0, 1.0],
                [0.9929, 0.098101, -0.067268, 0.127225, 0.109812, -0.538619, 0.835362, -0.004023, 0.045718, -0.836816, -0.54557, 0.001592, 0.0, 0.0, 0.0, 1.0],
                [0.9929, 0.098101, -0.067268, 0.127225, 0.109812, -0.538619, 0.835362, -0.004023, 0.045718, -0.836816, -0.54557, 0.001592, 0.0, 0.0, 0.0, 1.0]
            ]
        },
        {
            "name": "Leg_R",
            "time": [0.0, 0.1167, 0.2, 0.3, 0.6167],
            "transform": [
                [1.0, 0.000184, 5e-06, 0.0, -0.00018, 0.9667, 0.255916, 0.37472, 4.3e-05, -0.255916, 0.966698, 0.0, 0.0, 0.0, 0.0, 1.0],
                [1.0, 0.0002, 7e-06, -0.0, -0.000194, 0.961196, 0.275868, 0.37472, 4.8e-05, -0.275868, 0.961195, -0.0, 0.0, 0.0, 0.0, 1.0],
                [0.999999, 0.001036, -0.000921, -0.0, -0.000266, 0.795478, 0.605983, 0.37472, 0.001361, -0.605983, 0.795476, -0.0, 0.0, 0.0, 0.0, 1.0],
                [0.999999, 0.001137, -0.000995, 0.0, -0.000246, 0.772563, 0.634939, 0.37472, 0.00149, -0.634939, 0.772561, -0.0, 0.0, 0.0, 0.0, 1.0],
                [0.999999, 0.001137, -0.000995, 0.0, -0.000246, 0.772563, 0.634939, 0.37472, 0.00149, -0.634939, 0.772561, -0.0, 0.0, 0.0, 0.0, 1.0]
            ]
        },
        {
            "name": "Knee_R",
            "time": [0.0, 0.1167, 0.2, 0.3, 0.6167],
            "transform": [
                [1.0, 0.0, -0.0, 0.0, -0.0, 1e-06, -1.0, 0.37472, -0.0, 1.0, 1e-06, 0.0, 0.0, 0.0, 0.0, 1.0],
                [1.0, 0.0, -0.0, -0.0, -0.0, 1e-06, -1.0, 0.37472, -0.0, 1.0, 1e-06, -0.0, 0.0, 0.0, 0.0, 1.0],
                [1.0, 0.0, -0.0, -4.3e-05, -0.0, 1e-06, -1.0, 0.397406, -0.0, 1.0, 1e-06, -0.002063, 0.0, 0.0, 0.0, 1.0],
                [1.0, 0.0, -0.0, -4.8e-05, -0.0, 1e-06, -1.0, 0.399675, -0.0, 1.0, 1e-06, -0.00227, 0.0, 0.0, 0.0, 1.0],
                [1.0, 0.0, -0.0, -4.8e-05, -0.0, 1e-06, -1.0, 0.399675, -0.0, 1.0, 1e-06, -0.00227, 0.0, 0.0, 0.0, 1.0]
            ]
        },
        {
            "name": "Thigh_L",
            "time": [0.0, 0.1167, 0.2, 0.3, 0.6167],
            "transform": [
                [0.997469, -0.044403, -0.055523, -0.125006, -0.018785, -0.917827, 0.396535, -0.002831, -0.068568, -0.394488, -0.916339, -1.2e-05, 0.0, 0.0, 0.0, 1.0],
                [0.997585, -0.044978, -0.052931, -0.125006, -0.019689, -0.91389, 0.405483, -0.002831, -0.066611, -0.403461, -0.912569, -1.2e-05, 0.0, 0.0, 0.0, 1.0],
                [0.989427, -0.107824, 0.096998, -0.124975, -0.132328, -0.397398, 0.908055, -0.00192, -0.059364, -0.911289, -0.407465, 0.000319, 0.0, 0.0, 0.0, 1.0],
                [0.987713, -0.107623, 0.113312, -0.124971, -0.142949, -0.329207, 0.933374, -0.001828, -0.06315, -0.938104, -0.340548, 0.000352, 0.0, 0.0, 0.0, 1.0],
                [0.987713, -0.107623, 0.113312, -0.124971, -0.142949, -0.329207, 0.933374, -0.001828, -0.06315, -0.938104, -0.340548, 0.000352, 0.0, 0.0, 0.0, 1.0]
            ]
        },
        {
            "name": "Leg_L",
            "time": [0.0, 0.1167, 0.2, 0.3, 0.6167],
            "transform": [
                [0.999994, 0.00334, -0.001264, -0.0, -0.001252, 0.65944, 0.751756, 0.37472, 0.003345, -0.751749, 0.65944, -0.0, 0.0, 0.0, 0.0, 1.0],
                [0.999993, 0.00364, -0.001236, 0.0, -0.001224, 0.606261, 0.795265, 0.37472, 0.003644, -0.795257, 0.606261, -0.0, 0.0, 0.0, 0.0, 1.0],
                [0.999991, 0.004016, -0.001171, 0.0, -0.001157, 0.534664, 0.845064, 0.37472, 0.00402, -0.845055, 0.534664, 0.0, 0.0, 0.0, 0.0, 1.0],
                [0.999991, 0.004053, -0.001163, -0.0, -0.001149, 0.527355, 0.849644, 0.37472, 0.004057, -0.849635, 0.527356, -0.0, 0.0, 0.0, 0.0, 1.0],
                [0.999991, 0.004053, -0.001163, -0.0, -0.001149, 0.527355, 0.849644, 0.37472, 0.004057, -0.849635, 0.527356, -0.0, 0.0, 0.0, 0.0, 1.0]
            ]
        },
        {
            "name": "Knee_L",
            "time": [0.0, 0.1167, 0.2, 0.3, 0.6167],
            "transform": [
                [1.0, 0.0, -0.0, 0.0, -0.0, 1e-06, -1.0, 0.415717, -0.0, 1.0, 1e-06, -0.0, 0.0, 0.0, 0.0, 1.0],
                [1.0, 0.0, -0.0, 0.0, -0.0, 1e-06, -1.0, 0.419134, -0.0, 1.0, 1e-06, -0.0, 0.0, 0.0, 0.0, 1.0],
                [1.0, 0.0, -0.0, 0.0, -0.0, 1e-06, -1.0, 0.423542, -0.0, 1.0, 1e-06, -0.0, 0.0, 0.0, 0.0, 1.0],
                [1.0, 0.0, -0.0, 0.0, -0.0, 1e-06, -1.0, 0.423983, -0.0, 1.0, 1e-06, -0.0, 0.0, 0.0, 0.0, 1.0],
                [1.0, 0.0, -0.0, 0.0, -0.0, 1e-06, -1.0, 0.423983, -0.0, 1.0, 1e-06, -0.0, 0.0, 0.0, 0.0, 1.0]
            ]
        },
        {
            "name": "Torso",
            "time": [0.0, 0.1167, 0.2, 0.3, 0.6167],
            "transform": [
                [0.999904, -0.013857, -0.000155, 0.0, 0.01383, 0.998519, -0.052607, 0.05, 0.000883, 0.052599, 0.998615, 0.0, 0.0, 0.0, 0.0, 1.0],
                [0.999904, -0.013857, -0.000155, 0.0, 0.013824, 0.998172, -0.058841, 0.05, 0.00097, 0.058833, 0.998267, 0.0, 0.0, 0.0, 0.0, 1.0],
                [0.999999, -0.001259, -4.8e-05, 0.0, 0.001259, 0.999985, -0.005351, 0.05, 5.4e-05, 0.005351, 0.999986, 0.0, 0.0, 0.0, 0.0, 1.0],
                [1.0, 0.0, 0.0, 0.0, 0.0, 1.0, 0.0, 0.05, 0.0, 0.0, 1.0, 0.0, 0.0, 0.0, 0.0, 1.0],
                [1.0, 0.0, 0.0, 0.0, 0.0, 1.0, 0.0, 0.05, 0.0, 0.0, 1.0, 0.0, 0.0, 0.0, 0.0, 1.0]
            ]
        },
        {
            "name": "Chest",
            "time": [0.0, 0.1167, 0.2, 0.3, 0.6167],
            "transform": [
                [0.999999, -0.001525, -0.000828, 0.0, 0.001471, 0.998092, -0.061731, 0.3, 0.000921, 0.06173, 0.998092, 0.0, 0.0, 0.0, 0.0, 1.0],
                [1.0, -2.2e-05, -0.000947, -0.0, -4.3e-05, 0.997663, -0.06833, 0.3, 0.000947, 0.06833, 0.997662, 0.0, 0.0, 0.0, 0.0, 1.0],
                [1.0, 5e-06, -8.6e-05, -0.0, 3e-06, 0.996125, 0.087947, 0.3, 8.6e-05, -0.087947, 0.996125, -0.0, 0.0, 0.0, 0.0, 1.0],
                [1.0, 0.0, 0.0, 0.0, 0.0, 0.994629, 0.103503, 0.3, 0.0, -0.103504, 0.994629, -0.0, 0.0, 0.0, 0.0, 1.0],
                [1.0, 0.0, 0.0, 0.0, 0.0, 0.994629, 0.103503, 0.3, 0.0, -0.103504, 0.994629, -0.0, 0.0, 0.0, 0.0, 1.0]
            ]
        },
        {
            "name": "Head",
            "time": [0.0, 0.1167, 0.2, 0.3, 0.6167],