{
    "animation": [
        {
            "name": "Root",
            "time": [0.0, 0.1, 0.1833, 0.625],
            "transform": [
                [0.999801, -0.0, -0.019949, -5e-06, -0.019823, -0.112127, -0.993496, 0.006268, -0.002237, 0.993694, -0.112105, 0.764509, 0.0, 0.0, 0.0, 1.0],
                [0.850019, 0.004683, 0.526731, -5e-06, 0.523418, 0.10482, -0.845604, 0.904497, -0.059172, 0.99448, 0.086648, 0.69824, 0.0, 0.0, 0.0, 1.0],
                [0.826652, 0.0, 0.562713, -5e-06, 0.558608, 0.120564, -0.820622, 1.007694, -0.067843, 0.992705, 0.099665, 0.692983, 0.0, 0.0, 0.0, 1.0],
                [0.826652, 0.0, 0.562713, -5e-06, 0.558608, 0.120564, -0.820622, 1.007694, -0.067843, 0.992705, 0.099665, 0.692983, 0.0, 0.0, 0.0, 1.0]
            ]
        },
        {
            "name": "Thigh_R",
            "time": [0.0, 0.1, 0.1833, 0.625],
            "transform": [
                [0.997345, 0.022694, -0.069189, 0.124994, 0.057098, -0.833416, 0.549685, -0.002831, -0.045188, -0.552175, -0.832502, -1.2e-05, 0.0, 0.0, 0.0, 1.0],
                [0.854671, 0.367731, 0.366483, 0.124994, 0.005432, -0.712195, 0.701959, -0.002831, 0.51914, -0.597952, -0.610692, -1.2e-05, 0.0, 0.0, 0.0, 1.0],
                [0.830159, 0.39473, 0.39373, 0.124994, -0.003279, -0.702737, 0.711441, -0.002831, 0.557517, -0.591899, -0.582091, -1.2e-05, 0.0, 0.0, 0.0, 1.0],
                [0.830159, 0.39473, 0.39373, 0.124994, -0.003279, -0.702737, 0.711441, -0.002831, 0.557517, -0.591899, -0.582091, -1.2e-05, 0.0, 0.0, 0.0, 1.0]
            ]
        },
        {
            "name": "Leg_R",
            "time": [0.0, 0.1, 0.1833, 0.625],
            "transform": [
                [1.0, -1e-06, 1e-06, 0.0, -1e-06, 0.106507, 0.994311, 0.37472, -1e-06, -0.994313, 0.106507, -0.0, 0.0, 0.0, 0.0, 1.0],
                [1.0, -0.0, 1e-06, -0.0, -0.0, 0.738011, 0.674789, 0.37472, -1e-06, -0.67479, 0.738009, 0.0, 0.0, 0.0, 0.0, 1.0],
                [1.0, -0.0, 1e-06, 0.0, -0.0, 0.774721, 0.632303, 0.37472, -1e-06, -0.632304, 0.77472, -0.0, 0.0, 0.0, 0.0, 1.0],
                [1.0, -0.0, 1e-06, 0.0, -0.0, 0.774721, 0.632303, 0.37472, -1e-06, -0.632304, 0.77472, -0.0, 0.0, 0.0, 0.0, 1.0]
            ]
        },
        {
            "name": "Knee_R",
            "time": [0.0, 0.1, 0.1833, 0.625],
            "transform": [
                [1.0, 0.0, -0.0, 0.0, -0.0, 1e-06, -1.0, 0.465224, -0.0, 1.0, 1e-06, -0.0, 0.0, 0.0, 0.0, 1.0],
                [1.0, 0.0, -0.0, 0.0, -0.0, 1e-06, -1.0, 0.403813, -0.0, 1.0, 1e-06, -0.0, 0.0, 0.0, 0.0, 1.0],
                [1.0, 0.0, -0.0, 0.0, -0.0, 1e-06, -1.0, 0.401816, -0.0, 1.0, 1e-06, -0.0, 0.0, 0.0, 0.0, 1.0],
                [1.0, 0.0, -0.0, 0.0, -0.0, 1e-06, -1.0, 0.401816, -0.0, 1.0, 1e-06, -0.0, 0.0, 0.0, 0.0, 1.0]
            ]
        },
        {
            "name": "Thigh_L",
            "time": [0.0, 0.1, 0.1833, 0.625],
            "transform": [
                [0.99861, 5e-05, -0.0527, -0.125006, -0.004328, -0.996543, -0.082958, -0.002831, -0.052522, 0.083071, -0.995159, -1.2e-05, 0.0, 0.0, 0.0, 1.0],
                [0.984103, -0.152955, 0.09025, -0.125006, -0.127339, -0.961943, -0.241764, -0.002831, 0.123794, 0.226429, -0.966129, -1.2e-05, 0.0, 0.0, 0.0, 1.0],
                [0.981036, -0.165798, 0.100396, -0.125006, -0.135727, -0.957413, -0.254827, -0.002831, 0.138371, 0.236368, -0.961761, -1.2e-05, 0.0, 0.0, 0.0, 1.0],
                [0.981036, -0.165798, 0.100396, -0.125006, -0.135727, -0.957413, -0.254827, -0.002831, 0.138371, 0.236368, -0.961761, -1.2e-05, 0.0, 0.0, 0.0, 1.0]
            ]
        },
        {
            "name": "Leg_L",
            "time": [0.0, 0.1, 0.1833, 0.625],
            "transform": [
                [1.0, -0.0, 1e-06, 0.0, 0.0, 0.995705, 0.09258, 0.37472, -1e-06, -0.09258, 0.995706, -0.0, 0.0, 0.0, 0.0, 1.0],
                [1.0, -0.0, 1e-06, -0.0, 0.0, 0.999877, 0.015655, 0.37472, -1e-06, -0.015655, 0.999878, -0.0, 0.0, 0.0, 0.0, 1.0],
                [1.0, 0.0, 1e-06, -0.0, -0.0, 0.999954, 0.009543, 0.37472, -1e-06, -0.009543, 0.999955, -0.0, 0.0, 0.0, 0.0, 1.0],
                [1.0, 0.0, 1e-06, -0.0, -0.0, 0.999954, 0.009543, 0.37472, -1e-06, -0.009543, 0.999955, -0.0, 0.0, 0.0, 0.0, 1.0]
            ]
        },
        {
            "name": "Knee_L",
            "time": [0.0, 0.1, 0.625],
            "transform": [
                [1.0, 0.0, -0.0, 0.0, -0.0, 1e-06, -1.0, 0.37472, -0.0, 1.0, 1e-06, -0.0, 0.0, 0.0, 0.0, 1.0],
                [1.0, 0.0, -0.0, -1e-06, -0.0, 1e-06, -1.0, 0.374871, -0.0, 1.0, 1e-06, -0.000824, 0.0, 0.0, 0.0, 1.0],
                [1.0, 0.0, -0.0, -1e-06, -0.0, 1e-06, -1.0, 0.374871, -0.0, 1.0, 1e-06, -0.000824, 0.0, 0.0, 0.0, 1.0]
            ]
        },
        {
            "name": "Torso",
            "time": [0.0, 0.1, 0.625],
            "transform": [
                [0.99978, -0.020971, -0.000197, -0.0, 0.020971, 0.999603, 0.018833, 0.05, -0.000198, -0.018833, 0.999822, 0.0, 0.0, 0.0, 0.0, 1.0],
                [0.99978, -0.020971, -0.000197, 0.0, 0.020971, 0.999603, 0.01883, 0.05, -0.000198, -0.01883, 0.999822, -0.0, 0.0, 0.0, 0.0, 1.0],
                [0.99978, -0.020971, -0.000197, -0.0, 0.020971, 0.999603, 0.01883, 0.05, -0.000198, -0.01883, 0.999823, -0.0, 0.0, 0.0, 0.0, 1.0]
            ]
        },
        {
            "name": "Chest",
            "time": [0.0, 0.1, 0.1833, 0.625],
            "transform": [
                [0.95914, -0.025664, -0.281766, -0.0, 0.02718, 0.99963, 0.001471, 0.3, 0.281624, -0.00907, 0.959482, -0.0, 0.0, 0.0, 0.0, 1.0],
                [0.98918, -0.093439, 0.113102, -0.0, 0.08155, 0.991066, 0.105534, 0.3, -0.121953, -0.095169, 0.987963, -0.0, 0.0, 0.0, 0.0, 1.0],
                [0.984511, -0.100131, 0.143915, -0.0, 0.083942, 0.989873, 0.114483, 0.3, -0.153921, -0.10063, 0.982946, 0.0, 0.0, 0.0, 0.0, 1.0],
                [0.984511, -0.100131, 0.143915, 0.0, 0.083942, 0.989872, 0.114483, 0.3, -0.153921, -0.10063, 0.982946, -0.0, 0.0, 0.0, 0.0, 1.0]
            ]
        },
        {
            "name": "Head",
            "time": [0.0, 0.1, 0.1833, 0.625],
            "transform": [
                [0.952638, 0.009742, 0.30395, -0.0, -0.040467, 0.994659, 0.09495, 0.4, -0.301402, -0.102753, 0.947944, -0.0, 0.0, 0.0, 0.0, 1.0],
                [0.775369, 0.030571, -0.630768, 0.0, -0.153933, 0.977849, -0.141829, 0.4, 0.61246, 0.207066, 0.7629, 0.0, 0.0, 0.0, 0.0, 1.0],
                [0.726322, 0.019466, -0.687079, 0.0, -0.17091, 0.973319, -0.153096, 0.4, 0.665768, 0.228626, 0.71027, -0.0, 0.0, 0.0, 0.0, 1.0],
                [0.726322, 0.019466, -0.687079, 0.0, -0.17091, 0.97332, -0.153096, 0.4, 0.665768, 0.228626, 0.71027, 0.0, 0.0, 0.0, 0.0, 1.0]
            ]
        },
        {
            "name": "Shoulder_R",
            "time": [0.0, 0.1, 0.1833, 0.625],
            "transform": [
                [-0.347664, 0.870713, 0.347833, -0.0, 0.049678, -0.353348, 0.934172, 0.4, 0.936302, 0.342058, 0.079591, -0.0, 0.0, 0.0, 0.0, 1.0],
                [0.618077, 0.764372, 0.183615, 0.0, -0.029147, -0.211129, 0.977023, 0.4, 0.785576, -0.609228, -0.108215, 0.0, 0.0, 0.0, 0.0, 1.0],
                [0.677314, 0.717057, 0.164547, 0.0, -0.0283, -0.198102, 0.979773, 0.4, 0.73515, -0.66827, -0.113885, -0.0, 0.0, 0.0, 0.0, 1.0],
                [0.677314, 0.717057, 0.164547, 0.0, -0.0283, -0.198102, 0.979773, 0.4, 0.73515, -0.66827, -0.113885, 0.0, 0.0, 0.0, 0.0, 1.0]
            ]
        },
        {
            "name": "Arm_R",
            "time": [0.0, 0.1, 0.1833, 0.625],