{
    "animation": [
        {
            "name": "Root",
            "time": [0.0, 0.1, 0.1833, 0.3333, 0.6],
            "transform": [
                [0.693915, -0.002107, -0.720054, -5e-06, -0.678905, -0.335133, -0.653279, 0.524422, -0.239938, 0.942168, -0.233984, 0.607598, 0.0, 0.0, 0.0, 1.0],
                [0.693915, -0.002107, -0.720054, -5e-06, -0.688838, -0.2932, -0.662975, 0.800057, -0.209723, 0.956049, -0.204907, 0.607598, 0.0, 0.0, 0.0, 1.0],
                [0.948067, 0.070393, 0.310184, -5e-06, 0.226746, 0.534325, -0.814299, 1.873084, -0.22306, 0.842343, 0.490614, 0.607598, 0.0, 0.0, 0.0, 1.0],
                [0.890664, 0.00049, 0.454663, -5e-06, 0.355137, 0.623658, -0.696369, 2.00214, -0.283895, 0.781698, 0.555295, 0.607598, 0.0, 0.0, 0.0, 1.0],
                [0.890664, 0.00049, 0.454663, -5e-06, 0.355137, 0.623658, -0.696369, 2.00214, -0.283895, 0.781698, 0.555295, 0.607598, 0.0, 0.0, 0.0, 1.0]
            ]
        },
        {
            "name": "Thigh_R",
            "time": [0.0, 0.1, 0.15, 0.1833, 0.25, 0.6],
            "transform": [
                [0.698398, 0.715439, 0.01963, 0.124994, 0.698982, -0.675921, -0.233564, -0.002831, -0.153833, 0.176842, -0.972143, -1.2e-05, 0.0, 0.0, 0.0, 1.0],
                [0.709835, 0.66685, 0.22681, 0.124994, 0.687082, -0.584633, -0.431418, -0.002831, -0.155091, 0.462072, -0.873176, -1.2e-05, 0.0, 0.0, 0.0, 1.0],
                [0.917061, 0.3762, 0.132177, 0.141625, 0.087351, -0.512967, 0.853952, -0.002822, 0.38906, -0.771579, -0.503285, 0.008477, 0.0, 0.0, 0.0, 1.0],
                [0.951435, 0.275856, -0.136649, 0.153994, 0.042654, 0.321477, 0.945956, -0.002815, 0.304878, -0.905843, 0.294099, 0.014791, 0.0, 0.0, 0.0, 1.0],
                [0.885546, 0.464275, -0.016009, 0.158648, -0.051336, 0.132051, 0.989913, -0.002812, 0.461706, -0.87579, 0.140771, 0.017168, 0.0, 0.0, 0.0, 1.0],
                [0.885546, 0.464275, -0.016009, 0.158648, -0.051336, 0.132051, 0.989913, -0.002812, 0.461706, -0.87579, 0.140771, 0.017167, 0.0, 0.0, 0.0, 1.0]
            ]
        },
        {
            "name": "Leg_R",
            "time": [0.0, 0.1, 0.15, 0.1833, 0.25, 0.6],
            "transform": [
                [1.0, -0.0, 1e-06, 0.0, -0.0, 0.794446, 0.607335, 0.37472, -1e-06, -0.607336, 0.794445, 0.0, 0.0, 0.0, 0.0, 1.0],
                [1.0, 0.0, 1e-06, 0.0, -0.0, 0.989002, 0.147906, 0.37472, -0.0, -0.147906, 0.989001, -0.0, 0.0, 0.0, 0.0, 1.0],
                [1.0, -1e-06, 0.0, 0.0, -0.0, -0.108621, 0.994082, 0.37472, -1e-06, -0.994084, -0.108621, 0.0, 0.0, 0.0, 0.0, 1.0],
                [1.0, -1e-06, 0.0, 0.0, -0.0, -0.122257, 0.992498, 0.37472, -1e-06, -0.992499, -0.122257, -0.0, 0.0, 0.0, 0.0, 1.0],
                [1.0, -1e-06, 1e-06, -0.0, -0.0, 0.468932, 0.883234, 0.37472, -1e-06, -0.883235, 0.468932, -0.0, 0.0, 0.0, 0.0, 1.0],
                [1.0, -1e-06, 1e-06, 0.0, -0.0, 0.468932, 0.883234, 0.37472, -1e-06, -0.883235, 0.468931, 0.0, 0.0, 0.0, 0.0, 1.0]
            ]
        },
        {
            "name": "Knee_R",
            "time": [0.0, 0.1, 0.15, 0.1833, 0.25, 0.6],
            "transform": [
                [1.0, 0.0, -0.0, 0.0, -0.0, 1e-06, -1.0, 0.397283, -0.0, 1.0, 1e-06, 0.0, 0.0, 0.0, 0.0, 1.0],
                [1.0, 0.0, -0.0, -0.0, -0.0, 1e-06, -1.0, 0.37472, -0.0, 1.0, 1e-06, 0.0, 0.0, 0.0, 0.0, 1.0],
                [1.0, 0.0, -0.0, 0.0, -0.0, 1e-06, -1.0, 0.47972, -0.0, 1.0, 1e-06, 0.0, 0.0, 0.0, 0.0, 1.0],
                [1.0, 0.0, -0.0, 0.0, -0.0, 1e-06, -1.0, 0.47972, -0.0, 1.0, 1e-06, -0.0, 0.0, 0.0, 0.0, 1.0],
                [1.0, 0.0, -0.0, 0.0, -0.0, 1e-06, -1.0, 0.435894, -0.0, 1.0, 1e-06, -0.0, 0.0, 0.0, 0.0, 1.0],
                [1.0, 0.0, -0.0, 0.0, -0.0, 1e-06, -1.0, 0.435895, -0.0, 1.0, 1e-06, 0.0, 0.0, 0.0, 0.0, 1.0]
            ]
        },
        {
            "name": "Thigh_L",
            "time": [0.0, 0.1, 0.15, 0.1833, 0.3333, 0.6],
            "transform": [
                [0.722216, -0.361704, -0.589553, -0.125006, -0.0327, -0.869269, 0.493257, -0.00283, -0.690893, -0.33696, -0.639628, -1.1e-05, 0.0, 0.0, 0.0, 1.0],
                [0.696417, -0.409822, -0.589109, -0.125007, -0.026783, -0.835171, 0.549337, -0.00283, -0.717137, -0.36679, -0.592604, -1.1e-05, 0.0, 0.0, 0.0, 1.0],
                [0.962389, 0.099327, -0.252865, -0.125007, 0.174814, -0.938887, 0.296533, -0.002831, -0.207958, -0.329584, -0.920938, -1.2e-05, 0.0, 0.0, 0.0, 1.0],
                [0.967377, 0.0925, 0.23585, -0.125006, 0.08796, -0.99568, 0.029724, -0.002831, 0.23758, -0.008008, -0.971334, -1.1e-05, 0.0, 0.0, 0.0, 1.0],
                [0.929215, 0.101231, 0.355403, -0.125007, 0.020333, -0.974296, 0.224352, -0.00283, 0.368979, -0.201245, -0.907389, -1.2e-05, 0.0, 0.0, 0.0, 1.0],
                [0.928792, 0.101414, 0.356454, -0.125007, 0.020237, -0.974274, 0.224457, -0.00283, 0.370047, -0.20126, -0.90695, -1.2e-05, 0.0, 0.0, 0.0, 1.0]
            ]
        },
        {
            "name": "Leg_L",
            "time": [0.0, 0.1, 0.15, 0.1833, 0.3333, 0.6],
            "transform": [
                [1.0, -1e-06, 1e-06, 0.0, -0.0, 0.797989, 0.602672, 0.37472, -1e-06, -0.602672, 0.79799, -0.0, 0.0, 0.0, 0.0, 1.0],
                [1.0, -1e-06, 1e-06, -0.0, -0.0, 0.486387, 0.873744, 0.37472, -1e-06, -0.873743, 0.486387, -0.0, 0.0, 0.0, 0.0, 1.0],
                [1.0, -1e-06, 1e-06, 0.0, -0.0, 0.537681, 0.843149, 0.37472, -1e-06, -0.843148, 0.537681, 0.0, 0.0, 0.0, 0.0, 1.0],
                [1.0, -0.0, 1e-06, 0.0, -0.0, 0.984798, 0.1737, 0.37472, -1e-06, -0.1737, 0.984799, 0.0, 0.0, 0.0, 0.0, 1.0],
                [1.0, -0.0, 1e-06, -0.0, -0.0, 0.959442, 0.281903, 0.37472, -1e-06, -0.281903, 0.959443, -0.0, 0.0, 0.0, 0.0, 1.0],
                [1.0, 0.0, 1e-06, -0.0, -0.0, 0.95943, 0.281945, 0.37472, -1e-06, -0.281945, 0.959431, -0.0, 0.0, 0.0, 0.0, 1.0]
            ]
        },
        {
            "name": "Knee_L",
            "time": [0.0, 0.1, 0.15, 0.1833, 0.3333, 0.6],
            "transform": [
                [1.0, 0.0, -0.0, 0.0, -0.0, 1e-06, -1.0, 0.396757, -0.0, 1.0, 1e-06, -0.0, 0.0, 0.0, 0.0, 1.0],
                [1.0, 0.0, -0.0, 0.0, -0.0, 1e-06, -1.0, 0.43411, -0.0, 1.0, 0.0, -0.0, 0.0, 0.0, 0.0, 1.0],
                [1.0, 0.0, -0.0, 0.0, -0.0, 1e-06, -1.0, 0.428747, -0.0, 1.0, 1e-06, 0.0, 0.0, 0.0, 0.0, 1.0],
                [1.0, 0.0, -0.0, 0.0, -0.0, 1e-06, -1.0, 0.37472, -0.0, 1.0, 1e-06, -0.0, 0.0, 0.0, 0.0, 1.0],
                [1.0, 0.0, -0.0, 0.0, -0.0, 1e-06, -1.0, 0.37472, -0.0, 1.0, 1e-06, -0.0, 0.0, 0.0, 0.0, 1.0],
                [1.0, 0.0, -0.0, -0.0, -0.0, 1e-06, -1.0, 0.37472, -0.0, 1.0, 1e-06, 0.0, 0.0, 0.0, 0.0, 1.0]
            ]
        },
        {
            "name": "Torso",
            "time": [0.0, 0.1833, 0.6],
            "transform": [
                [1.0, -0.0, -0.0, 0.0, -0.0, 1.0, -0.0, 0.05, -0.0, -0.0, 1.0, 0.0, 0.0, 0.0, 0.0, 1.0],
                [1.0, 0.0, 0.0, -0.0, -0.0, 1.0, -0.0, 0.05, 0.0, -0.0, 1.0, -0.0, 0.0, 0.0, 0.0, 1.0],
                [1.0, -0.0, 0.0, 0.0, 0.0, 1.0, -0.0, 0.05, -0.0, 0.0, 1.0, -0.0, 0.0, 0.0, 0.0, 1.0]
            ]
        },
        {
            "name": "Chest",
            "time": [0.0, 0.1833, 0.25, 0.6],
            "transform": [
                [0.979636, -0.199878, -0.01904, -0.0, 0.199763, 0.960724, 0.192627, 0.3, -0.020209, -0.192507, 0.981088, 0.0, 0.0, 0.0, 0.0, 1.0],
                [0.999968, -0.007975, -7e-06, 0.0, 0.007974, 0.999939, 0.007674, 0.3, -5.4e-05, -0.007674, 0.999971, 0.0, 0.0, 0.0, 0.0, 1.0],
                [1.0, 0.0, 0.0, -0.0, -0.0, 1.0, 0.0, 0.3, -0.0, 0.0, 1.0, 0.0, 0.0, 0.0, 0.0, 1.0],
                [1.0, 0.0, -0.0, -0.0, -0.0, 1.0, -0.0, 0.3, -0.0, 0.0, 1.0, -0.0, 0.0, 0.0, 0.0, 1.0]
            ]
        },
        {
            "name": "Head",
            "time": [0.0, 0.1, 0.1833, 0.25, 0.6],