{
    "animation": [
        {
            "name": "Root",
            "time": [0.0, 0.1, 0.2, 0.625],
            "transform": [
                [0.995303, 0.0, -0.096805, -5e-06, -0.096647, -0.057125, -0.993678, 0.14568, -0.00553, 0.998367, -0.056857, 0.76494, 0.0, 0.0, 0.0, 1.0],
                [0.528875, 0.002791, 0.848695, -5e-06, 0.842469, 0.119223, -0.525387, 0.882863, -0.10265, 0.992864, 0.060703, 0.731223, 0.0, 0.0, 0.0, 1.0],
                [0.488732, 0.0, 0.872434, -5e-06, 0.865503, 0.125803, -0.484849, 0.998496, -0.109755, 0.992055, 0.061484, 0.729003, 0.0, 0.0, 0.0, 1.0],
                [0.488732, 0.0, 0.872434, -5e-06, 0.865503, 0.125803, -0.484849, 0.998496, -0.109755, 0.992055, 0.061484, 0.729003, 0.0, 0.0, 0.0, 1.0]
            ]
        },
        {
            "name": "Thigh_R",
            "time": [0.0, 0.1, 0.625],
            "transform": [
                [0.998551, 0.026479, -0.046847, 0.124994, 0.034535, -0.982964, 0.180515, -0.002831, -0.041269, -0.18187, -0.982456, -1.2e-05, 0.0, 0.0, 0.0, 1.0],
                [0.46035, 0.525642, 0.715387, 0.153254, -0.003737, -0.804697, 0.593672, -0.002831, 0.887729, -0.275969, -0.368479, 0.050436, 0.0, 0.0, 0.0, 1.0],
                [0.460349, 0.525642, 0.715387, 0.153254, -0.003737, -0.804697, 0.593672, -0.002831, 0.887729, -0.27597, -0.368479, 0.050436, 0.0, 0.0, 0.0, 1.0]
            ]
        },
        {
            "name": "Leg_R",
            "time": [0.0, 0.1, 0.2, 0.625],
            "transform": [
                [1.0, -1e-06, 1e-06, -0.0, -1e-06, 0.543373, 0.839491, 0.37472, -1e-06, -0.839492, 0.543372, 0.0, 0.0, 0.0, 0.0, 1.0],
                [1.0, 0.0, 1e-06, -0.0, -0.0, 0.861884, 0.507106, 0.37472, -1e-06, -0.507107, 0.861883, -0.0, 0.0, 0.0, 0.0, 1.0],
                [0.999991, -0.001747, 0.003857, 0.0, -0.00034, 0.874804, 0.484478, 0.37472, -0.004221, -0.484475, 0.874794, -0.0, 0.0, 0.0, 0.0, 1.0],
                [0.999991, -0.001747, 0.003857, 0.0, -0.00034, 0.874804, 0.484478, 0.37472, -0.004221, -0.484475, 0.874794, -0.0, 0.0, 0.0, 0.0, 1.0]
            ]
        },
        {
            "name": "Knee_R",
            "time": [0.0, 0.1, 0.2, 0.625],
            "transform": [
                [1.0, 0.0, -0.0, 0.0, -0.0, 1e-06, -1.0, 0.420355, -0.0, 1.0, 1e-06, 0.0, 0.0, 0.0, 0.0, 1.0],
                [1.0, 0.0, -0.0, 0.0, -0.0, 1e-06, -1.0, 0.390194, -0.0, 1.0, 1e-06, -0.0, 0.0, 0.0, 0.0, 1.0],
                [1.0, 0.0, -0.0, -7e-06, -0.0, 1e-06, -1.0, 0.387497, -0.0, 1.0, 1e-06, -0.000756, 0.0, 0.0, 0.0, 1.0],
                [1.0, 0.0, -0.0, -7e-06, -0.0, 1e-06, -1.0, 0.387497, -0.0, 1.0, 1e-06, -0.000756, 0.0, 0.0, 0.0, 1.0]
            ]
        },
        {
            "name": "Thigh_L",
            "time": [0.0, 0.1, 0.625],
            "transform": [
                [0.995461, 0.007833, -0.094845, -0.125006, -0.000676, -0.995999, -0.08936, -0.002831, -0.095166, 0.089019, -0.991473, -1.2e-05, 0.0, 0.0, 0.0, 1.0],
                [0.787669, -0.156717, 0.595833, -0.132071, -0.066923, -0.983148, -0.170119, -0.002831, 0.612453, 0.094123, -0.784883, -0.012624, 0.0, 0.0, 0.0, 1.0],
                [0.787669, -0.156717, 0.595833, -0.132071, -0.066923, -0.983148, -0.170119, -0.002831, 0.612453, 0.094123, -0.784883, -0.012624, 0.0, 0.0, 0.0, 1.0]
            ]
        },
        {
            "name": "Leg_L",
            "time": [0.0, 0.1, 0.2, 0.625],
            "transform": [
                [1.0, -0.0, 1e-06, 0.0, 0.0, 0.999945, 0.010433, 0.37472, -1e-06, -0.010433, 0.999946, -0.0, 0.0, 0.0, 0.0, 1.0],
                [1.0, 0.0, 1e-06, 0.0, -0.0, 0.999945, 0.010427, 0.37472, -1e-06, -0.010427, 0.999946, -0.0, 0.0, 0.0, 0.0, 1.0],
                [1.0, 0.0, 1e-06, 0.0, -0.0, 0.999947, 0.010306, 0.37472, -1e-06, -0.010306, 0.999947, 0.0, 0.0, 0.0, 0.0, 1.0],
                [1.0, 0.0, 1e-06, 0.0, -0.0, 0.999947, 0.010306, 0.37472, -1e-06, -0.010306, 0.999947, 0.0, 0.0, 0.0, 0.0, 1.0]
            ]
        },
        {
            "name": "Knee_L",
            "time": [0.0, 0.1, 0.2, 0.625],
            "transform": [
                [1.0, 0.0, -0.0, -1e-06, -0.0, 1e-06, -1.0, 0.374871, -0.0, 1.0, 1e-06, -0.000824, 0.0, 0.0, 0.0, 1.0],
                [1.0, 0.0, -0.0, -0.0, -0.0, 1e-06, -1.0, 0.374756, -0.0, 1.0, 1e-06, -0.000199, 0.0, 0.0, 0.0, 1.0],
                [1.0, 0.0, -0.0, -0.0, -0.0, 1e-06, -1.0, 0.37474, -0.0, 1.0, 1e-06, -0.000108, 0.0, 0.0, 0.0, 1.0],
                [1.0, 0.0, -0.0, -0.0, -0.0, 1e-06, -1.0, 0.37474, -0.0, 1.0, 1e-06, -0.000108, 0.0, 0.0, 0.0, 1.0]
            ]
        },
        {
            "name": "Torso",
            "time": [0.0, 0.1, 0.625],
            "transform": [
                [1.0, 0.0, -0.0, 0.0, 0.0, 1.0, 0.0, 0.05, 0.0, -0.0, 1.0, -0.0, 0.0, 0.0, 0.0, 1.0],
                [0.99978, -0.020971, -0.000197, 0.0, 0.020971, 0.999603, 0.01883, 0.05, -0.000198, -0.01883, 0.999822, 0.0, 0.0, 0.0, 0.0, 1.0],
                [0.99978, -0.020971, -0.000197, -0.0, 0.020971, 0.999603, 0.01883, 0.05, -0.000198, -0.01883, 0.999823, -0.0, 0.0, 0.0, 0.0, 1.0]
            ]
        },
        {
            "name": "Chest",
            "time": [0.0, 0.1, 0.2, 0.625],
            "transform": [
                [1.0, 0.0, -0.0, 0.0, 0.0, 1.0, 0.0, 0.3, 0.0, -0.0, 1.0, -0.0, 0.0, 0.0, 0.0, 1.0],
                [0.999999, -0.001323, -1e-06, 0.0, 0.001323, 0.999999, 0.001145, 0.3, -1e-06, -0.001145, 0.999999, -0.0, 0.0, 0.0, 0.0, 1.0],
                [1.0, -0.0, -0.0, 0.0, -0.0, 1.0, -0.0, 0.3, 0.0, 0.0, 1.0, -0.0, 0.0, 0.0, 0.0, 1.0],
                [1.0, -0.0, -0.0, 0.0, 0.0, 1.0, -0.0, 0.3, 0.0, 0.0, 1.0, 0.0, 0.0, 0.0, 0.0, 1.0]
            ]
        },
        {
            "name": "Head",
            "time": [0.0, 0.1, 0.2, 0.625],
            "transform": [
                [0.987682, 0.024179, 0.154594, 0.0, -0.031639, 0.998441, 0.045978, 0.4, -0.153242, -0.050303, 0.986908, -0.0, 0.0, 0.0, 0.0, 1.0],
                [0.544751, -0.083193, -0.834461, 0.0, -0.030063, 0.99249, -0.118574, 0.4, 0.838059, 0.08968, 0.538159, -0.0, 0.0, 0.0, 0.0, 1.0],
                [0.497658, -0.090772, -0.862611, 0.0, -0.031974, 0.991913, -0.122824, 0.4, 0.866784, 0.088705, 0.490732, 0.0, 0.0, 0.0, 0.0, 1.0],
                [0.497658, -0.090772, -0.862611, 0.0, -0.031974, 0.991913, -0.122824, 0.4, 0.866784, 0.088705, 0.490732, 0.0, 0.0, 0.0, 0.0, 1.0]
            ]
        },
        {
            "name": "Shoulder_R",
            "time": [0.0, 0.1, 0.2, 0.625],
            "transform": [
                [0.089554, 0.949274, 0.301429, 0.0, -0.003661, -0.302329, 0.953197, 0.4, 0.995975, -0.086466, -0.0236, -0.0, 0.0, 0.0, 0.0, 1.0],
                [0.585138, 0.776343, 0.234318, 0.0, -0.017628, -0.276704, 0.960793, 0.4, 0.810742, -0.566327, -0.148225, -0.0, 0.0, 0.0, 0.0, 1.0],
                [0.613028, 0.756518, 0.227767, 0.0, -0.018015, -0.27483, 0.961324, 0.4, 0.789856, -0.593421, -0.15485, 0.0, 0.0, 0.0, 0.0, 1.0],
                [0.613028, 0.756518, 0.227767, 0.0, -0.018015, -0.27483, 0.961324, 0.4, 0.789856, -0.593421, -0.15485, 0.0, 0.0, 0.0, 0.0, 1.0]
            ]
        },
        {
            "name": "Arm_R",
            "time": [0.0, 0.1, 0.2, 0.625],
            "transform": [
                [-0.402496, 0.244643, -0.882126, 0.0, 0.718227, 0.681864, -0.138609, 0.393861, 0.567581, -0.689356, -0.450156, 0.0, 0.0, 0.0, 0.0, 1.0],
                [-0.2123, -0.936694, 0.278448, 0.0, 0.846272, -0.318711, -0.426905, 0.393861, 0.488624, 0.145011, 0.860359, 0.0, 0.0, 0.0, 0.0, 1.0],
                [-0.201798, -0.890336, 0.408143, 0.0, 0.816071, -0.38327, -0.432588, 0.393861, 0.541578, 0.245778, 0.80392, -0.0, 0.0, 0.0, 0.0, 1.0],
                [-0.201798, -0.890336, 0.408143, 0.0, 0.816071, -0.38327, -0.432588, 0.393861, 0.541578, 0.245778, 0.80392, -0.0, 0.0, 0.0, 0.0, 1.0]
            ]
        },
        {
            "name": "Hand_R",
            "time": [0.0, 0.1, 0.2, 0.625],