{
    "animation": [
        {
            "name": "Root",
            "time": [0.0, 0.1, 0.1833, 0.3333, 0.6],
            "transform": [
                [0.969101, -0.065062, -0.23793, -5e-06, -0.240424, -0.033533, -0.970089, 0.006268, 0.055138, 0.997318, -0.048139, 0.651084, 0.0, 0.0, 0.0, 1.0],
                [0.914993, -0.029986, -0.402354, -5e-06, -0.403456, -0.076347, -0.911808, 0.244943, -0.003377, 0.99663, -0.081955, 0.730981, 0.0, 0.0, 0.0, 1.0],
                [0.321728, 0.035182, 0.946178, -5e-06, 0.939135, 0.1153, -0.323621, 1.132394, -0.12048, 0.992707, 0.004054, 0.640087, 0.0, 0.0, 0.0, 1.0],
                [0.304237, 0.024738, 0.952275, -5e-06, 0.945281, 0.115808, -0.305011, 1.132394, -0.117826, 0.992964, 0.011849, 0.640087, 0.0, 0.0, 0.0, 1.0],
                [0.304237, 0.024738, 0.952275, -5e-06, 0.945281, 0.115808, -0.305011, 1.132394, -0.117826, 0.992964, 0.011849, 0.640087, 0.0, 0.0, 0.0, 1.0]
            ]
        },
        {
            "name": "Thigh_R",
            "time": [0.0, 0.1, 0.1833, 0.3333, 0.6],
            "transform": [
                [0.564976, 0.468629, 0.679109, 0.124994, 0.237764, -0.880606, 0.409875, -0.002831, 0.790108, -0.0701, -0.608946, -1.2e-05, 0.0, 0.0, 0.0, 1.0],
                [0.759933, 0.612979, 0.216234, 0.124994, 0.495507, -0.761616, 0.417626, -0.002831, 0.420683, -0.21022, -0.882515, -1.2e-05, 0.0, 0.0, 0.0, 1.0],
                [0.322696, 0.805779, 0.496573, 0.141047, 0.046874, -0.537598, 0.841896, -0.000433, 0.945341, -0.248399, -0.211253, 0.047427, 0.0, 0.0, 0.0, 1.0],
                [0.342226, 0.801316, 0.490684, 0.141047, 0.063641, -0.540783, 0.83875, -0.000433, 0.93746, -0.255812, -0.236069, 0.047427, 0.0, 0.0, 0.0, 1.0],
                [0.342226, 0.801316, 0.490684, 0.141047, 0.063641, -0.540783, 0.83875, -0.000433, 0.93746, -0.255812, -0.236069, 0.047427, 0.0, 0.0, 0.0, 1.0]
            ]
        },
        {
            "name": "Leg_R",
            "time": [0.0, 0.1, 0.1833, 0.3333, 0.6],
            "transform": [
                [1.0, -0.0, 0.0, 0.0, -1e-06, 0.345903, 0.938271, 0.37472, -1e-06, -0.938271, 0.345902, -0.0, 0.0, 0.0, 0.0, 1.0],
                [1.0, -1e-06, 0.0, -0.0, -0.0, 0.355321, 0.934745, 0.37472, -1e-06, -0.934745, 0.35532, -0.0, 0.0, 0.0, 0.0, 1.0],
                [1.0, -1e-06, 1e-06, -0.0, -0.0, 0.601012, 0.799241, 0.37472, -0.0, -0.799243, 0.601007, 0.0, 0.0, 0.0, 0.0, 1.0],
                [1.0, -1e-06, 1e-06, 0.0, -0.0, 0.600944, 0.799293, 0.37472, -0.0, -0.799294, 0.60094, 0.0, 0.0, 0.0, 0.0, 1.0],
                [1.0, -1e-06, 1e-06, 0.0, -0.0, 0.600944, 0.799293, 0.37472, -0.0, -0.799294, 0.60094, 0.0, 0.0, 0.0, 0.0, 1.0]
            ]
        },
        {
            "name": "Knee_R",
            "time": [0.0, 0.1, 0.1833, 0.3333, 0.6],
            "transform": [
                [1.0, 0.0, -0.0, 0.0, -0.0, 1e-06, -1.0, 0.448006, -0.0, 1.0, 1e-06, -0.0, 0.0, 0.0, 0.0, 1.0],
                [1.0, 0.0, -0.0, 0.0, -0.0, 1e-06, -1.0, 0.447103, -0.0, 1.0, 1e-06, 0.0, 0.0, 0.0, 0.0, 1.0],
                [1.0, 0.0, -0.0, -0.0, -0.0, 1e-06, -1.0, 0.421826, -0.0, 1.0, 1e-06, -0.0, 0.0, 0.0, 0.0, 1.0],
                [1.0, 0.0, -0.0, -0.0, -0.0, 1e-06, -1.0, 0.421833, -0.0, 1.0, 1e-06, -0.0, 0.0, 0.0, 0.0, 1.0],
                [1.0, 0.0, -0.0, -0.0, -0.0, 1e-06, -1.0, 0.421833, -0.0, 1.0, 1e-06, -0.0, 0.0, 0.0, 0.0, 1.0]
            ]
        },
        {
            "name": "Thigh_L",
            "time": [0.0, 0.1, 0.1833, 0.3333, 0.6],
            "transform": [
                [0.972526, -0.190095, -0.134376, -0.125006, -0.039978, -0.705041, 0.708037, -0.002831, -0.229335, -0.683211, -0.693273, -1.2e-05, 0.0, 0.0, 0.0, 1.0],
                [0.914832, -0.16354, -0.369236, -0.125006, -0.032666, -0.941302, 0.335977, -0.002831, -0.402508, -0.295299, -0.866478, -1.2e-05, 0.0, 0.0, 0.0, 1.0],
                [0.837467, -0.450383, -0.309519, -0.125006, -0.351124, -0.877461, 0.32676, -0.00283, -0.418758, -0.164969, -0.892987, -1.1e-05, 0.0, 0.0, 0.0, 1.0],
                [0.838515, -0.453109, -0.302628, -0.125006, -0.346032, -0.871853, 0.346598, -0.00283, -0.420894, -0.185907, -0.887855, -1.2e-05, 0.0, 0.0, 0.0, 1.0],
                [0.838515, -0.453109, -0.302628, -0.125006, -0.346032, -0.871853, 0.346598, -0.00283, -0.420894, -0.185907, -0.887855, -1.2e-05, 0.0, 0.0, 0.0, 1.0]
            ]
        },
        {
            "name": "Leg_L",
            "time": [0.0, 0.1, 0.1833, 0.3333, 0.6],
            "transform": [
                [1.0, 0.0, 1e-06, -0.0, 0.0, 0.69153, 0.722349, 0.37472, -1e-06, -0.722348, 0.691528, 0.0, 0.0, 0.0, 0.0, 1.0],
                [1.0, 0.0, 1e-06, -0.0, 0.0, 0.902622, 0.430434, 0.37472, -1e-06, -0.430432, 0.902623, 0.0, 0.0, 0.0, 0.0, 1.0],
                [1.0, 0.0, 1e-06, -0.0, 0.0, 0.906061, 0.423147, 0.37472, -1e-06, -0.423144, 0.906063, -0.0, 0.0, 0.0, 0.0, 1.0],
                [1.0, 0.0, 1e-06, -0.0, 0.0, 0.904093, 0.427335, 0.37472, -1e-06, -0.427333, 0.904094, 0.0, 0.0, 0.0, 0.0, 1.0],
                [1.0, 0.0, 1e-06, -0.0, 0.0, 0.904093, 0.427335, 0.37472, -1e-06, -0.427333, 0.904094, 0.0, 0.0, 0.0, 0.0, 1.0]
            ]
        },
        {
            "name": "Knee_L",
            "time": [0.0, 0.1, 0.1833, 0.3333, 0.6],
            "transform": [
                [1.0, 0.0, -0.0, 0.0, -0.0, 1e-06, -1.0, 0.411155, -0.0, 1.0, 1e-06, -0.0, 0.0, 0.0, 0.0, 1.0],
                [1.0, 0.0, -0.0, -0.0, -0.0, 1e-06, -1.0, 0.37863, -0.0, 1.0, 1e-06, 0.0, 0.0, 0.0, 0.0, 1.0],
                [1.0, 0.0, -0.0, 0.0, -0.0, 1e-06, -1.0, 0.377907, -0.0, 1.0, 1e-06, 0.0, 0.0, 0.0, 0.0, 1.0],
                [1.0, 0.0, -0.0, -0.0, -0.0, 1e-06, -1.0, 0.378322, -0.0, 1.0, 1e-06, -0.0, 0.0, 0.0, 0.0, 1.0],
                [1.0, 0.0, -0.0, -0.0, -0.0, 1e-06, -1.0, 0.378322, -0.0, 1.0, 1e-06, -0.0, 0.0, 0.0, 0.0, 1.0]
            ]
        },
        {
            "name": "Torso",
            "time": [0.0, 0.1833, 0.6],
            "transform": [
                [0.99978, -0.020971, -0.000198, -0.0, 0.020971, 0.999603, 0.018833, 0.05, -0.000198, -0.018833, 0.999823, -0.0, 0.0, 0.0, 0.0, 1.0],
                [0.999735, -0.021482, -0.008252, 0.0, 0.021303, 0.999548, -0.0212, 0.05, 0.008704, 0.021019, 0.999741, -0.0, 0.0, 0.0, 0.0, 1.0],
                [0.999735, -0.021482, -0.008252, 0.0, 0.021303, 0.999548, -0.0212, 0.05, 0.008704, 0.021019, 0.999741, 0.0, 0.0, 0.0, 0.0, 1.0]
            ]
        },
        {
            "name": "Chest",
            "time": [0.0, 0.1833, 0.6],
            "transform": [
                [0.95914, -0.025664, -0.281766, -0.0, 0.02718, 0.999629, 0.001471, 0.3, 0.281623, -0.00907, 0.959482, -0.0, 0.0, 0.0, 0.0, 1.0],
                [0.997686, 0.062387, 0.027015, 0.0, -0.063952, 0.996053, 0.061556, 0.3, -0.023068, -0.063142, 0.997738, 0.0, 0.0, 0.0, 0.0, 1.0],
                [0.997686, 0.062387, 0.027015, -0.0, -0.063952, 0.996053, 0.061556, 0.3, -0.023068, -0.063142, 0.997738, 0.0, 0.0, 0.0, 0.0, 1.0]
            ]
        },
        {
            "name": "Head",
            "time": [0.0, 0.1, 0.1833, 0.6],
            "transform": [
                [0.865895, 0.078544, 0.49402, -0.0, -0.092246, 0.995731, 0.003374, 0.4, -0.491646, -0.048493, 0.869444, 0.0, 0.0, 0.0, 0.0, 1.0],
                [0.847909, 0.014244, 0.529951, 0.0, -0.011288, 0.999897, -0.008814, 0.4, -0.530022, 0.001492, 0.847982, -0.0, 0.0, 0.0, 0.0, 1.0],
                [0.522056, -0.106955, -0.846179, -0.0, 0.045916, 0.994192, -0.097336, 0.4, 0.851675, 0.011962, 0.523935, -0.0, 0.0, 0.0, 0.0, 1.0],
                [0.522056, -0.106955, -0.846179, 0.0, 0.045916, 0.994192, -0.097336, 0.4, 0.851675, 0.011962, 0.523935, 0.0, 0.0, 0.0, 0.0, 1.0]
            ]
        },
        {
            "name": "Shoulder_R",
            "time": [0.0, 0.1833, 0.6],