{
    "animation": [
        {
            "name": "Root",
            "time": [0.0, 0.1, 0.2, 0.625],
            "transform": [
                [0.966039, -0.003331, 0.258376, -5e-06, 0.255165, -0.145361, -0.955908, 0.136742, 0.040742, 0.989373, -0.139575, 0.760121, 0.0, 0.0, 0.0, 1.0],
                [0.848472, -0.012096, -0.529102, -5e-06, -0.524551, 0.113575, -0.84377, 0.89323, 0.070299, 0.993456, 0.09002, 0.719345, 0.0, 0.0, 0.0, 1.0],
                [0.789664, -0.002873, -0.613533, -5e-06, -0.60878, 0.120655, -0.784111, 1.001844, 0.076278, 0.99269, 0.093528, 0.718709, 0.0, 0.0, 0.0, 1.0],
                [0.789664, -0.002873, -0.613533, -5e-06, -0.60878, 0.120655, -0.784111, 1.001844, 0.076278, 0.99269, 0.093528, 0.718709, 0.0, 0.0, 0.0, 1.0]
            ]
        },
        {
            "name": "Thigh_R",
            "time": [0.0, 0.1, 0.2, 0.625],
            "transform": [
                [0.96051, -0.049096, 0.273879, 0.124994, -0.001153, -0.985001, -0.172532, -0.002831, 0.278242, 0.165403, -0.946163, -1.2e-05, 0.0, 0.0, 0.0, 1.0],
                [0.978948, 0.142128, 0.146493, 0.127773, 0.120577, -0.981791, 0.146776, -0.002831, 0.164687, -0.126022, -0.978262, 0.007233, 0.0, 0.0, 0.0, 1.0],
                [0.984904, 0.160403, 0.065073, 0.127956, 0.153752, -0.98335, 0.096848, -0.002831, 0.079524, -0.08538, -0.99317, 0.007709, 0.0, 0.0, 0.0, 1.0],
                [0.984904, 0.160403, 0.065073, 0.127956, 0.153752, -0.98335, 0.096848, -0.002831, 0.079524, -0.08538, -0.99317, 0.007709, 0.0, 0.0, 0.0, 1.0]
            ]
        },
        {
            "name": "Leg_R",
            "time": [0.0, 0.1, 0.2, 0.625],
            "transform": [
                [1.0, -0.0, 2e-06, 0.0, -0.0, 0.999894, 0.014632, 0.37472, -2e-06, -0.014632, 0.999892, -0.0, 0.0, 0.0, 0.0, 1.0],
                [1.0, -0.0, 1e-06, -0.0, -0.0, 0.92011, 0.391663, 0.37472, -1e-06, -0.391663, 0.920108, -0.0, 0.0, 0.0, 0.0, 1.0],
                [1.0, -0.0, 1e-06, 0.0, -0.0, 0.955134, 0.296177, 0.37472, -1e-06, -0.296177, 0.955132, -0.0, 0.0, 0.0, 0.0, 1.0],
                [1.0, -0.0, 1e-06, 0.0, -0.0, 0.955134, 0.296177, 0.37472, -1e-06, -0.296177, 0.955132, -0.0, 0.0, 0.0, 0.0, 1.0]
            ]
        },
        {
            "name": "Knee_R",
            "time": [0.0, 0.1, 0.2, 0.625],
            "transform": [
                [1.0, 0.0, -0.0, 0.0, -0.0, 1e-06, -1.0, 0.37472, -0.0, 1.0, 1e-06, -0.0, 0.0, 0.0, 0.0, 1.0],
                [1.0, -0.0, -0.0, -0.0, -0.0, 1e-06, -1.0, 0.379894, -0.0, 1.0, 1e-06, -0.0, 0.0, 0.0, 0.0, 1.0],
                [1.0, 0.0, -0.0, 0.0, -0.0, 1e-06, -1.0, 0.37472, -0.0, 1.0, 1e-06, -0.0, 0.0, 0.0, 0.0, 1.0],
                [1.0, 0.0, -0.0, 0.0, -0.0, 1e-06, -1.0, 0.37472, -0.0, 1.0, 1e-06, -0.0, 0.0, 0.0, 0.0, 1.0]
            ]
        },
        {
            "name": "Thigh_L",
            "time": [0.0, 0.1, 0.2, 0.625],
            "transform": [
                [0.965511, 0.092685, 0.243306, -0.125006, -0.0033, -0.93006, 0.367392, -0.002831, 0.260341, -0.355524, -0.897678, -1.2e-05, 0.0, 0.0, 0.0, 1.0],
                [0.847771, -0.341332, -0.405927, -0.155022, -0.020698, -0.786087, 0.617769, -0.002722, -0.529959, -0.515324, -0.673487, 0.023309, 0.0, 0.0, 0.0, 1.0],
                [0.809098, -0.371429, -0.455412, -0.155022, -0.012744, -0.785849, 0.618287, -0.002721, -0.587535, -0.494451, -0.640563, 0.023309, 0.0, 0.0, 0.0, 1.0],
                [0.809098, -0.371429, -0.455412, -0.155022, -0.012744, -0.785849, 0.618287, -0.002721, -0.587535, -0.494451, -0.640563, 0.023309, 0.0, 0.0, 0.0, 1.0]
            ]
        },
        {
            "name": "Leg_L",
            "time": [0.0, 0.1, 0.2, 0.625],
            "transform": [
                [1.0, -1e-06, 1e-06, 0.0, -0.0, 0.301446, 0.953484, 0.37472, -1e-06, -0.953483, 0.301446, 0.0, 0.0, 0.0, 0.0, 1.0],
                [1.0, -1e-06, 2e-06, 0.0, -1e-06, 0.829127, 0.55906, 0.37472, -2e-06, -0.559059, 0.829128, -0.0, 0.0, 0.0, 0.0, 1.0],
                [1.0, -1e-06, 2e-06, -0.0, -1e-06, 0.852797, 0.522242, 0.37472, -2e-06, -0.522241, 0.852798, 0.0, 0.0, 0.0, 0.0, 1.0],
                [1.0, -1e-06, 2e-06, -0.0, -1e-06, 0.852797, 0.522242, 0.37472, -2e-06, -0.522241, 0.852798, 0.0, 0.0, 0.0, 0.0, 1.0]
            ]
        },
        {
            "name": "Knee_L",
            "time": [0.0, 0.1, 0.2, 0.625],
            "transform": [
                [1.0, 0.0, -0.0, -6e-05, -0.0, 1e-06, -1.0, 0.44725, -0.0, 1.0, 1e-06, 0.002145, 0.0, 0.0, 0.0, 1.0],
                [1.0, 0.0, -0.0, 0.0, -0.0, 1e-06, -1.0, 0.394527, -0.0, 1.0, 1e-06, -0.0, 0.0, 0.0, 0.0, 1.0],
                [1.0, 0.0, -0.0, -0.0, -0.0, 1e-06, -1.0, 0.39115, -0.0, 1.0, 1e-06, 0.0, 0.0, 0.0, 0.0, 1.0],
                [1.0, 0.0, -0.0, -0.0, -0.0, 1e-06, -1.0, 0.39115, -0.0, 1.0, 1e-06, 0.0, 0.0, 0.0, 0.0, 1.0]
            ]
        },
        {
            "name": "Torso",
            "time": [0.0, 0.2, 0.625],
            "transform": [
                [0.999864, -0.016512, -0.000193, 0.0, 0.016512, 0.999589, 0.023422, 0.05, -0.000193, -0.023422, 0.999726, 0.0, 0.0, 0.0, 0.0, 1.0],
                [1.0, -0.000781, -1.6e-05, 0.0, 0.000781, 0.999119, 0.041966, 0.05, -1.6e-05, -0.041966, 0.999119, 0.0, 0.0, 0.0, 0.0, 1.0],
                [1.0, -0.000781, -1.6e-05, 0.0, 0.000781, 0.999119, 0.041966, 0.05, -1.6e-05, -0.041966, 0.999119, 0.0, 0.0, 0.0, 0.0, 1.0]
            ]
        },
        {
            "name": "Chest",
            "time": [0.0, 0.2, 0.625],
            "transform": [
                [1.0, 0.0, 0.0, 0.0, -0.0, 0.999754, 0.022174, 0.3, -0.0, -0.022174, 0.999754, 0.0, 0.0, 0.0, 0.0, 1.0],
                [1.0, -0.0, 0.0, -0.0, 0.0, 0.997463, 0.071189, 0.3, 0.0, -0.071189, 0.997463, 0.0, 0.0, 0.0, 0.0, 1.0],
                [1.0, -0.0, 0.0, -0.0, 0.0, 0.997463, 0.071189, 0.3, 0.0, -0.071189, 0.997463, 0.0, 0.0, 0.0, 0.0, 1.0]
            ]
        },
        {
            "name": "Head",
            "time": [0.0, 0.1, 0.2, 0.625],
            "transform": [
                [0.965137, 0.065694, -0.253369, -0.0, -0.041839, 0.994265, 0.098421, 0.4, 0.258381, -0.084389, 0.96235, -0.0, 0.0, 0.0, 0.0, 1.0],
                [0.825854, 0.078811, 0.55835, -0.0, 0.041656, 0.978952, -0.199792, 0.4, -0.562343, 0.188258, 0.805189, 0.0, 0.0, 0.0, 0.0, 1.0],
                [0.761832, 0.08871, 0.641672, -0.0, 0.058415, 0.977134, -0.204441, 0.4, -0.645136, 0.193232, 0.73923, -0.0, 0.0, 0.0, 0.0, 1.0],
                [0.761832, 0.08871, 0.641672, -0.0, 0.058415, 0.977134, -0.204441, 0.4, -0.645136, 0.193232, 0.73923, -0.0, 0.0, 0.0, 0.0, 1.0]
            ]
        },
        {
            "name": "Shoulder_R",
            "time": [0.0, 0.1, 0.2, 0.625],
            "transform": [
                [0.41561, 0.909479, 0.010774, -0.0, -0.040022, 0.006452, 0.999178, 0.4, 0.908662, -0.415699, 0.039081, -0.0, 0.0, 0.0, 0.0, 1.0],
                [-0.046809, 0.958357, 0.28171, -0.0, -0.012748, -0.282569, 0.959162, 0.4, 0.998822, 0.041306, 0.025444, 0.0, 0.0, 0.0, 0.0, 1.0],
                [-0.068537, 0.951841, 0.298831, -0.0, -0.006446, -0.299952, 0.953933, 0.4, 0.997628, 0.063454, 0.026694, -0.0, 0.0, 0.0, 0.0, 1.0],
                [-0.068537, 0.951841, 0.298831, -0.0, -0.006446, -0.299952, 0.953933, 0.4, 0.997628, 0.063454, 0.026694, -0.0, 0.0, 0.0, 0.0, 1.0]
            ]
        },
        {
            "name": "Arm_R",
            "time": [0.0, 0.1, 0.2, 0.625],