{
    "animation": [
        {
            "name": "Root",
            "time": [0.0, 0.1167, 0.2, 0.3, 0.6167],
            "transform": [
                [0.997913, 0.010231, -0.063759, -5e-06, -0.063592, -0.015878, -0.99785, 0.000946, -0.011221, 0.999822, -0.015194, 0.70821, 0.0, 0.0, 0.0, 1.0],
                [0.997913, 0.010231, -0.063759, -5e-06, -0.062974, -0.064272, -0.995943, 0.000946, -0.014287, 0.99788, -0.063494, 0.739204, 0.0, 0.0, 0.0, 1.0],
                [0.999983, 0.002225, -0.005424, -5e-06, -0.005862, 0.385981, -0.922488, 0.000946, 4.1e-05, 0.922504, 0.385988, 0.585227, 0.0, 0.0, 0.0, 1.0],
                [1.0, 0.0, 0.0, -5e-06, 0.0, 0.427436, -0.904046, 0.000946, 0.0, 0.904046, 0.427436, 0.569829, 0.0, 0.0, 0.0, 1.0],
                [1.0, 0.0, 0.0, -5e-06, 0.0, 0.427436, -0.904046, 0.000946, 0.0, 0.904046, 0.427436, 0.569829, 0.0, 0.0, 0.0, 1.0]
            ]
        },
        {
            "name": "Thigh_R",
            "time": [0.0, 0.1167, 0.2, 0.3, 0.6167],
            "transform": [
                [0.983124, 0.100178, 0.153067, 0.124994, 0.161427, -0.86871, -0.468273, -0.002831, 0.086061, 0.48508, -0.870225, -1.2e-05, 0.0, 0.0, 0.0, 1.0],
                [0.981987, 0.104945, 0.157124, 0.124994, 0.175312, -0.816229, -0.550484, -0.002831, 0.070479, 0.568112, -0.819927, -1.2e-05, 0.0, 0.0, 0.0, 1.0],
                [0.99227, 0.112676, -0.051984, 0.127022, 0.112845, -0.645099, 0.755719, -0.003915, 0.051616, -0.755742, -0.65283, 0.001446, 0.0, 0.0, 0.0, 1.0],
                [0.9929, 0.098101, -0.067268, 0.127225, 0.109812, -0.538619, 0.835362, -0.004023, 0.045718, -0.836815, -0.54557, 0.001592, 0.0, 0.0, 0.0, 1.0],
                [0.9929, 0.098101, -0.067268, 0.127225, 0.109812, -0.538619, 0.835362, -0.004023, 0.045718, -0.836815, -0.54557, 0.001592, 0.0, 0.0, 0.0, 1.0]
            ]
        },
        {
            "name": "Leg_R",
            "time": [0.0, 0.1167, 0.2, 0.3, 0.6167],
            "transform": [
                [1.0, -0.0, 3e-06, -0.0, 0.0, 0.99995, 0.010037, 0.37472, -3e-06, -0.010037, 0.999949, 0.0, 0.0, 0.0, 0.0, 1.0],
                [1.0, -0.0, 3e-06, 0.0, 0.0, 0.99995, 0.010037, 0.37472, -3e-06, -0.010036, 0.999949, -0.0, 0.0, 0.0, 0.0, 1.0],
                [0.999999, 0.00101, -0.00094, 0.0, -0.000266, 0.809708, 0.586833, 0.37472, 0.001354, -0.586833, 0.809706, -0.0, 0.0, 0.0, 0.0, 1.0],
                [0.999999, 0.001137, -0.000995, -0.0, -0.000246, 0.772563, 0.634939, 0.37472, 0.00149, -0.634939, 0.772561, -0.0, 0.0, 0.0, 0.0, 1.0],
                [0.999999, 0.001137, -0.000995, -0.0, -0.000246, 0.772563, 0.634939, 0.37472, 0.00149, -0.634939, 0.772561, -0.0, 0.0, 0.0, 0.0, 1.0]
            ]
        },
        {
            "name": "Knee_R",
            "time": [0.0, 0.1167, 0.2, 0.3, 0.6167],
            "transform": [
                [1.0, 0.0, -0.0, -0.0, -0.0, 1e-06, -1.0, 0.37472, -0.0, 1.0, 1e-06, 0.0, 0.0, 0.0, 0.0, 1.0],
                [1.0, 0.0, -0.0, 0.0, -0.0, 1e-06, -1.0, 0.37472, -0.0, 1.0, 1e-06, -0.0, 0.0, 0.0, 0.0, 1.0],
                [1.0, 0.0, -0.0, -4.3e-05, -0.0, 1e-06, -1.0, 0.397406, -0.0, 1.0, 1e-06, -0.002063, 0.0, 0.0, 0.0, 1.0],
                [1.0, 0.0, -0.0, -4.8e-05, -0.0, 1e-06, -1.0, 0.399675, -0.0, 1.0, 1e-06, -0.00227, 0.0, 0.0, 0.0, 1.0],
                [1.0, 0.0, -0.0, -4.8e-05, -0.0, 1e-06, -1.0, 0.399675, -0.0, 1.0, 1e-06, -0.00227, 0.0, 0.0, 0.0, 1.0]
            ]
        },
        {
            "name": "Thigh_L",
            "time": [0.0, 0.1167, 0.2, 0.3, 0.6167],
            "transform": [
                [0.996871, 0.003683, -0.078965, -0.125006, -0.022745, -0.943305, -0.331146, -0.002831, -0.075707, 0.331906, -0.94027, -1.2e-05, 0.0, 0.0, 0.0, 1.0],
                [0.997148, 0.010442, -0.074744, -0.125006, -0.023972, -0.895269, -0.444879, -0.002831, -0.071562, 0.445403, -0.892466, -1.2e-05, 0.0, 0.0, 0.0, 1.0],
                [0.989334, -0.112124, 0.092982, -0.124975, -0.134509, -0.458267, 0.878578, -0.00192, -0.0559, -0.881713, -0.468462, 0.000319, 0.0, 0.0, 0.0, 1.0],
                [0.987713, -0.107623, 0.113312, -0.124971, -0.142949, -0.329207, 0.933374, -0.001828, -0.06315, -0.938104, -0.340548, 0.000352, 0.0, 0.0, 0.0, 1.0],
                [0.987713, -0.107623, 0.113312, -0.124971, -0.142949, -0.329207, 0.933374, -0.001828, -0.06315, -0.938104, -0.340548, 0.000352, 0.0, 0.0, 0.0, 1.0]
            ]
        },
        {
            "name": "Leg_L",
            "time": [0.0, 0.1167, 0.2, 0.3, 0.6167],
            "transform": [
                [1.0, -0.0, 1e-06, -0.0, 0.0, 0.999941, 0.01082, 0.37472, -1e-06, -0.01082, 0.999942, 0.0, 0.0, 0.0, 0.0, 1.0],
                [1.0, -0.0, 1e-06, 0.0, 0.0, 0.999941, 0.01082, 0.37472, -1e-06, -0.01082, 0.999942, 0.0, 0.0, 0.0, 0.0, 1.0],
                [0.999993, 0.003672, -0.001232, -0.0, -0.001219, 0.600357, 0.799732, 0.37472, 0.003676, -0.799724, 0.600357, -0.0, 0.0, 0.0, 0.0, 1.0],
                [0.999991, 0.004053, -0.001163, -0.0, -0.001149, 0.527355, 0.849644, 0.37472, 0.004057, -0.849635, 0.527356, -0.0, 0.0, 0.0, 0.0, 1.0],
                [0.999991, 0.004053, -0.001163, -0.0, -0.001149, 0.527355, 0.849644, 0.37472, 0.004057, -0.849635, 0.527356, -0.0, 0.0, 0.0, 0.0, 1.0]
            ]
        },
        {
            "name": "Knee_L",
            "time": [0.0, 0.1167, 0.2, 0.3, 0.6167],
            "transform": [
                [1.0, 0.0, -0.0, -0.0, -0.0, 1e-06, -1.0, 0.37472, -0.0, 1.0, 1e-06, 0.0, 0.0, 0.0, 0.0, 1.0],
                [1.0, 0.0, -0.0, 0.0, -0.0, 1e-06, -1.0, 0.37472, -0.0, 1.0, 1e-06, 0.0, 0.0, 0.0, 0.0, 1.0],
                [1.0, 0.0, -0.0, 0.0, -0.0, 1e-06, -1.0, 0.419505, -0.0, 1.0, 1e-06, -0.0, 0.0, 0.0, 0.0, 1.0],
                [1.0, 0.0, -0.0, 0.0, -0.0, 1e-06, -1.0, 0.423983, -0.0, 1.0, 1e-06, -0.0, 0.0, 0.0, 0.0, 1.0],
                [1.0, 0.0, -0.0, 0.0, -0.0, 1e-06, -1.0, 0.423983, -0.0, 1.0, 1e-06, -0.0, 0.0, 0.0, 0.0, 1.0]
            ]
        },
        {
            "name": "Torso",
            "time": [0.0, 0.1167, 0.2, 0.3, 0.6167],
            "transform": [
                [0.999904, -0.013857, -0.000155, 0.0, 0.013857, 0.999655, 0.022315, 0.05, -0.000155, -0.022315, 0.999751, 0.0, 0.0, 0.0, 0.0, 1.0],
                [0.999904, -0.013857, -0.000155, -0.0, 0.013857, 0.999655, 0.022315, 0.05, -0.000155, -0.022315, 0.999751, -0.0, 0.0, 0.0, 0.0, 1.0],
                [0.999999, -0.00126, -1e-06, 0.0, 0.00126, 0.999997, 0.002029, 0.05, -1e-06, -0.002029, 0.999998, 0.0, 0.0, 0.0, 0.0, 1.0],
                [1.0, 0.0, 0.0, 0.0, 0.0, 1.0, 0.0, 0.05, 0.0, 0.0, 1.0, 0.0, 0.0, 0.0, 0.0, 1.0],
                [1.0, 0.0, 0.0, 0.0, 0.0, 1.0, 0.0, 0.05, 0.0, 0.0, 1.0, 0.0, 0.0, 0.0, 0.0, 1.0]
            ]
        },
        {
            "name": "Chest",
            "time": [0.0, 0.1167, 0.2, 0.3, 0.6167],
            "transform": [
                [0.99993, -0.011811, -0.000782, 0.0, 0.011664, 0.994418, -0.104868, 0.3, 0.002016, 0.104851, 0.994486, 0.0, 0.0, 0.0, 0.0, 1.0],
                [0.999947, -0.010264, -0.001018, -0.0, 0.010046, 0.991566, -0.129218, 0.3, 0.002336, 0.1292, 0.991616, -0.0, 0.0, 0.0, 0.0, 1.0],
                [1.0, -0.000919, -0.000191, 0.0, 0.000931, 0.996597, 0.082426, 0.3, 0.000115, -0.082426, 0.996597, -0.0, 0.0, 0.0, 0.0, 1.0],
                [1.0, 0.0, 0.0, 0.0, 0.0, 0.994629, 0.103503, 0.3, 0.0, -0.103504, 0.994629, -0.0, 0.0, 0.0, 0.0, 1.0],
                [1.0, 0.0, 0.0, 0.0, 0.0, 0.994629, 0.103503, 0.3, 0.0, -0.103504, 0.994629, -0.0, 0.0, 0.0, 0.0, 1.0]
            ]
        },
        {
            "name": "Head",
            "time": [0.0, 0.1167, 0.2, 0.3, 0.6167],