{
    "animation": [
        {
            "name": "Root",
            "time": [0.0, 0.1667, 0.25, 0.3167, 0.6167],
            "transform": [
                [0.670001, 0.0, -0.74236, -5e-06, -0.74236, 0.0, -0.670001, 0.000946, 0.0, 1.0, 0.0, 0.706434, 0.0, 0.0, 0.0, 1.0],
                [0.633006, 0.0, -0.774147, -5e-06, -0.774147, 0.0, -0.633006, 0.000946, 0.0, 1.0, 0.0, 0.698191, 0.0, 0.0, 0.0, 1.0],
                [0.991069, 0.05843, 0.119864, -5e-06, 0.108817, 0.165156, -0.980246, 0.957743, -0.077072, 0.984535, 0.157323, 0.737128, 0.0, 0.0, 0.0, 1.0],
                [0.699871, 0.0, 0.71427, -5e-06, 0.687928, 0.269069, -0.67406, 1.812417, -0.192188, 0.963121, 0.188313, 0.671086, 0.0, 0.0, 0.0, 1.0],
                [0.699871, 0.0, 0.71427, -5e-06, 0.687928, 0.269069, -0.67406, 1.812417, -0.192188, 0.963121, 0.188313, 0.671086, 0.0, 0.0, 0.0, 1.0]
            ]
        },
        {
            "name": "Thigh_R",
            "time": [0.0, 0.1667, 0.25, 0.3167, 0.6167],
            "transform": [
                [0.976767, 0.203428, -0.067398, 0.124994, 0.214211, -0.936033, 0.279198, -0.002831, -0.00629, -0.287148, -0.957866, -1.2e-05, 0.0, 0.0, 0.0, 1.0],
                [0.971221, 0.228794, -0.066203, 0.124994, 0.238105, -0.925678, 0.293976, -0.002831, 0.005977, -0.301278, -0.953518, -1.2e-05, 0.0, 0.0, 0.0, 1.0],
                [0.984502, 0.173266, 0.027084, 0.124994, 0.083046, -0.596633, 0.798205, -0.002831, 0.154461, -0.783583, -0.601778, -1.2e-05, 0.0, 0.0, 0.0, 1.0],
                [0.689603, 0.657102, 0.304404, 0.124994, 0.059704, -0.470493, 0.880381, -0.002831, 0.721721, -0.588938, -0.363687, -1.2e-05, 0.0, 0.0, 0.0, 1.0],
                [0.689603, 0.657102, 0.304404, 0.124994, 0.059704, -0.470493, 0.880381, -0.002831, 0.721721, -0.588938, -0.363687, -1.2e-05, 0.0, 0.0, 0.0, 1.0]
            ]
        },
        {
            "name": "Leg_R",
            "time": [0.0, 0.1667, 0.25, 0.3167, 0.6167],
            "transform": [
                [1.0, -1e-06, 3e-06, 0.0, -1e-06, 0.787394, 0.61645, 0.37472, -2e-06, -0.616451, 0.787393, 0.0, 0.0, 0.0, 0.0, 1.0],
                [1.0, -1e-06, 3e-06, 0.0, -1e-06, 0.759316, 0.650723, 0.37472, -2e-06, -0.650724, 0.759315, 0.0, 0.0, 0.0, 0.0, 1.0],
                [1.0, -1e-06, 0.0, -0.0, -0.0, -0.036169, 0.999345, 0.37472, -1e-06, -0.999346, -0.036169, 0.0, 0.0, 0.0, 0.0, 1.0],
                [1.0, -0.0, 1e-06, 0.0, -0.0, 0.708091, 0.706122, 0.37472, -1e-06, -0.706122, 0.70809, -0.0, 0.0, 0.0, 0.0, 1.0],
                [1.0, -0.0, 1e-06, 0.0, -0.0, 0.708091, 0.706122, 0.37472, -1e-06, -0.706122, 0.70809, -0.0, 0.0, 0.0, 0.0, 1.0]
            ]
        },
        {
            "name": "Knee_R",
            "time": [0.0, 0.1667, 0.25, 0.3167, 0.6167],
            "transform": [
                [1.0, -0.0, -0.0, 0.0, -0.0, 1e-06, -1.0, 0.39709, -0.0, 1.0, 1e-06, 0.0, 0.0, 0.0, 0.0, 1.0],
                [1.0, 0.0, -0.0, 0.0, -0.0, 1e-06, -1.0, 0.39709, -0.0, 1.0, 1e-06, 0.0, 0.0, 0.0, 0.0, 1.0],
                [1.0, 0.0, -0.0, -0.00043, -0.0, 1e-06, -1.0, 0.480373, -0.0, 1.0, 1e-06, -0.001081, 0.0, 0.0, 0.0, 1.0],
                [1.0, 0.0, -0.0, -0.000246, -0.0, 1e-06, -1.0, 0.406949, -0.0, 1.0, 1e-06, -0.000831, 0.0, 0.0, 0.0, 1.0],
                [1.0, 0.0, -0.0, -0.000246, -0.0, 1e-06, -1.0, 0.406949, -0.0, 1.0, 1e-06, -0.000831, 0.0, 0.0, 0.0, 1.0]
            ]
        },
        {
            "name": "Thigh_L",
            "time": [0.0, 0.1667, 0.25, 0.3167, 0.6167],
            "transform": [
                [0.791043, -0.37028, -0.486973, -0.125006, -0.096987, -0.86186, 0.497785, -0.002831, -0.604023, -0.346538, -0.717682, -1.2e-05, 0.0, 0.0, 0.0, 1.0],
                [0.776962, -0.405946, -0.481183, -0.125006, -0.110962, -0.840671, 0.530055, -0.002831, -0.619691, -0.358439, -0.698215, -1.2e-05, 0.0, 0.0, 0.0, 1.0],
                [0.99619, 0.049806, 0.07159, -0.125006, 0.053958, -0.996898, -0.057287, -0.002831, 0.068515, 0.060932, -0.995788, -1.2e-05, 0.0, 0.0, 0.0, 1.0],
                [0.973089, -0.209439, 0.09609, -0.125006, -0.193054, -0.968662, -0.156279, -0.002831, 0.12581, 0.133524, -0.983028, -1.2e-05, 0.0, 0.0, 0.0, 1.0],
                [0.973089, -0.209439, 0.09609, -0.125006, -0.193054, -0.968662, -0.156279, -0.002831, 0.12581, 0.133524, -0.983028, -1.2e-05, 0.0, 0.0, 0.0, 1.0]
            ]
        },
        {
            "name": "Leg_L",
            "time": [0.0, 0.1667, 0.25, 0.3167, 0.6167],
            "transform": [
                [1.0, -1e-06, 2e-06, -0.0, -0.0, 0.771533, 0.636189, 0.37472, -2e-06, -0.636189, 0.771533, -0.0, 0.0, 0.0, 0.0, 1.0],
                [1.0, -1e-06, 2e-06, -0.0, -1e-06, 0.741972, 0.670431, 0.37472, -2e-06, -0.67043, 0.741973, -0.0, 0.0, 0.0, 0.0, 1.0],
                [1.0, -0.0, 1e-06, -0.0, 0.0, 0.999948, 0.010143, 0.37472, -1e-06, -0.010143, 0.999949, 0.0, 0.0, 0.0, 0.0, 1.0],
                [1.0, -0.0, 3e-06, -0.0, -0.0, 0.999945, 0.010501, 0.37472, -3e-06, -0.010501, 0.999945, -0.0, 0.0, 0.0, 0.0, 1.0],
                [1.0, -0.0, 3e-06, -0.0, -0.0, 0.999945, 0.010501, 0.37472, -3e-06, -0.010501, 0.999945, -0.0, 0.0, 0.0, 0.0, 1.0]
            ]
        },
        {
            "name": "Knee_L",
            "time": [0.0, 0.1667, 0.25, 0.3167, 0.6167],
            "transform": [
                [1.0, 0.0, -0.0, 0.0, -0.0, 1e-06, -1.0, 0.39709, -0.0, 1.0, 1e-06, -0.0, 0.0, 0.0, 0.0, 1.0],
                [1.0, 0.0, -0.0, 0.0, -0.0, 1e-06, -1.0, 0.39709, -0.0, 1.0, 1e-06, 0.0, 0.0, 0.0, 0.0, 1.0],
                [1.0, 0.0, -0.0, 0.0, -0.0, 1e-06, -1.0, 0.393777, -0.0, 1.0, 1e-06, 0.0, 0.0, 0.0, 0.0, 1.0],
                [1.0, 0.0, -0.0, -0.0, -0.0, 1e-06, -1.0, 0.391481, -0.0, 1.0, 1e-06, -0.0, 0.0, 0.0, 0.0, 1.0],
                [1.0, 0.0, -0.0, -0.0, -0.0, 1e-06, -1.0, 0.391481, -0.0, 1.0, 1e-06, -0.0, 0.0, 0.0, 0.0, 1.0]
            ]
        },
        {
            "name": "Torso",
            "time": [0.0, 0.1667, 0.25, 0.3167, 0.6167],
            "transform": [
                [0.999671, 0.02566, -0.000626, 0.0, -0.02566, 0.998482, -0.04874, 0.05, -0.000626, 0.04874, 0.998811, -0.0, 0.0, 0.0, 0.0, 1.0],
                [0.99944, 0.033446, -0.001005, -0.0, -0.033446, 0.997637, -0.060019, 0.05, -0.001005, 0.060019, 0.998197, 0.0, 0.0, 0.0, 0.0, 1.0],
                [0.999466, 0.03267, -9.8e-05, 0.0, -0.03267, 0.999448, -0.006009, 0.05, -9.8e-05, 0.006009, 0.999982, 0.0, 0.0, 0.0, 0.0, 1.0],
                [0.999484, 0.032104, 0.000505, 0.0, -0.032104, 0.998989, 0.031453, 0.05, 0.000505, -0.031453, 0.999505, 0.0, 0.0, 0.0, 0.0, 1.0],
                [0.999484, 0.032104, 0.000505, 0.0, -0.032104, 0.998989, 0.031453, 0.05, 0.000505, -0.031453, 0.999505, 0.0, 0.0, 0.0, 0.0, 1.0]
            ]
        },
        {
            "name": "Chest",
            "time": [0.0, 0.1667, 0.25, 0.3167, 0.6167],
            "transform": [
                [0.999881, -0.015401, -6.1e-05, 0.0, 0.015401, 0.99985, 0.007945, 0.3, -6.1e-05, -0.007945, 0.999968, 0.0, 0.0, 0.0, 0.0, 1.0],
                [0.999903, -0.013928, -4.2e-05, -0.0, 0.013928, 0.999885, 0.006059, 0.3, -4.2e-05, -0.006059, 0.999982, 0.0, 0.0, 0.0, 0.0, 1.0],
                [0.999591, 0.028582, 0.00051, -0.0, -0.028582, 0.998956, 0.035649, 0.3, 0.00051, -0.035649, 0.999364, -0.0, 0.0, 0.0, 0.0, 1.0],
                [0.998357, 0.057281, 0.00161, -0.0, -0.057281, 0.996779, 0.056125, 0.3, 0.00161, -0.056125, 0.998422, 0.0, 0.0, 0.0, 0.0, 1.0],
                [0.998357, 0.057281, 0.00161, -0.0, -0.057281, 0.996779, 0.056125, 0.3, 0.00161, -0.056125, 0.998422, 0.0, 0.0, 0.0, 0.0, 1.0]
            ]
        },
        {
            "name": "Head",
            "time": [0.0, 0.1667, 0.25, 0.3167, 0.6167],