{
    "animation": [
        {
            "name": "Root",
            "time": [0.0, 0.05, 0.1, 0.1833, 0.3667, 0.6],
            "transform": [
                [0.514643, 0.032656, 0.856782, -5e-06, 0.837714, 0.193776, -0.510575, 0.005278, -0.182697, 0.980502, 0.072369, 0.587992, 0.0, 0.0, 0.0, 1.0],
                [0.632938, 0.052089, 0.772448, -5e-06, 0.75212, 0.195228, -0.629446, 0.005278, -0.18359, 0.979374, 0.08439, 0.613855, 0.0, 0.0, 0.0, 1.0],
                [0.96182, -0.001247, 0.27368, -5e-06, 0.261213, 0.302586, -0.916629, 0.278155, -0.081668, 0.953121, 0.29136, 0.663178, 0.0, 0.0, 0.0, 1.0],
                [0.783641, 0.002493, -0.621209, -5e-06, -0.495852, 0.604901, -0.623078, 0.996979, 0.374216, 0.796297, 0.475261, 0.468738, 0.0, 0.0, 0.0, 1.0],
                [0.711065, 0.019815, -0.702848, -5e-06, -0.56845, 0.604518, -0.558053, 0.996979, 0.413826, 0.796345, 0.441115, 0.468738, 0.0, 0.0, 0.0, 1.0],
                [0.711065, 0.019815, -0.702848, -5e-06, -0.56845, 0.604518, -0.558053, 0.996979, 0.413826, 0.796345, 0.441115, 0.468738, 0.0, 0.0, 0.0, 1.0]
            ]
        },
        {
            "name": "Thigh_R",
            "time": [0.0, 0.05, 0.1833, 0.3667, 0.6],
            "transform": [
                [0.582084, 0.79005, 0.192346, 0.124994, 0.084915, -0.294316, 0.951927, -0.002831, 0.808682, -0.537768, -0.238406, -1.2e-05, 0.0, 0.0, 0.0, 1.0],
                [0.600772, 0.756134, 0.259484, 0.124994, 0.051992, -0.360858, 0.93117, -0.002831, 0.797727, -0.545928, -0.256109, -1.2e-05, 0.0, 0.0, 0.0, 1.0],
                [0.60089, 0.385903, 0.700006, 0.124994, 0.149248, -0.914503, 0.37604, -0.002831, 0.785274, -0.121483, -0.607113, -1.2e-05, 0.0, 0.0, 0.0, 1.0],
                [0.596436, 0.40135, 0.695113, 0.124994, 0.108296, -0.898327, 0.425765, -0.002831, 0.795321, -0.178662, -0.579262, -1.2e-05, 0.0, 0.0, 0.0, 1.0],
                [0.596436, 0.40135, 0.695113, 0.124994, 0.108296, -0.898327, 0.425765, -0.002831, 0.795321, -0.178662, -0.579262, -1.2e-05, 0.0, 0.0, 0.0, 1.0]
            ]
        },
        {
            "name": "Leg_R",
            "time": [0.0, 0.05, 0.1833, 0.3667, 0.6],
            "transform": [
                [1.0, -1e-06, 1e-06, 0.0, -0.0, 0.522213, 0.852815, 0.37472, -1e-06, -0.852819, 0.522208, 0.0, 0.0, 0.0, 0.0, 1.0],
                [1.0, -1e-06, 1e-06, 0.0, -0.0, 0.537688, 0.843144, 0.37472, -1e-06, -0.843146, 0.537683, 0.0, 0.0, 0.0, 0.0, 1.0],
                [1.0, -0.0, 1e-06, 0.0, -0.0, 0.924562, 0.381035, 0.37472, -1e-06, -0.381033, 0.92456, -0.0, 0.0, 0.0, 0.0, 1.0],
                [1.0, -0.0, 1e-06, 0.0, -0.0, 0.918358, 0.395754, 0.37472, -1e-06, -0.395753, 0.918356, 0.0, 0.0, 0.0, 0.0, 1.0],
                [1.0, -0.0, 1e-06, 0.0, -0.0, 0.918358, 0.395754, 0.37472, -1e-06, -0.395753, 0.918356, 0.0, 0.0, 0.0, 0.0, 1.0]
            ]
        },
        {
            "name": "Knee_R",
            "time": [0.0, 0.05, 0.1833, 0.3667, 0.6],
            "transform": [
                [1.0, 0.0, -0.0, 0.0, -0.0, 1e-06, -1.0, 0.430385, -0.0, 1.0, 1e-06, -0.0, 0.0, 0.0, 0.0, 1.0],
                [1.0, 0.0, -0.0, 0.0, -0.0, 1e-06, -1.0, 0.428746, -0.0, 1.0, 1e-06, 0.0, 0.0, 0.0, 0.0, 1.0],
                [1.0, 0.0, -0.0, -0.0, -0.0, 1e-06, -1.0, 0.37472, -0.0, 1.0, 1e-06, -0.0, 0.0, 0.0, 0.0, 1.0],
                [1.0, 0.0, -0.0, 0.0, -0.0, 1e-06, -1.0, 0.375211, -0.0, 1.0, 1e-06, 0.0, 0.0, 0.0, 0.0, 1.0],
                [1.0, 0.0, -0.0, 0.0, -0.0, 1e-06, -1.0, 0.375211, -0.0, 1.0, 1e-06, 0.0, 0.0, 0.0, 0.0, 1.0]
            ]
        },
        {
            "name": "Thigh_L",
            "time": [0.0, 0.05, 0.1, 0.1833, 0.3667, 0.6],
            "transform": [
                [0.89424, -0.426828, -0.134728, -0.125006, -0.420034, -0.90425, 0.076802, -0.002831, -0.154608, -0.012088, -0.987902, -1.1e-05, 0.0, 0.0, 0.0, 1.0],
                [0.93971, -0.321335, -0.116993, -0.125006, -0.299585, -0.938534, 0.171459, -0.00283, -0.164897, -0.12607, -0.97822, -1.1e-05, 0.0, 0.0, 0.0, 1.0],
                [0.916033, -0.271852, -0.294924, -0.125006, -0.035464, -0.787297, 0.615551, -0.00283, -0.399532, -0.553404, -0.730833, -1.1e-05, 0.0, 0.0, 0.0, 1.0],
                [0.779131, -0.529435, 0.335636, -0.125006, -0.003491, 0.531748, 0.846894, -0.00283, -0.62685, -0.661014, 0.412453, -1.2e-05, 0.0, 0.0, 0.0, 1.0],
                [0.690639, -0.6208, 0.370976, -0.125007, 0.03558, 0.541508, 0.839942, -0.00283, -0.722324, -0.566898, 0.396074, -1.1e-05, 0.0, 0.0, 0.0, 1.0],
                [0.690639, -0.6208, 0.370975, -0.125007, 0.03558, 0.541508, 0.839942, -0.00283, -0.722324, -0.566898, 0.396074, -1.1e-05, 0.0, 0.0, 0.0, 1.0]
            ]
        },
        {
            "name": "Leg_L",
            "time": [0.0, 0.05, 0.1, 0.1833, 0.3667, 0.6],
            "transform": [
                [1.0, 0.0, 1e-06, 0.0, 0.0, 0.955806, 0.293999, 0.37472, -1e-06, -0.293997, 0.955806, -0.0, 0.0, 0.0, 0.0, 1.0],
                [1.0, 0.0, 1e-06, 0.0, 0.0, 0.840905, 0.541185, 0.37472, -1e-06, -0.541183, 0.840905, -0.0, 0.0, 0.0, 0.0, 1.0],
                [1.0, -0.0, 1e-06, 0.0, 0.0, 0.262341, 0.964976, 0.37472, -1e-06, -0.964975, 0.26234, 0.0, 0.0, 0.0, 0.0, 1.0],
                [1.0, -0.0, 0.0, -0.0, -0.0, 0.095516, 0.995427, 0.37472, -1e-06, -0.995428, 0.095516, -0.0, 0.0, 0.0, 0.0, 1.0],
                [1.0, -1e-06, -0.0, 0.0, -1e-06, 0.057824, 0.998327, 0.37472, -1e-06, -0.998326, 0.057824, -0.0, 0.0, 0.0, 0.0, 1.0],
                [1.0, -1e-06, -0.0, 0.0, -1e-06, 0.057824, 0.998327, 0.37472, -1e-06, -0.998326, 0.057824, 0.0, 0.0, 0.0, 0.0, 1.0]
            ]
        },
        {
            "name": "Knee_L",
            "time": [0.0, 0.05, 0.1833, 0.3667, 0.6],
            "transform": [
                [1.0, 0.0, -0.0, -0.0, -0.0, 1e-06, -1.0, 0.37472, -0.0, 1.0, 1e-06, 0.0, 0.0, 0.0, 0.0, 1.0],
                [1.0, 0.0, -0.0, 0.0, -0.0, 1e-06, -1.0, 0.390022, -0.0, 1.0, 1e-06, -0.0, 0.0, 0.0, 0.0, 1.0],
                [1.0, 0.0, -0.0, 0.0, -0.0, 1e-06, -1.0, 0.47113, -0.0, 1.0, 1e-06, -0.0, 0.0, 0.0, 0.0, 1.0],
                [1.0, 0.0, -0.0, 0.0, -0.0, 1e-06, -1.0, 0.474525, -0.0, 1.0, 1e-06, -0.0, 0.0, 0.0, 0.0, 1.0],
                [1.0, 0.0, -0.0, 0.0, -0.0, 1e-06, -1.0, 0.474525, -0.0, 1.0, 1e-06, -0.0, 0.0, 0.0, 0.0, 1.0]
            ]
        },
        {
            "name": "Torso",
            "time": [0.0, 0.05, 0.1833, 0.6],
            "transform": [
                [1.0, 0.0, -0.0, 0.0, -0.0, 1.0, -0.0, 0.05, -0.0, 0.0, 1.0, 0.0, 0.0, 0.0, 0.0, 1.0],
                [1.0, 0.0, 0.0, 0.0, -0.0, 1.0, -0.0, 0.05, 0.0, -0.0, 1.0, 0.0, 0.0, 0.0, 0.0, 1.0],
                [1.0, 0.0, 0.0, -0.0, -0.0, 1.0, -0.0, 0.05, 0.0, 0.0, 1.0, -0.0, 0.0, 0.0, 0.0, 1.0],
                [1.0, 0.0, -0.0, -0.0, -0.0, 1.0, -0.0, 0.05, 0.0, 0.0, 1.0, 0.0, 0.0, 0.0, 0.0, 1.0]
            ]
        },
        {
            "name": "Chest",
            "time": [0.0, 0.05, 0.1833, 0.6],
            "transform": [
                [0.935623, -0.108411, 0.335941, -0.0, 0.098382, 0.994048, 0.046785, 0.3, -0.339014, -0.010723, 0.94072, 0.0, 0.0, 0.0, 0.0, 1.0],
                [0.934536, -0.115838, 0.336489, -0.0, 0.109218, 0.993268, 0.038606, 0.3, -0.338695, 0.000672, 0.940896, 0.0, 0.0, 0.0, 0.0, 1.0],
                [1.0, 0.0, 0.0, 0.0, 0.0, 1.0, 0.0, 0.3, -0.0, -0.0, 1.0, 0.0, 0.0, 0.0, 0.0, 1.0],
                [1.0, 0.0, -0.0, 0.0, -0.0, 1.0, -0.0, 0.3, 0.0, 0.0, 1.0, -0.0, 0.0, 0.0, 0.0, 1.0]
            ]
        },
        {
            "name": "Head",
            "time": [0.0, 0.05, 0.1, 0.1333, 0.1833, 0.3667, 0.6],