{
    "animation": [
        {
            "name": "Root",
            "time": [0.0, 0.1, 0.2, 0.625],
            "transform": [
                [1.0, 0.0, 0.0, -5e-06, 0.0, -0.072015, -0.997404, 0.142126, 0.0, 0.997404, -0.072015, 0.764422, 0.0, 0.0, 0.0, 1.0],
                [0.53592, 0.01291, 0.84417, -5e-06, 0.836022, 0.131305, -0.532754, 0.894063, -0.117721, 0.991258, 0.059576, 0.716067, 0.0, 0.0, 0.0, 1.0],
                [0.436416, -0.0, 0.899745, -5e-06, 0.891235, 0.137211, -0.432289, 1.006915, -0.123455, 0.990542, 0.059881, 0.716067, 0.0, 0.0, 0.0, 1.0],
                [0.436416, -0.0, 0.899745, -5e-06, 0.891235, 0.137211, -0.432289, 1.006915, -0.123455, 0.990542, 0.059881, 0.716067, 0.0, 0.0, 0.0, 1.0]
            ]
        },
        {
            "name": "Thigh_R",
            "time": [0.0, 0.1, 0.2, 0.625],
            "transform": [
                [0.999994, 0.002026, -0.002496, 0.125443, 0.003119, -0.799962, 0.60004, -0.002831, -0.000781, -0.600043, -0.799967, -0.001792, 0.0, 0.0, 0.0, 1.0],
                [0.534761, 0.577175, 0.61717, 0.154424, 0.018249, -0.738091, 0.674452, -0.00283, 0.844806, -0.349407, -0.405237, 0.039283, 0.0, 0.0, 0.0, 1.0],
                [0.438335, 0.607848, 0.662104, 0.154424, 0.003553, -0.737807, 0.675, -0.002831, 0.898804, -0.293524, -0.325568, 0.039283, 0.0, 0.0, 0.0, 1.0],
                [0.438335, 0.607848, 0.662104, 0.154424, 0.003553, -0.737807, 0.675, -0.002831, 0.898804, -0.293524, -0.325568, 0.039283, 0.0, 0.0, 0.0, 1.0]
            ]
        },
        {
            "name": "Leg_R",
            "time": [0.0, 0.1, 0.2, 0.625],
            "transform": [
                [1.0, -1e-06, 2e-06, 0.0, -2e-06, -0.104849, 0.994488, 0.37472, -1e-06, -0.994489, -0.104849, -0.0, 0.0, 0.0, 0.0, 1.0],
                [1.0, -0.0, 0.0, -0.0, -0.0, 0.764605, 0.644499, 0.37472, -0.0, -0.6445, 0.764604, 0.0, 0.0, 0.0, 0.0, 1.0],
                [1.0, -0.0, 0.0, 0.0, -0.0, 0.802188, 0.597072, 0.37472, -0.0, -0.597073, 0.802186, -0.0, 0.0, 0.0, 0.0, 1.0],
                [1.0, -0.0, 0.0, 0.0, -0.0, 0.802188, 0.597072, 0.37472, -0.0, -0.597073, 0.802186, -0.0, 0.0, 0.0, 0.0, 1.0]
            ]
        },
        {
            "name": "Knee_R",
            "time": [0.0, 0.1, 0.2, 0.625],
            "transform": [
                [1.0, 0.0, -0.0, 0.0, -0.0, 1e-06, -1.0, 0.492736, -0.0, 1.0, 1e-06, -0.0, 0.0, 0.0, 0.0, 1.0],
                [1.0, 0.0, -0.0, 0.0, -0.0, 1e-06, -1.0, 0.40344, -0.0, 1.0, 1e-06, 0.0, 0.0, 0.0, 0.0, 1.0],
                [1.0, 0.0, -0.0, 0.0, -0.0, 1e-06, -1.0, 0.398791, -0.0, 1.0, 1e-06, -0.0, 0.0, 0.0, 0.0, 1.0],
                [1.0, 0.0, -0.0, 0.0, -0.0, 1e-06, -1.0, 0.398791, -0.0, 1.0, 1e-06, -0.0, 0.0, 0.0, 0.0, 1.0]
            ]
        },
        {
            "name": "Thigh_L",
            "time": [0.0, 0.1, 0.2, 0.625],
            "transform": [
                [0.999994, 0.00058, -0.003285, -0.125371, 0.000398, -0.99847, -0.055285, -0.002831, -0.003312, 0.055284, -0.998465, 2.5e-05, 0.0, 0.0, 0.0, 1.0],
                [0.902397, -0.19356, 0.384985, -0.132895, -0.123855, -0.972243, -0.198502, -0.002831, 0.412721, 0.131445, -0.901323, 0.000798, 0.0, 0.0, 0.0, 1.0],
                [0.901627, -0.212376, 0.376782, -0.132895, -0.15463, -0.971848, -0.177764, -0.002831, 0.403928, 0.102016, -0.909084, 0.000799, 0.0, 0.0, 0.0, 1.0],
                [0.901627, -0.212376, 0.376782, -0.132895, -0.15463, -0.971848, -0.177764, -0.002831, 0.403928, 0.102016, -0.909084, 0.000799, 0.0, 0.0, 0.0, 1.0]
            ]
        },
        {
            "name": "Leg_L",
            "time": [0.0, 0.1, 0.2, 0.625],
            "transform": [
                [1.0, -0.0, 2e-06, 0.0, 0.0, 0.999944, 0.010535, 0.37472, -2e-06, -0.010535, 0.999945, 0.0, 0.0, 0.0, 0.0, 1.0],
                [1.0, 0.0, 1e-06, -0.0, -0.0, 0.999954, 0.009525, 0.37472, -1e-06, -0.009525, 0.999955, 0.0, 0.0, 0.0, 0.0, 1.0],
                [1.0, 0.0, 1e-06, -0.0, -0.0, 0.999956, 0.009329, 0.37472, -1e-06, -0.009329, 0.999957, 0.0, 0.0, 0.0, 0.0, 1.0],
                [1.0, 0.0, 1e-06, -0.0, -0.0, 0.999956, 0.009329, 0.37472, -1e-06, -0.009329, 0.999957, 0.0, 0.0, 0.0, 0.0, 1.0]
            ]
        },
        {
            "name": "Knee_L",
            "time": [0.0, 0.625],
            "transform": [
                [1.0, 0.0, -0.0, 0.0, -0.0, 1e-06, -1.0, 0.37472, -0.0, 1.0, 1e-06, 0.0, 0.0, 0.0, 0.0, 1.0],
                [1.0, 0.0, -0.0, -0.0, -0.0, 1e-06, -1.0, 0.37472, -0.0, 1.0, 1e-06, 0.0, 0.0, 0.0, 0.0, 1.0]
            ]
        },
        {
            "name": "Torso",
            "time": [0.0, 0.1, 0.2, 0.625],
            "transform": [
                [1.0, 0.0, 0.0, 0.0, 0.0, 1.0, 0.0, 0.05, 0.0, 0.0, 1.0, 0.0, 0.0, 0.0, 0.0, 1.0],
                [0.999546, 0.030058, 0.002072, -0.0, -0.03012, 0.99511, 0.094069, 0.05, 0.000766, -0.094088, 0.995564, -0.0, 0.0, 0.0, 0.0, 1.0],
                [0.999546, 0.030068, 0.002172, 0.0, -0.030134, 0.99445, 0.100806, 0.05, 0.000871, -0.100826, 0.994904, 0.0, 0.0, 0.0, 0.0, 1.0],
                [0.999546, 0.030068, 0.002172, 0.0, -0.030134, 0.99445, 0.100806, 0.05, 0.000871, -0.100826, 0.994904, 0.0, 0.0, 0.0, 0.0, 1.0]
            ]
        },
        {
            "name": "Chest",
            "time": [0.0, 0.1, 0.625],
            "transform": [
                [1.0, 0.0, 0.0, 0.0, 0.0, 0.999869, -0.016164, 0.3, 0.0, 0.016164, 0.999869, 0.0, 0.0, 0.0, 0.0, 1.0],
                [1.0, 0.0, 0.0, 0.0, -0.0, 0.997294, 0.073521, 0.3, -0.0, -0.073521, 0.997294, -0.0, 0.0, 0.0, 0.0, 1.0],
                [1.0, -0.0, 0.0, 0.0, 0.0, 0.997294, 0.073521, 0.3, -0.0, -0.073521, 0.997294, -0.0, 0.0, 0.0, 0.0, 1.0]
            ]
        },
        {
            "name": "Head",
            "time": [0.0, 0.1, 0.2, 0.625],
            "transform": [
                [1.0, 0.0, 0.0, 0.0, 0.0, 0.996302, 0.085918, 0.4, 0.0, -0.085918, 0.996302, -0.0, 0.0, 0.0, 0.0, 1.0],
                [0.536618, -0.133283, -0.833233, 0.0, -0.126291, 0.963639, -0.235477, 0.4, 0.834321, 0.231591, 0.500274, 0.0, 0.0, 0.0, 0.0, 1.0],
                [0.43613, -0.147002, -0.887796, -0.0, -0.149887, 0.960919, -0.232742, 0.4, 0.887313, 0.234574, 0.397052, -0.0, 0.0, 0.0, 0.0, 1.0],
                [0.43613, -0.147002, -0.887796, -0.0, -0.149887, 0.960919, -0.232742, 0.4, 0.887313, 0.234574, 0.397052, -0.0, 0.0, 0.0, 0.0, 1.0]
            ]
        },
        {
            "name": "Shoulder_R",
            "time": [0.0, 0.1, 0.2, 0.625],
            "transform": [
                [-0.072275, 0.946251, 0.315255, 0.0, 0.000415, -0.316053, 0.948742, 0.4, 0.997385, 0.068701, 0.02245, -0.0, 0.0, 0.0, 0.0, 1.0],
                [0.293809, 0.919411, 0.261457, 0.0, 0.005537, -0.275162, 0.961382, 0.4, 0.955848, -0.281015, -0.085935, 0.0, 0.0, 0.0, 0.0, 1.0],
                [0.316813, 0.913114, 0.256618, -0.0, 0.006139, -0.272523, 0.96213, 0.4, 0.948468, -0.30324, -0.091945, -0.0, 0.0, 0.0, 0.0, 1.0],
                [0.316813, 0.913114, 0.256618, -0.0, 0.006139, -0.272523, 0.96213, 0.4, 0.948468, -0.30324, -0.091945, -0.0, 0.0, 0.0, 0.0, 1.0]
            ]
        },
        {
            "name": "Arm_R",
            "time": [0.0, 0.1, 0.2, 0.625],
            "transform": [
                [0.641574, -0.690542, 0.333969, 0.0, 0.766996, 0.571819, -0.291102, 0.39386, 0.010048, 0.442916, 0.896507, -0.0, 0.0, 0.0, 0.0, 1.0],
                [0.532845, -0.807324, -0.253585, -0.0, 0.649355, 0.197943, 0.734273, 0.39386, -0.542601, -0.55592, 0.629712, -0.0, 0.0, 0.0, 0.0, 1.0],
                [0.554663, -0.750598, -0.3591, 0.0, 0.561688, 0.019354, 0.827123, 0.39386, -0.613887, -0.660476, 0.432336, 0.0, 0.0, 0.0, 0.0, 1.0],
                [0.554663, -0.750598, -0.3591, -0.0, 0.561688, 0.019354, 0.827123, 0.393861, -0.613887, -0.660476, 0.432336, 0.0, 0.0, 0.0, 0.0, 1.0]
            ]
        },
        {
            "name": "Hand_R",
            "time": [0.0, 0.1, 0.2, 0.625],