{
    "animation": [
        {
            "name": "Root",
            "time": [0.0, 0.0833, 0.15, 0.3167, 0.6],
            "transform": [
                [0.726892, 0.09373, -0.680326, -5e-06, -0.676091, 0.27154, -0.684957, -0.000596, 0.120535, 0.957852, 0.260751, 0.616349, 0.0, 0.0, 0.0, 1.0],
                [0.98037, 0.029859, 0.194891, -5e-06, 0.191831, 0.083922, -0.977833, 0.500271, -0.045552, 0.996025, 0.076546, 0.750297, 0.0, 0.0, 0.0, 1.0],
                [0.41292, 0.048053, 0.909499, -5e-06, 0.910551, 0.0, -0.413397, 1.001139, -0.019865, 0.998845, -0.043755, 0.648837, 0.0, 0.0, 0.0, 1.0],
                [0.320169, 0.047814, 0.946153, -5e-06, 0.947152, 0.004786, -0.320749, 1.001139, -0.019865, 0.998845, -0.043755, 0.648837, 0.0, 0.0, 0.0, 1.0],
                [0.320169, 0.047814, 0.946153, -5e-06, 0.947152, 0.004786, -0.320749, 1.001139, -0.019865, 0.998845, -0.043755, 0.648837, 0.0, 0.0, 0.0, 1.0]
            ]
        },
        {
            "name": "Thigh_R",
            "time": [0.0, 0.0833, 0.15, 0.3167, 0.6],
            "transform": [
                [0.707107, 0.549224, 0.445366, 0.124994, 0.178478, -0.748076, 0.63916, -0.002831, 0.684211, -0.372466, -0.626996, -1.2e-05, 0.0, 0.0, 0.0, 1.0],
                [0.488497, 0.736237, 0.46832, 0.124994, 0.218963, -0.622973, 0.750972, -0.00283, 0.844645, -0.264302, -0.465531, -1.2e-05, 0.0, 0.0, 0.0, 1.0],
                [0.420849, 0.690624, 0.588152, 0.124994, 0.123973, -0.686068, 0.716896, -0.002831, 0.898619, -0.228789, -0.374351, -1.2e-05, 0.0, 0.0, 0.0, 1.0],
                [0.310538, 0.717387, 0.623635, 0.124994, 0.13387, -0.682535, 0.718486, -0.002831, 0.941086, -0.139631, -0.307991, -1.2e-05, 0.0, 0.0, 0.0, 1.0],
                [0.310538, 0.717387, 0.623635, 0.124994, 0.13387, -0.682535, 0.718486, -0.002831, 0.941086, -0.139631, -0.307991, -1.2e-05, 0.0, 0.0, 0.0, 1.0]
            ]
        },
        {
            "name": "Leg_R",
            "time": [0.0, 0.0833, 0.15, 0.3167, 0.6],
            "transform": [
                [1.0, -0.0, 1e-06, -0.0, -0.0, 0.796138, 0.605115, 0.37472, -1e-06, -0.605116, 0.796137, 0.0, 0.0, 0.0, 0.0, 1.0],
                [1.0, -0.0, 0.0, -0.0, -0.0, -0.051337, 0.998681, 0.37472, -1e-06, -0.998682, -0.051337, -0.0, 0.0, 0.0, 0.0, 1.0],
                [1.0, -0.0, 1e-06, -0.0, -0.0, 0.689329, 0.724449, 0.37472, -0.0, -0.72445, 0.689328, -0.0, 0.0, 0.0, 0.0, 1.0],
                [1.0, -0.0, 1e-06, -0.0, -0.0, 0.684828, 0.728705, 0.37472, -1e-06, -0.728706, 0.684827, -0.0, 0.0, 0.0, 0.0, 1.0],
                [1.0, -0.0, 1e-06, -0.0, -0.0, 0.684828, 0.728705, 0.37472, -1e-06, -0.728706, 0.684827, -0.0, 0.0, 0.0, 0.0, 1.0]
            ]
        },
        {
            "name": "Knee_R",
            "time": [0.0, 0.0833, 0.15, 0.3167, 0.6],
            "transform": [
                [1.0, 0.0, -0.0, -0.0, -0.0, 1e-06, -1.0, 0.397032, -0.0, 1.0, 1e-06, -0.0, 0.0, 0.0, 0.0, 1.0],
                [1.0, 0.0, -0.0, -0.0, -0.0, 1e-06, -1.0, 0.47972, -0.0, 1.0, 1e-06, -0.0, 0.0, 0.0, 0.0, 1.0],
                [1.0, 0.0, -0.0, -0.0, -0.0, 1e-06, -1.0, 0.411428, -0.0, 1.0, 1e-06, -0.0, 0.0, 0.0, 0.0, 1.0],
                [1.0, 0.0, -0.0, 0.0, -0.0, 1e-06, -1.0, 0.411984, -0.0, 1.0, 1e-06, -0.0, 0.0, 0.0, 0.0, 1.0],
                [1.0, 0.0, -0.0, 0.0, -0.0, 1e-06, -1.0, 0.411984, -0.0, 1.0, 1e-06, -0.0, 0.0, 0.0, 0.0, 1.0]
            ]
        },
        {
            "name": "Thigh_L",
            "time": [0.0, 0.0667, 0.1167, 0.15, 0.3167, 0.6],
            "transform": [
                [0.697652, -0.64952, -0.302332, -0.125007, 0.108118, -0.321711, 0.940645, -0.00283, -0.708231, -0.688929, -0.154218, -1.1e-05, 0.0, 0.0, 0.0, 1.0],
                [0.752128, -0.029989, -0.658334, -0.125006, 0.218736, -0.930971, 0.292308, -0.00283, -0.621656, -0.363854, -0.693652, -1.1e-05, 0.0, 0.0, 0.0, 1.0],
                [0.856108, -0.28772, -0.429296, -0.125006, -0.080853, -0.895026, 0.438621, -0.00283, -0.510432, -0.340796, -0.789504, -1.2e-05, 0.0, 0.0, 0.0, 1.0],
                [0.846962, -0.480726, -0.227059, -0.125006, -0.31157, -0.794867, 0.520682, -0.00283, -0.430787, -0.370253, -0.823004, -1.2e-05, 0.0, 0.0, 0.0, 1.0],
                [0.851374, -0.47149, -0.229908, -0.125006, -0.279188, -0.778343, 0.562347, -0.00283, -0.444089, -0.41458, -0.794297, -1.1e-05, 0.0, 0.0, 0.0, 1.0],
                [0.851374, -0.47149, -0.229908, -0.125006, -0.279188, -0.778343, 0.562347, -0.00283, -0.444089, -0.41458, -0.794297, -1.1e-05, 0.0, 0.0, 0.0, 1.0]
            ]
        },
        {
            "name": "Leg_L",
            "time": [0.0, 0.0667, 0.1167, 0.15, 0.3167, 0.6],
            "transform": [
                [1.0, -1e-06, 1e-06, -0.0, -0.0, 0.563161, 0.826348, 0.37472, -1e-06, -0.826347, 0.563161, -0.0, 0.0, 0.0, 0.0, 1.0],
                [1.0, -0.0, 0.0, -0.0, 0.0, 0.999986, 0.005191, 0.37472, -0.0, -0.005191, 0.999987, 0.0, 0.0, 0.0, 0.0, 1.0],
                [1.0, -1e-06, 1e-06, -0.0, -0.0, 0.740115, 0.67248, 0.37472, -1e-06, -0.67248, 0.740115, -0.0, 0.0, 0.0, 0.0, 1.0],
                [1.0, -1e-06, 1e-06, 0.0, 0.0, 0.67134, 0.741149, 0.37472, -1e-06, -0.741149, 0.671341, 0.0, 0.0, 0.0, 0.0, 1.0],
                [1.0, -1e-06, 1e-06, 0.0, -0.0, 0.67404, 0.738695, 0.37472, -1e-06, -0.738695, 0.67404, 0.0, 0.0, 0.0, 0.0, 1.0],
                [1.0, -1e-06, 1e-06, 0.0, -0.0, 0.67404, 0.738695, 0.37472, -1e-06, -0.738695, 0.67404, 0.0, 0.0, 0.0, 0.0, 1.0]
            ]
        },
        {
            "name": "Knee_L",
            "time": [0.0, 0.0667, 0.1167, 0.15, 0.3167, 0.6],
            "transform": [
                [1.0, 0.0, -0.0, 0.0, -0.0, 1e-06, -1.0, 0.426006, -0.0, 1.0, 1e-06, -0.0, 0.0, 0.0, 0.0, 1.0],
                [1.0, 0.0, -0.0, -0.0, -0.0, 1e-06, -1.0, 0.37472, -0.0, 1.0, 1e-06, -0.0, 0.0, 0.0, 0.0, 1.0],
                [1.0, 0.0, -0.0, 0.0, -0.0, 1e-06, -1.0, 0.404902, -0.0, 1.0, 1e-06, -0.0, 0.0, 0.0, 0.0, 1.0],
                [1.0, 0.0, -0.0, -0.0, -0.0, 1e-06, -1.0, 0.413632, -0.0, 1.0, 1e-06, -0.0, 0.0, 0.0, 0.0, 1.0],
                [1.0, 0.0, -0.0, 0.0, -0.0, 1e-06, -1.0, 0.413304, -0.0, 1.0, 1e-06, 0.0, 0.0, 0.0, 0.0, 1.0],
                [1.0, 0.0, -0.0, 0.0, -0.0, 1e-06, -1.0, 0.413304, -0.0, 1.0, 1e-06, 0.0, 0.0, 0.0, 0.0, 1.0]
            ]
        },
        {
            "name": "Torso",
            "time": [0.0, 0.1167, 0.3167, 0.6],
            "transform": [
                [0.999735, -0.021482, -0.008254, 0.0, 0.021303, 0.999548, -0.021205, 0.05, 0.008706, 0.021023, 0.999741, 0.0, 0.0, 0.0, 0.0, 1.0],
                [0.999735, -0.021482, -0.008253, -0.0, 0.021303, 0.999548, -0.021202, 0.05, 0.008705, 0.021021, 0.999741, -0.0, 0.0, 0.0, 0.0, 1.0],
                [0.999735, -0.021482, -0.008252, 0.0, 0.021303, 0.999548, -0.0212, 0.05, 0.008704, 0.021019, 0.999741, -0.0, 0.0, 0.0, 0.0, 1.0],
                [0.999735, -0.021482, -0.008252, 0.0, 0.021303, 0.999548, -0.0212, 0.05, 0.008704, 0.021019, 0.999741, -0.0, 0.0, 0.0, 0.0, 1.0]
            ]
        },
        {
            "name": "Chest",
            "time": [0.0, 0.1167, 0.3167, 0.6],
            "transform": [
                [0.997686, 0.062387, 0.027016, -0.0, -0.063952, 0.996053, 0.061558, 0.3, -0.023069, -0.063143, 0.997738, -0.0, 0.0, 0.0, 0.0, 1.0],
                [0.997686, 0.062387, 0.027015, 0.0, -0.063952, 0.996053, 0.061557, 0.3, -0.023068, -0.063142, 0.997738, -0.0, 0.0, 0.0, 0.0, 1.0],
                [0.997686, 0.062387, 0.027015, 0.0, -0.063952, 0.996053, 0.061556, 0.3, -0.023068, -0.063142, 0.997738, 0.0, 0.0, 0.0, 0.0, 1.0],
                [0.997686, 0.062387, 0.027015, 0.0, -0.063952, 0.996053, 0.061556, 0.3, -0.023068, -0.063142, 0.997738, 0.0, 0.0, 0.0, 0.0, 1.0]
            ]
        },
        {
            "name": "Head",
            "time": [0.0, 0.1167, 0.3167, 0.6],