{
    "animation": [
        {
            "name": "Root",
            "time": [0.0, 0.3, 0.3667, 0.75],
            "transform": [
                [1.0, 0.0, 0.0, -5e-06, 0.0, 0.26598, -0.963978, 6e-05, 0.0, 0.963978, 0.26598, 0.539844, 0.0, 0.0, 0.0, 1.0],
                [1.0, 0.0, 0.0, -5e-06, 0.0, 0.420625, -0.907235, 0.538357, 0.0, 0.907235, 0.420625, 0.564375, 0.0, 0.0, 0.0, 1.0],
                [1.0, 0.0, 0.0, -5e-06, 0.0, 0.543946, -0.83912, 0.998733, 0.0, 0.83912, 0.543946, 0.544072, 0.0, 0.0, 0.0, 1.0],
                [1.0, 0.0, 0.0, -5e-06, 0.0, 0.543946, -0.83912, 1.032111, 0.0, 0.83912, 0.543946, 0.544072, 0.0, 0.0, 0.0, 1.0]
            ]
        },
        {
            "name": "Thigh_R",
            "time": [0.0, 0.3, 0.3667, 0.75],
            "transform": [
                [0.701339, 0.560424, 0.440508, 0.141047, 0.194409, -0.744923, 0.638194, -0.000433, 0.685805, -0.36195, -0.631398, 0.047427, 0.0, 0.0, 0.0, 1.0],
                [0.987189, 0.152948, -0.045422, 0.141047, 0.101545, -0.382699, 0.918275, -0.000433, 0.123066, -0.911122, -0.393331, 0.047427, 0.0, 0.0, 0.0, 1.0],
                [0.999984, 0.00313, -0.004703, 0.141047, 0.004495, 0.064044, 0.997937, -0.000433, 0.003425, -0.99794, 0.064027, 0.047427, 0.0, 0.0, 0.0, 1.0],
                [0.99997, 0.001385, -0.007548, 0.141047, 0.007448, 0.062773, 0.998, -0.000433, 0.001856, -0.998025, 0.062759, 0.047427, 0.0, 0.0, 0.0, 1.0]
            ]
        },
        {
            "name": "Leg_R",
            "time": [0.0, 0.3, 0.3667, 0.75],
            "transform": [
                [1.0, -1e-06, 0.0, -0.0, -0.0, 0.237497, 0.971388, 0.37472, -1e-06, -0.971389, 0.237495, -0.0, 0.0, 0.0, 0.0, 1.0],
                [1.0, -1e-06, 0.0, 0.0, -0.0, -0.43625, 0.899826, 0.37472, -1e-06, -0.899827, -0.436248, 0.0, 0.0, 0.0, 0.0, 1.0],
                [1.0, -0.0, 0.0, 0.0, -0.0, 0.516578, 0.85624, 0.37472, -1e-06, -0.856243, 0.516573, 0.0, 0.0, 0.0, 0.0, 1.0],
                [1.0, -0.0, 0.0, 0.0, -0.0, 0.440075, 0.89796, 0.37472, -1e-06, -0.897964, 0.440071, 0.0, 0.0, 0.0, 0.0, 1.0]
            ]
        },
        {
            "name": "Knee_R",
            "time": [0.0, 0.3667, 0.75],
            "transform": [
                [1.0, 0.0, -0.0, -0.0, -0.0, 1e-06, -1.0, 0.458189, -0.0, 1.0, 1e-06, -0.0, 0.0, 0.0, 0.0, 1.0],
                [1.0, 0.0, -0.0, 0.0, -0.0, 1e-06, -1.0, 0.430977, -0.0, 1.0, 1e-06, 0.0, 0.0, 0.0, 0.0, 1.0],
                [1.0, 0.0, -0.0, 0.0, -0.0, 1e-06, -1.0, 0.438804, -0.0, 1.0, 1e-06, -0.0, 0.0, 0.0, 0.0, 1.0]
            ]
        },
        {
            "name": "Thigh_L",
            "time": [0.0, 0.3667, 0.75],
            "transform": [
                [0.999726, 0.011966, 0.020107, -0.150788, -0.017899, -0.162286, 0.986581, -0.0045, 0.015068, -0.98667, -0.16203, 0.029466, 0.0, 0.0, 0.0, 1.0],
                [0.980615, -0.049123, -0.189684, -0.125006, -0.034399, -0.996188, 0.080145, -0.002831, -0.192898, -0.072064, -0.978569, -1.2e-05, 0.0, 0.0, 0.0, 1.0],
                [0.9809, -0.008664, -0.194318, -0.125006, -0.040364, -0.986324, -0.15979, -0.002831, -0.190276, 0.164583, -0.967836, -1.2e-05, 0.0, 0.0, 0.0, 1.0]
            ]
        },
        {
            "name": "Leg_L",
            "time": [0.0, 0.3667, 0.75],
            "transform": [
                [1.0, -0.0, 0.0, -0.0, -0.0, 0.42697, 0.904266, 0.37472, -1e-06, -0.904267, 0.426967, 0.0, 0.0, 0.0, 0.0, 1.0],
                [1.0, 0.0, 1e-06, -0.0, 0.0, 0.874398, 0.485213, 0.37472, -1e-06, -0.48521, 0.874397, 0.0, 0.0, 0.0, 0.0, 1.0],
                [1.0, 1e-06, 1e-06, 0.0, 0.0, 0.996067, 0.088606, 0.37472, -1e-06, -0.088604, 0.996067, -0.0, 0.0, 0.0, 0.0, 1.0]
            ]
        },
        {
            "name": "Knee_L",
            "time": [0.0, 0.75],
            "transform": [
                [1.0, 0.0, -0.0, 0.0, -0.0, 1e-06, -1.0, 0.44011, -0.0, 1.0, 1e-06, -0.0, 0.0, 0.0, 0.0, 1.0],
                [1.0, 0.0, -0.0, 0.0, -0.0, 1e-06, -1.0, 0.37472, -0.0, 1.0, 1e-06, -0.0, 0.0, 0.0, 0.0, 1.0]
            ]
        },
        {
            "name": "Torso",
            "time": [0.0, 0.75],
            "transform": [
                [1.0, 0.0, 0.0, 0.0, 0.0, 1.0, 0.0, 0.05, 0.0, 0.0, 1.0, 0.0, 0.0, 0.0, 0.0, 1.0],
                [1.0, 0.0, 0.0, 0.0, 0.0, 1.0, 0.0, 0.05, 0.0, 0.0, 1.0, 0.0, 0.0, 0.0, 0.0, 1.0]
            ]
        },
        {
            "name": "Chest",
            "time": [0.0, 0.3667, 0.75],
            "transform": [
                [0.999985, -0.005378, -0.000551, 0.0, 0.005234, 0.937485, 0.347986, 0.3, -0.001355, -0.347984, 0.9375, -0.0, 0.0, 0.0, 0.0, 1.0],
                [0.999985, -0.005378, -0.000551, 0.0, 0.005234, 0.937485, 0.347986, 0.3, -0.001355, -0.347984, 0.9375, 0.0, 0.0, 0.0, 0.0, 1.0],
                [0.999985, -0.005378, -0.000551, 0.0, 0.005234, 0.937485, 0.347986, 0.3, -0.001355, -0.347984, 0.9375, 0.0, 0.0, 0.0, 0.0, 1.0]
            ]
        },
        {
            "name": "Head",
            "time": [0.0, 0.3667, 0.75],
            "transform": [
                [0.999998, -0.000199, -0.002103, -0.0, -0.000622, 0.923651, -0.383233, 0.4, 0.002019, 0.383234, 0.923649, -0.0, 0.0, 0.0, 0.0, 1.0],
                [0.999935, 0.004815, -0.010328, 0.0, -0.010027, 0.802359, -0.596757, 0.4, 0.005413, 0.596822, 0.802355, -0.0, 0.0, 0.0, 0.0, 1.0],
                [0.999935, 0.004815, -0.010328, 0.0, -0.010027, 0.802359, -0.596757, 0.4, 0.005413, 0.596822, 0.802355, -0.0, 0.0, 0.0, 0.0, 1.0]
            ]
        },
        {
            "name": "Shoulder_R",
            "time": [0.0, 0.05, 0.2167, 0.3, 0.3667, 0.75],
            "transform": [
                [0.245974, 0.960457, -0.130456, -0.0, 0.080199, 0.113963, 0.990243, 0.4, 0.965953, -0.254036, -0.048996, -0.0, 0.0, 0.0, 0.0, 1.0],
                [0.407877, 0.878311, -0.249412, -0.0, 0.118456, 0.219954, 0.968291, 0.4, 0.90532, -0.424488, -0.014327, 0.0, 0.0, 0.0, 0.0, 1.0],
                [0.510525, 0.794889, -0.327894, 0.0, 0.156739, 0.288916, 0.944436, 0.4, 0.845456, -0.533552, 0.022909, -0.0, 0.0, 0.0, 0.0, 1.0],
                [0.509415, 0.795579, -0.327948, 0.0, -0.051075, 0.408386, 0.911379, 0.4, 0.859004, -0.44752, 0.248672, 0.0, 0.0, 0.0, 0.0, 1.0],
                [-0.408344, 0.732169, 0.545144, 0.0, 0.066979, -0.571561, 0.817821, 0.4, 0.910367, 0.370466, 0.184354, -0.0, 0.0, 0.0, 0.0, 1.0],
                [-0.408344, 0.732169, 0.545144, 0.0, 0.066979, -0.571561, 0.817821, 0.4, 0.910367, 0.370466, 0.184354, -0.0, 0.0, 0.0, 0.0, 1.0]
            ]
        },
        {
            "name": "Arm_R",
            "time": [0.0, 0.05, 0.2167, 0.3, 0.3667, 0.75],
            "transform": [
                [0.503033, -0.830903, -0.237818, 0.0, 0.123188, 0.34129, -0.931851, 0.39386, 0.855443, 0.439456, 0.274038, 0.0, 0.0, 0.0, 0.0, 1.0],
                [0.612015, -0.787159, 0.076273, -0.0, 0.133525, 0.007789, -0.991015, 0.393861, 0.779492, 0.616701, 0.109873, -0.0, 0.0, 0.0, 0.0, 1.0],
                [0.705783, -0.672345, 0.22321, -0.0, 0.113508, -0.203682, -0.972435, 0.393861, 0.699276, 0.711664, -0.067439, 0.0, 0.0, 0.0, 0.0, 1.0],
                [0.664307, -0.732051, -0.150988, -0.0, -0.103037, 0.110387, -0.988533, 0.393861, 0.740324, 0.672247, -0.002098, -0.0, 0.0, 0.0, 0.0, 1.0],
                [0.863016, -0.067772, -0.50061, 0.0, 0.162534, 0.97552, 0.148132, 0.393861, 0.478316, -0.209206, 0.852905, 0.0, 0.0, 0.0, 0.0, 1.0],
                [0.86932, -0.035781, -0.492953, 0.0, 0.152662, 0.968045, 0.198954, 0.393861, 0.470082, -0.24821, 0.847004, 0.0, 0.0, 0.0, 0.0, 1.0]
            ]
        },
        {
            "name": "Hand_R",
            "time": [0.0, 0.05, 0.2167, 0.3, 0.75],