{
    "animation": [
        {
            "name": "Root",
            "time": [0.0, 0.1167, 0.2, 0.2667, 0.7667],
            "transform": [
                [0.999912, 0.0, -0.013243, -5e-06, -0.013243, 0.0, -0.999912, 0.005278, 0.0, 1.0, 0.0, 0.585007, 0.0, 0.0, 0.0, 1.0],
                [0.999912, 0.0, -0.013243, -5e-06, -0.013243, 0.0, -0.999912, 0.006159, 0.0, 1.0, 0.0, 0.585007, 0.0, 0.0, 0.0, 1.0],
                [0.999943, 0.000448, -0.010657, -5e-06, -0.010216, 0.327412, -0.944826, 2.961379, 0.003066, 0.944881, 0.327398, 0.585506, 0.0, 0.0, 0.0, 1.0],
                [1.0, 0.0, 0.0, -5e-06, 0.0, 0.413874, -0.910334, 4.09428, 0.0, 0.910334, 0.413874, 0.513668, 0.0, 0.0, 0.0, 1.0],
                [1.0, 0.0, 0.0, -5e-06, 0.0, 0.413874, -0.910334, 4.09428, 0.0, 0.910334, 0.413874, 0.513668, 0.0, 0.0, 0.0, 1.0]
            ]
        },
        {
            "name": "Thigh_R",
            "time": [0.0, 0.1167, 0.2, 0.2667, 0.7667],
            "transform": [
                [0.976389, 0.129612, 0.172815, 0.124994, 0.164603, -0.964472, -0.206628, -0.002831, 0.139894, 0.230195, -0.963037, -1.2e-05, 0.0, 0.0, 0.0, 1.0],
                [0.976389, 0.129612, 0.172815, 0.124994, 0.164603, -0.964472, -0.206627, -0.002831, 0.139894, 0.230194, -0.963037, -1.2e-05, 0.0, 0.0, 0.0, 1.0],
                [0.983984, 0.112216, 0.138499, 0.124994, 0.111337, -0.99368, 0.014104, -0.003116, 0.139207, 0.001543, -0.990263, -5.5e-05, 0.0, 0.0, 0.0, 1.0],
                [0.998875, 0.047414, 0.000762, 0.124994, 0.046926, -0.986013, -0.159914, -0.002831, -0.006831, 0.15977, -0.987131, -1.1e-05, 0.0, 0.0, 0.0, 1.0],
                [0.998875, 0.047414, 0.000762, 0.124994, 0.046926, -0.986013, -0.159914, -0.002831, -0.006831, 0.15977, -0.987131, -1.1e-05, 0.0, 0.0, 0.0, 1.0]
            ]
        },
        {
            "name": "Leg_R",
            "time": [0.0, 0.1167, 0.2, 0.2667, 0.7667],
            "transform": [
                [1.0, -1e-06, 1e-06, -0.0, -0.0, 0.722175, 0.691711, 0.37472, -1e-06, -0.691712, 0.722173, -0.0, 0.0, 0.0, 0.0, 1.0],
                [1.0, -1e-06, 1e-06, -0.0, -0.0, 0.722173, 0.691712, 0.37472, -1e-06, -0.691713, 0.722172, 0.0, 0.0, 0.0, 0.0, 1.0],
                [1.0, -0.0, 1e-06, -0.0, -0.0, 0.761949, 0.647637, 0.37472, -1e-06, -0.647638, 0.761948, -0.0, 0.0, 0.0, 0.0, 1.0],
                [1.0, -0.0, 1e-06, -0.0, -0.0, 0.894959, 0.446149, 0.37472, -1e-06, -0.44615, 0.894958, -0.0, 0.0, 0.0, 0.0, 1.0],
                [1.0, -0.0, 1e-06, -0.0, -0.0, 0.894959, 0.446149, 0.37472, -1e-06, -0.44615, 0.894958, -0.0, 0.0, 0.0, 0.0, 1.0]
            ]
        },
        {
            "name": "Knee_R",
            "time": [0.0, 0.1167, 0.2, 0.2667, 0.7667],
            "transform": [
                [1.0, 0.0, -0.0, 0.0, -0.0, 1e-06, -1.0, 0.406094, -0.0, 1.0, 1e-06, -0.0, 0.0, 0.0, 0.0, 1.0],
                [1.0, 0.0, -0.0, -0.0, -0.0, 1e-06, -1.0, 0.405421, -0.0, 1.0, 1e-06, 0.0, 0.0, 0.0, 0.0, 1.0],
                [1.0, 0.0, -0.0, -0.000112, -0.0, 1e-06, -1.0, 0.388831, -0.0, 1.0, 1e-06, 0.001046, 0.0, 0.0, 0.0, 1.0],
                [1.0, 0.0, -0.0, -0.0, -0.0, 1e-06, -1.0, 0.37472, -0.0, 1.0, 1e-06, -0.0, 0.0, 0.0, 0.0, 1.0],
                [1.0, 0.0, -0.0, -0.0, -0.0, 1e-06, -1.0, 0.37472, -0.0, 1.0, 1e-06, -0.0, 0.0, 0.0, 0.0, 1.0]
            ]
        },
        {
            "name": "Thigh_L",
            "time": [0.0, 0.1167, 0.2, 0.2667, 0.7667],
            "transform": [
                [0.999465, -0.021032, -0.025042, -0.125006, 0.010493, -0.519045, 0.854683, -0.002831, -0.030974, -0.854487, -0.518547, -1.2e-05, 0.0, 0.0, 0.0, 1.0],
                [0.999523, -0.02016, -0.023399, -0.125006, 0.00954, -0.519037, 0.854698, -0.002831, -0.029376, -0.854513, -0.518598, -1.1e-05, 0.0, 0.0, 0.0, 1.0],
                [0.999826, -0.015442, -0.010457, -0.125006, 0.007115, -0.202466, 0.979263, -0.002545, -0.017239, -0.979167, -0.202321, 3.2e-05, 0.0, 0.0, 0.0, 1.0],
                [0.999922, 0.007371, 0.01006, -0.125006, -0.010692, 0.091585, 0.99574, -0.002831, 0.006418, -0.99577, 0.091657, -1.1e-05, 0.0, 0.0, 0.0, 1.0],
                [0.999922, 0.007371, 0.01006, -0.125006, -0.010692, 0.091585, 0.99574, -0.002831, 0.006418, -0.99577, 0.091657, -1.1e-05, 0.0, 0.0, 0.0, 1.0]
            ]
        },
        {
            "name": "Leg_L",
            "time": [0.0, 0.1167, 0.2, 0.2667, 0.7667],
            "transform": [
                [1.0, -1e-06, 1e-06, -0.0, -1e-06, 0.561409, 0.827539, 0.37472, -1e-06, -0.827538, 0.561409, 0.0, 0.0, 0.0, 0.0, 1.0],
                [1.0, -1e-06, 5e-06, -0.0, -4e-06, 0.56141, 0.827538, 0.37472, -3e-06, -0.827537, 0.56141, 0.0, 0.0, 0.0, 0.0, 1.0],
                [1.0, -1e-06, 5e-06, 0.0, -4e-06, 0.511772, 0.859122, 0.37472, -3e-06, -0.859121, 0.511772, 0.0, 0.0, 0.0, 0.0, 1.0],
                [1.0, -1e-06, 4e-06, 0.0, -4e-06, 0.293049, 0.956098, 0.37472, -2e-06, -0.956097, 0.29305, 0.0, 0.0, 0.0, 0.0, 1.0],
                [1.0, -1e-06, 4e-06, 0.0, -4e-06, 0.293049, 0.956098, 0.37472, -2e-06, -0.956097, 0.29305, 0.0, 0.0, 0.0, 0.0, 1.0]
            ]
        },
        {
            "name": "Knee_L",
            "time": [0.0, 0.1167, 0.2, 0.2667, 0.7667],
            "transform": [
                [1.0, 0.0, -0.0, 0.0, -0.0, 1e-06, -1.0, 0.418692, -0.0, 1.0, 1e-06, 0.0, 0.0, 0.0, 0.0, 1.0],
                [1.0, 0.0, -0.0, 0.0, -0.0, 1e-06, -1.0, 0.416315, -0.0, 1.0, 1e-06, 0.0, 0.0, 0.0, 0.0, 1.0],
                [1.0, 0.0, -0.0, 0.000112, -0.0, 1e-06, -1.0, 0.426603, -0.0, 1.0, 1e-06, 0.000176, 0.0, 0.0, 0.0, 1.0],
                [1.0, 0.0, -0.0, 0.000146, -0.0, 1e-06, -1.0, 0.44576, -0.0, 1.0, 1e-06, 0.000766, 0.0, 0.0, 0.0, 1.0],
                [1.0, 0.0, -0.0, 0.000146, -0.0, 1e-06, -1.0, 0.44576, -0.0, 1.0, 1e-06, 0.000766, 0.0, 0.0, 0.0, 1.0]
            ]
        },
        {
            "name": "Torso",
            "time": [0.0, 0.1167, 0.2, 0.2667, 0.7667],
            "transform": [
                [1.0, -0.000644, 1.4e-05, -0.0, 0.000644, 0.999112, -0.042126, 0.05, 1.3e-05, 0.042126, 0.999112, -0.0, 0.0, 0.0, 0.0, 1.0],
                [1.0, 0.0, -0.0, 0.0, 0.0, 0.999029, -0.044054, 0.05, 0.0, 0.044054, 0.999029, -0.0, 0.0, 0.0, 0.0, 1.0],
                [0.999999, -0.001302, -0.000135, 0.0, 0.001308, 0.992473, 0.122457, 0.05, -2.5e-05, -0.122457, 0.992474, 0.0, 0.0, 0.0, 0.0, 1.0],
                [1.0, -0.0, -0.0, 0.0, 0.0, 0.987654, 0.156651, 0.05, 0.0, -0.156651, 0.987654, 0.0, 0.0, 0.0, 0.0, 1.0],
                [1.0, -0.0, -0.0, 0.0, 0.0, 0.987654, 0.156651, 0.05, 0.0, -0.156651, 0.987654, 0.0, 0.0, 0.0, 0.0, 1.0]
            ]
        },
        {
            "name": "Chest",
            "time": [0.0, 0.1167, 0.2, 0.2667, 0.7667],
            "transform": [
                [0.999844, -0.002803, -0.017446, -0.0, -0.000254, 0.984958, -0.172797, 0.3, 0.017668, 0.172774, 0.984803, -0.0, 0.0, 0.0, 0.0, 1.0],
                [1.0, -0.0, -0.0, 0.0, -0.0, 0.940908, -0.338662, 0.3, 0.0, 0.338662, 0.940908, 0.0, 0.0, 0.0, 0.0, 1.0],
                [1.0, -0.0, -0.0, 0.0, 0.0, 1.0, -0.0, 0.3, 0.0, -0.0, 1.0, -0.0, 0.0, 0.0, 0.0, 1.0],
                [1.0, -0.0, -0.0, -0.0, 0.0, 0.970065, 0.242848, 0.3, 0.0, -0.242848, 0.970064, 0.0, 0.0, 0.0, 0.0, 1.0],
                [1.0, -0.0, -0.0, -0.0, 0.0, 0.970065, 0.242848, 0.3, 0.0, -0.242848, 0.970064, 0.0, 0.0, 0.0, 0.0, 1.0]
            ]
        },
        {
            "name": "Head",
            "time": [0.0, 0.1167, 0.2, 0.2667, 0.7667],