{
    "animation": [
        {
            "name": "Root",
            "time": [0.0, 0.1333, 0.3667, 0.6],
            "transform": [
                [0.951022, 0.0, 0.309124, -5e-06, 0.309124, 0.0, -0.951022, 0.762034, 0.0, 1.0, 0.0, 0.698149, 0.0, 0.0, 0.0, 1.0],
                [0.417654, -0.0, 0.908606, -5e-06, 0.889865, 0.202057, -0.40904, 1.002813, -0.18359, 0.979374, 0.08439, 0.535102, 0.0, 0.0, 0.0, 1.0],
                [0.320841, -0.021447, 0.94689, -5e-06, 0.929169, 0.200916, -0.310286, 1.002813, -0.18359, 0.979374, 0.08439, 0.535102, 0.0, 0.0, 0.0, 1.0],
                [0.320841, -0.021447, 0.94689, -5e-06, 0.929169, 0.200916, -0.310286, 1.002813, -0.18359, 0.979374, 0.08439, 0.535102, 0.0, 0.0, 0.0, 1.0]
            ]
        },
        {
            "name": "Thigh_R",
            "time": [0.0, 0.0667, 0.1333, 0.3667, 0.6],
            "transform": [
                [0.948964, 0.206828, 0.238094, 0.124994, 0.008556, -0.771535, 0.636127, -0.002831, 0.315268, -0.601623, -0.733931, -1.2e-05, 0.0, 0.0, 0.0, 1.0],
                [0.833647, 0.433216, 0.34257, 0.124994, 0.068165, -0.696226, 0.714577, -0.002831, 0.548073, -0.572352, -0.60994, -1.2e-05, 0.0, 0.0, 0.0, 1.0],
                [0.568274, 0.822746, 0.012286, 0.124994, 0.18984, -0.14562, 0.970956, -0.002831, 0.80064, -0.549436, -0.238946, -1.2e-05, 0.0, 0.0, 0.0, 1.0],
                [0.529322, 0.848418, 0.000964, 0.124994, 0.255468, -0.160465, 0.953408, -0.002831, 0.809044, -0.504413, -0.301684, -1.2e-05, 0.0, 0.0, 0.0, 1.0],
                [0.529322, 0.848418, 0.000964, 0.124994, 0.255468, -0.160465, 0.953408, -0.002831, 0.809044, -0.504413, -0.301684, -1.2e-05, 0.0, 0.0, 0.0, 1.0]
            ]
        },
        {
            "name": "Leg_R",
            "time": [0.0, 0.0667, 0.1333, 0.3667, 0.6],
            "transform": [
                [1.0, -0.0, 1e-06, -0.0, -0.0, 0.487965, 0.872864, 0.37472, -1e-06, -0.872864, 0.487962, -0.0, 0.0, 0.0, 0.0, 1.0],
                [1.0, 0.0, 1e-06, 0.0, -0.0, 0.999989, 0.004928, 0.37472, -1e-06, -0.004929, 0.999986, 0.0, 0.0, 0.0, 0.0, 1.0],
                [1.0, -1e-06, 0.0, -0.0, -0.0, 0.307716, 0.951477, 0.37472, -1e-06, -0.951481, 0.307712, 0.0, 0.0, 0.0, 0.0, 1.0],
                [1.0, -1e-06, 1e-06, 0.0, -0.0, 0.296169, 0.955135, 0.37472, -1e-06, -0.955138, 0.296165, 0.0, 0.0, 0.0, 0.0, 1.0],
                [1.0, -1e-06, 1e-06, 0.0, -0.0, 0.296169, 0.955135, 0.37472, -1e-06, -0.955138, 0.296165, 0.0, 0.0, 0.0, 0.0, 1.0]
            ]
        },
        {
            "name": "Knee_R",
            "time": [0.0, 0.0667, 0.1333, 0.6],
            "transform": [
                [1.0, 0.0, -0.0, 0.0, -0.0, 1e-06, -1.0, 0.433948, -0.0, 1.0, 1e-06, -0.0, 0.0, 0.0, 0.0, 1.0],
                [1.0, 0.0, -0.0, 0.0, -0.0, 1e-06, -1.0, 0.37472, -0.0, 1.0, 1e-06, 0.0, 0.0, 0.0, 0.0, 1.0],
                [1.0, 0.0, -0.0, -0.0, -0.0, 1e-06, -1.0, 0.451634, -0.0, 1.0, 1e-06, 0.0, 0.0, 0.0, 0.0, 1.0],
                [1.0, 0.0, -0.0, -0.0, -0.0, 1e-06, -1.0, 0.452722, -0.0, 1.0, 1e-06, -0.0, 0.0, 0.0, 0.0, 1.0]
            ]
        },
        {
            "name": "Thigh_L",
            "time": [0.0, 0.0667, 0.1333, 0.3667, 0.6],
            "transform": [
                [0.950342, -0.133881, 0.280934, -0.125006, -0.008006, -0.912951, -0.407987, -0.002831, 0.311102, 0.385479, -0.86869, -1.2e-05, 0.0, 0.0, 0.0, 1.0],
                [0.95129, -0.268379, 0.151718, -0.125006, -0.267821, -0.963155, -0.024477, -0.002831, 0.152698, -0.017347, -0.98812, -1.2e-05, 0.0, 0.0, 0.0, 1.0],
                [0.831, -0.542503, -0.122996, -0.125007, -0.449105, -0.784772, 0.427124, -0.002831, -0.32824, -0.2997, -0.895789, -1.1e-05, 0.0, 0.0, 0.0, 1.0],
                [0.837383, -0.53968, -0.086791, -0.125006, -0.432006, -0.750695, 0.499824, -0.00283, -0.334899, -0.381048, -0.861768, -1.1e-05, 0.0, 0.0, 0.0, 1.0],
                [0.837383, -0.53968, -0.086791, -0.125006, -0.432006, -0.750695, 0.499824, -0.00283, -0.334899, -0.381048, -0.861768, -1.1e-05, 0.0, 0.0, 0.0, 1.0]
            ]
        },
        {
            "name": "Leg_L",
            "time": [0.0, 0.0667, 0.1333, 0.3667, 0.6],
            "transform": [
                [1.0, 0.0, 1e-06, 0.0, -0.0, 0.999985, 0.005651, 0.37472, -1e-06, -0.00565, 0.999984, -0.0, 0.0, 0.0, 0.0, 1.0],
                [1.0, -0.0, 1e-06, -0.0, -0.0, 0.805612, 0.592445, 0.37472, -0.0, -0.592443, 0.805612, -0.0, 0.0, 0.0, 0.0, 1.0],
                [1.0, -0.0, 1e-06, -0.0, 0.0, 0.730054, 0.683391, 0.37472, -1e-06, -0.683389, 0.730054, 0.0, 0.0, 0.0, 0.0, 1.0],
                [1.0, 0.0, 1e-06, 0.0, 0.0, 0.724642, 0.689126, 0.37472, -1e-06, -0.689124, 0.724643, 0.0, 0.0, 0.0, 0.0, 1.0],
                [1.0, 0.0, 1e-06, 0.0, 0.0, 0.724642, 0.689126, 0.37472, -1e-06, -0.689124, 0.724643, 0.0, 0.0, 0.0, 0.0, 1.0]
            ]
        },
        {
            "name": "Knee_L",
            "time": [0.0, 0.0667, 0.6],
            "transform": [
                [1.0, 0.0, -0.0, 0.0, -0.0, 1e-06, -1.0, 0.37472, -0.0, 1.0, 1e-06, 0.0, 0.0, 0.0, 0.0, 1.0],
                [1.0, 0.0, -0.0, -0.0, -0.0, 1e-06, -1.0, 0.395611, -0.0, 1.0, 1e-06, -0.0, 0.0, 0.0, 0.0, 1.0],
                [1.0, 0.0, -0.0, -0.0, -0.0, 1e-06, -1.0, 0.406942, -0.0, 1.0, 1e-06, 0.0, 0.0, 0.0, 0.0, 1.0]
            ]
        },
        {
            "name": "Torso",
            "time": [0.0, 0.0667, 0.6],
            "transform": [
                [1.0, 0.0, 0.0, 0.0, 0.0, 1.0, 0.0, 0.05, 0.0, 0.0, 1.0, 0.0, 0.0, 0.0, 0.0, 1.0],
                [1.0, 0.0, 0.0, -0.0, -0.0, 1.0, 0.0, 0.05, -0.0, 0.0, 1.0, -0.0, 0.0, 0.0, 0.0, 1.0],
                [1.0, 0.0, -0.0, -0.0, -0.0, 1.0, 0.0, 0.05, -0.0, -0.0, 1.0, 0.0, 0.0, 0.0, 0.0, 1.0]
            ]
        },
        {
            "name": "Chest",
            "time": [0.0, 0.0667, 0.6],
            "transform": [
                [1.0, 0.0, 0.0, 0.0, 0.0, 1.0, 0.0, 0.3, 0.0, 0.0, 1.0, 0.0, 0.0, 0.0, 0.0, 1.0],
                [0.941332, -0.039874, 0.335119, 0.0, 0.018041, 0.997521, 0.068015, 0.3, -0.337, -0.057979, 0.939718, -0.0, 0.0, 0.0, 0.0, 1.0],
                [0.941332, -0.039874, 0.335119, 0.0, 0.018041, 0.997521, 0.068015, 0.3, -0.337, -0.057979, 0.939718, 0.0, 0.0, 0.0, 0.0, 1.0]
            ]
        },
        {
            "name": "Head",
            "time": [0.0, 0.0667, 0.1333, 0.3667, 0.6],
            "transform": [
                [0.951654, 0.0, -0.307172, 0.0, 0.0, 1.0, 0.0, 0.4, 0.307172, 0.0, 0.951654, 0.0, 0.0, 0.0, 0.0, 1.0],
                [0.576056, -0.030034, -0.816858, -0.0, -0.034168, 0.997567, -0.060774, 0.4, 0.816696, 0.06292, 0.573628, 0.0, 0.0, 0.0, 0.0, 1.0],
                [0.386771, -0.092765, -0.917498, -0.0, -0.009822, 0.994457, -0.104686, 0.4, 0.922123, 0.049501, 0.383716, -0.0, 0.0, 0.0, 0.0, 1.0],
                [0.296837, -0.089739, -0.950702, 0.0, -0.029468, 0.99424, -0.103049, 0.4, 0.954473, 0.058604, 0.292483, -0.0, 0.0, 0.0, 0.0, 1.0],
                [0.296837, -0.089739, -0.950702, 0.0, -0.029468, 0.99424, -0.103049, 0.4, 0.954473, 0.058604, 0.292483, -0.0, 0.0, 0.0, 0.0, 1.0]
            ]
        },
        {
            "name": "Shoulder_R",
            "time": [0.0, 0.1, 0.6],
            "transform": [
                [-0.667574, 0.73221, 0.134954, 0.0, 0.148175, -0.046976, 0.987845, 0.4, 0.729649, 0.679457, -0.077135, 0.0, 0.0, 0.0, 0.0, 1.0],
                [0.485544, 0.850126, 0.203796, -0.0, 0.102375, -0.286808, 0.952502, 0.4, 0.868197, -0.441618, -0.22629, 0.0, 0.0, 0.0, 0.0, 1.0],
                [0.485544, 0.850126, 0.203796, 0.0, 0.102375, -0.286808, 0.952502, 0.4, 0.868197, -0.441618, -0.22629, -0.0, 0.0, 0.0, 0.0, 1.0]
            ]
        },
        {
            "name": "Arm_R",
            "time": [0.0, 0.1, 0.6],