{
    "animation": [
        {
            "name": "Root",
            "time": [0.0, 0.15, 0.2, 0.25, 0.45, 0.7],
            "transform": [
                [0.930575, 0.0, -0.3661, -5e-06, -0.3661, 0.0, -0.930575, 0.000946, 0.0, 1.0, 0.0, 0.748507, 0.0, 0.0, 0.0, 1.0],
                [0.939053, 0.0, -0.343774, -5e-06, -0.343774, 0.0, -0.939053, 0.000946, 0.0, 1.0, 0.0, 0.747497, 0.0, 0.0, 0.0, 1.0],
                [0.99929, 0.036469, -0.009434, -5e-06, -0.014969, 0.154618, -0.987861, 0.690392, -0.034568, 0.987301, 0.155054, 0.772898, 0.0, 0.0, 0.0, 1.0],
                [0.905025, 0.002209, 0.425353, -5e-06, 0.395031, 0.36646, -0.842412, 1.651191, -0.157736, 0.930431, 0.330783, 0.697004, 0.0, 0.0, 0.0, 1.0],
                [0.900016, 0.0, 0.435856, -5e-06, 0.404378, 0.373132, -0.835016, 1.684837, -0.162632, 0.927778, 0.335825, 0.682875, 0.0, 0.0, 0.0, 1.0],
                [0.900016, 0.0, 0.435856, -5e-06, 0.404378, 0.373132, -0.835016, 1.684837, -0.162632, 0.927778, 0.335825, 0.682875, 0.0, 0.0, 0.0, 1.0]
            ]
        },
        {
            "name": "Thigh_R",
            "time": [0.0, 0.15, 0.2, 0.25, 0.45, 0.7],
            "transform": [
                [0.991161, 0.121055, -0.054257, 0.124994, 0.114821, -0.987695, -0.106162, -0.002831, -0.06644, 0.098994, -0.992868, -1.2e-05, 0.0, 0.0, 0.0, 1.0],
                [0.99182, 0.116964, -0.051094, 0.124994, 0.111265, -0.988446, -0.102908, -0.002831, -0.06254, 0.096382, -0.993378, -1.2e-05, 0.0, 0.0, 0.0, 1.0],
                [0.998968, 0.035134, -0.028771, 0.124994, 0.045367, -0.800086, 0.598165, -0.002831, -0.002004, -0.598851, -0.800857, -1.2e-05, 0.0, 0.0, 0.0, 1.0],
                [0.903942, 0.383595, 0.189058, 0.124994, -0.009902, -0.423184, 0.905989, -0.002831, 0.42754, -0.820832, -0.378737, -1.2e-05, 0.0, 0.0, 0.0, 1.0],
                [0.913026, 0.378796, 0.151315, 0.124994, 0.022018, -0.416184, 0.909014, -0.002831, 0.407307, -0.826619, -0.388328, -1.2e-05, 0.0, 0.0, 0.0, 1.0],
                [0.913026, 0.378796, 0.151315, 0.124994, 0.022018, -0.416184, 0.909014, -0.002831, 0.407307, -0.826619, -0.388328, -1.2e-05, 0.0, 0.0, 0.0, 1.0]
            ]
        },
        {
            "name": "Leg_R",
            "time": [0.0, 0.15, 0.2, 0.25, 0.45, 0.7],
            "transform": [
                [1.0, -0.0, 1e-06, 0.0, 0.0, 0.992016, 0.126121, 0.37472, -1e-06, -0.126121, 0.992014, 0.0, 0.0, 0.0, 0.0, 1.0],
                [1.0, -0.0, 1e-06, 0.0, 0.0, 0.989379, 0.145367, 0.37472, -1e-06, -0.145367, 0.989377, -0.0, 0.0, 0.0, 0.0, 1.0],
                [0.999987, 0.003197, -0.003999, 0.0, 0.000862, 0.664756, 0.747059, 0.37472, 0.005047, -0.747054, 0.664744, -0.0, 0.0, 0.0, 0.0, 1.0],
                [1.0, 0.000468, -0.000644, -0.0, 9.7e-05, 0.730937, 0.682445, 0.37472, 0.00079, -0.682446, 0.730935, -0.0, 0.0, 0.0, 0.0, 1.0],
                [1.0, -1e-06, 1e-06, 0.0, -0.0, 0.742468, 0.669881, 0.37472, -1e-06, -0.669882, 0.742467, 0.0, 0.0, 0.0, 0.0, 1.0],
                [1.0, -1e-06, 1e-06, 0.0, -0.0, 0.742468, 0.669881, 0.37472, -1e-06, -0.669882, 0.742467, 0.0, 0.0, 0.0, 0.0, 1.0]
            ]
        },
        {
            "name": "Knee_R",
            "time": [0.0, 0.15, 0.2, 0.25, 0.45, 0.7],
            "transform": [
                [1.0, 0.0, -0.0, 0.0, -0.0, 1e-06, -1.0, 0.409452, -0.0, 1.0, 1e-06, -0.0, 0.0, 0.0, 0.0, 1.0],
                [1.0, 0.0, -0.0, 0.0, -0.0, 1e-06, -1.0, 0.407949, -0.0, 1.0, 1e-06, -0.0, 0.0, 0.0, 0.0, 1.0],
                [1.0, 0.0, -0.0, -9.9e-05, -0.0, 1e-06, -1.0, 0.412269, -0.0, 1.0, 1e-06, -0.001106, 0.0, 0.0, 0.0, 1.0],
                [1.0, 0.0, -0.0, -1.6e-05, -0.0, 1e-06, -1.0, 0.401547, -0.0, 1.0, 1e-06, -0.000174, 0.0, 0.0, 0.0, 1.0],
                [1.0, 0.0, -0.0, 0.0, -0.0, 1e-06, -1.0, 0.399551, -0.0, 1.0, 1e-06, -0.0, 0.0, 0.0, 0.0, 1.0],
                [1.0, 0.0, -0.0, 0.0, -0.0, 1e-06, -1.0, 0.399551, -0.0, 1.0, 1e-06, -0.0, 0.0, 0.0, 0.0, 1.0]
            ]
        },
        {
            "name": "Thigh_L",
            "time": [0.0, 0.15, 0.2, 0.25, 0.45, 0.7],
            "transform": [
                [0.924439, -0.122074, -0.361263, -0.125006, -0.009232, -0.954261, 0.298829, -0.002831, -0.381218, -0.272914, -0.883284, -1.2e-05, 0.0, 0.0, 0.0, 1.0],
                [0.931371, -0.11799, -0.34442, -0.125006, -0.006841, -0.951532, 0.307472, -0.002831, -0.364006, -0.284014, -0.887038, -1.2e-05, 0.0, 0.0, 0.0, 1.0],
                [0.999214, 0.034896, -0.018804, -0.125006, 0.037937, -0.979395, 0.198357, -0.002831, -0.011494, -0.198914, -0.97995, -1.2e-05, 0.0, 0.0, 0.0, 1.0],
                [0.953371, -0.027615, -0.300535, -0.125006, -0.029977, -0.999545, -0.003249, -0.002831, -0.300308, 0.012107, -0.953765, -1.2e-05, 0.0, 0.0, 0.0, 1.0],
                [0.935581, -0.03669, -0.3512, -0.125006, -0.044453, -0.998912, -0.014066, -0.002831, -0.350302, 0.028772, -0.936195, -1.2e-05, 0.0, 0.0, 0.0, 1.0],
                [0.935581, -0.03669, -0.3512, -0.125006, -0.044453, -0.998912, -0.014066, -0.002831, -0.350302, 0.028772, -0.936195, -1.2e-05, 0.0, 0.0, 0.0, 1.0]
            ]
        },
        {
            "name": "Leg_L",
            "time": [0.0, 0.15, 0.2, 0.25, 0.45, 0.7],
            "transform": [
                [1.0, -0.0, 1e-06, -0.0, 0.0, 0.96041, 0.278588, 0.37472, -1e-06, -0.278588, 0.960411, 0.0, 0.0, 0.0, 0.0, 1.0],
                [1.0, -0.0, 1e-06, -0.0, 0.0, 0.957501, 0.288429, 0.37472, -1e-06, -0.288429, 0.957502, -0.0, 0.0, 0.0, 0.0, 1.0],
                [1.0, -0.0, 1e-06, 0.0, 0.0, 0.984368, 0.176123, 0.37472, -1e-06, -0.176123, 0.984368, 0.0, 0.0, 0.0, 0.0, 1.0],
                [1.0, -0.0, 1e-06, 0.0, 0.0, 0.999873, 0.015917, 0.37472, -1e-06, -0.015917, 0.999874, 0.0, 0.0, 0.0, 0.0, 1.0],
                [1.0, -0.0, 1e-06, 0.0, 0.0, 0.999947, 0.010295, 0.37472, -1e-06, -0.010295, 0.999947, -0.0, 0.0, 0.0, 0.0, 1.0],
                [1.0, -0.0, 1e-06, 0.0, 0.0, 0.999947, 0.010295, 0.37472, -1e-06, -0.010295, 0.999947, -0.0, 0.0, 0.0, 0.0, 1.0]
            ]
        },
        {
            "name": "Knee_L",
            "time": [0.0, 0.15, 0.2, 0.25, 0.45, 0.7],
            "transform": [
                [1.0, 0.0, -0.0, -0.0, -0.0, 1e-06, -1.0, 0.367852, -0.0, 1.0, 1e-06, 0.0, 0.0, 0.0, 0.0, 1.0],
                [1.0, 0.0, -0.0, -0.0, -0.0, 1e-06, -1.0, 0.369893, -0.0, 1.0, 1e-06, -0.0, 0.0, 0.0, 0.0, 1.0],
                [1.0, 0.0, -0.0, 0.0, -0.0, 1e-06, -1.0, 0.37472, -0.0, 1.0, 1e-06, 0.0, 0.0, 0.0, 0.0, 1.0],
                [1.0, 0.0, -0.0, 0.0, -0.0, 1e-06, -1.0, 0.381109, -0.0, 1.0, 1e-06, 0.0, 0.0, 0.0, 0.0, 1.0],
                [1.0, 0.0, -0.0, 0.0, -0.0, 1e-06, -1.0, 0.381294, -0.0, 1.0, 1e-06, -0.0, 0.0, 0.0, 0.0, 1.0],
                [1.0, 0.0, -0.0, 0.0, -0.0, 1e-06, -1.0, 0.381294, -0.0, 1.0, 1e-06, -0.0, 0.0, 0.0, 0.0, 1.0]
            ]
        },
        {
            "name": "Torso",
            "time": [0.0, 0.15, 0.2, 0.25, 0.45, 0.7],
            "transform": [
                [0.999997, -0.002573, -3e-06, -0.0, 0.002573, 0.999994, 0.00229, 0.05, -3e-06, -0.00229, 0.999997, -0.0, 0.0, 0.0, 0.0, 1.0],
                [0.998703, 0.050781, -0.003541, 0.0, -0.050781, 0.98903, -0.138714, 0.05, -0.003541, 0.138714, 0.990326, -0.0, 0.0, 0.0, 0.0, 1.0],
                [0.999547, 0.030063, -0.001237, -0.0, -0.030063, 0.996169, -0.082121, 0.05, -0.001237, 0.082121, 0.996622, -0.0, 0.0, 0.0, 0.0, 1.0],
                [0.995436, 0.094999, 0.009119, 0.0, -0.094999, 0.977216, 0.189798, 0.05, 0.009119, -0.189798, 0.981781, -0.0, 0.0, 0.0, 0.0, 1.0],
                [0.994209, 0.106798, 0.011958, -0.0, -0.106798, 0.969515, 0.220532, 0.05, 0.011959, -0.220532, 0.975306, -0.0, 0.0, 0.0, 0.0, 1.0],
                [0.994209, 0.106798, 0.011958, -0.0, -0.106798, 0.969515, 0.220532, 0.05, 0.011959, -0.220532, 0.975306, -0.0, 0.0, 0.0, 0.0, 1.0]
            ]
        },
        {
            "name": "Chest",
            "time": [0.0, 0.15, 0.2, 0.25, 0.45, 0.7],