{
    "animation": [
        {
            "name": "Root",
            "time": [0.0, 0.1167, 0.2, 0.3, 0.3667, 0.85],
            "transform": [
                [0.36754, -0.051765, 0.928566, -5e-06, 0.924663, 0.127233, -0.358902, -9e-06, -0.099566, 0.990521, 0.094628, 0.58102, 0.0, 0.0, 0.0, 1.0],
                [0.103463, -0.00591, 0.994616, -5e-06, 0.994628, -0.002542, -0.103479, -9e-06, 0.00314, 0.999979, 0.005616, 0.68458, 0.0, 0.0, 0.0, 1.0],
                [0.908909, -0.004682, 0.416968, -0.161705, 0.41697, -0.000571, -0.90892, 0.745273, 0.004493, 0.999989, 0.001433, 0.677559, 0.0, 0.0, 0.0, 1.0],
                [0.324412, -0.000111, -0.945916, -5e-06, -0.945916, 8.1e-05, -0.324412, 0.970116, 0.000113, 1.0, -7.9e-05, 0.668612, 0.0, 0.0, 0.0, 1.0],
                [0.282219, 0.0, -0.95935, -5e-06, -0.95935, 0.0, -0.282219, 0.992111, 0.0, 1.0, 0.0, 0.66825, 0.0, 0.0, 0.0, 1.0],
                [0.282219, 0.0, -0.95935, -5e-06, -0.95935, 0.0, -0.282219, 0.992111, 0.0, 1.0, 0.0, 0.66825, 0.0, 0.0, 0.0, 1.0]
            ]
        },
        {
            "name": "Thigh_R",
            "time": [0.0, 0.1167, 0.2, 0.3, 0.3667, 0.85],
            "transform": [
                [0.437745, 0.847156, 0.301169, 0.124994, 0.061362, -0.362335, 0.930026, -0.002831, 0.897003, -0.388633, -0.210595, -1.2e-05, 0.0, 0.0, 0.0, 1.0],
                [0.151997, 0.59327, 0.790523, 0.124994, 0.090379, -0.804805, 0.586615, -0.00283, 0.98424, -0.017716, -0.175948, -1.2e-05, 0.0, 0.0, 0.0, 1.0],
                [0.800682, 0.010068, 0.599005, 0.124994, 0.238027, -0.922897, -0.302656, -0.002831, 0.549774, 0.38491, -0.741345, -1.2e-05, 0.0, 0.0, 0.0, 1.0],
                [0.853345, 0.298923, -0.427137, 0.124994, 0.335031, -0.942152, 0.009984, -0.002831, -0.399444, -0.151624, -0.904132, -1.2e-05, 0.0, 0.0, 0.0, 1.0],
                [0.844289, 0.348298, -0.407264, 0.124994, 0.371081, -0.928273, -0.024596, -0.002831, -0.38662, -0.130361, -0.912979, -1.2e-05, 0.0, 0.0, 0.0, 1.0],
                [0.844289, 0.348298, -0.407264, 0.124994, 0.371081, -0.928273, -0.024596, -0.002831, -0.38662, -0.130361, -0.912979, -1.2e-05, 0.0, 0.0, 0.0, 1.0]
            ]
        },
        {
            "name": "Leg_R",
            "time": [0.0, 0.1167, 0.2, 0.3, 0.3667, 0.85],
            "transform": [
                [1.0, -0.0, 1e-06, 0.0, -0.0, 0.497741, 0.867325, 0.37472, -0.0, -0.867326, 0.49774, 0.0, 0.0, 0.0, 0.0, 1.0],
                [1.0, 0.0, 1e-06, 0.0, -1e-06, 0.879813, 0.475322, 0.37472, -1e-06, -0.475322, 0.879811, 0.0, 0.0, 0.0, 0.0, 1.0],
                [1.0, 0.0, 1e-06, -0.0, -0.0, 0.981983, 0.188975, 0.37472, -1e-06, -0.188975, 0.981981, -0.0, 0.0, 0.0, 0.0, 1.0],
                [1.0, -0.0, 1e-06, -0.0, -0.0, 0.847312, 0.531095, 0.37472, -1e-06, -0.531096, 0.847311, -0.0, 0.0, 0.0, 0.0, 1.0],
                [1.0, -0.0, 1e-06, -0.0, -0.0, 0.891488, 0.453045, 0.37472, -1e-06, -0.453046, 0.891487, 0.0, 0.0, 0.0, 0.0, 1.0],
                [1.0, -0.0, 1e-06, -0.0, -0.0, 0.891488, 0.453045, 0.37472, -1e-06, -0.453046, 0.891487, 0.0, 0.0, 0.0, 0.0, 1.0]
            ]
        },
        {
            "name": "Knee_R",
            "time": [0.0, 0.1167, 0.2, 0.3, 0.3667, 0.85],
            "transform": [
                [1.0, 0.0, -0.0, 0.0, -0.0, 1e-06, -1.0, 0.432939, -0.0, 1.0, 1e-06, -0.0, 0.0, 0.0, 0.0, 1.0],
                [1.0, 0.0, -0.0, 0.0, -0.0, 1e-06, -1.0, 0.383152, -0.0, 1.0, 1e-06, 0.0, 0.0, 0.0, 0.0, 1.0],
                [1.0, 0.0, -0.0, -0.0, -0.0, 1e-06, -1.0, 0.37472, -0.0, 1.0, 1e-06, -0.0, 0.0, 0.0, 0.0, 1.0],
                [1.0, -0.0, -0.0, 0.0, -0.0, 1e-06, -1.0, 0.388949, 0.0, 1.0, 1e-06, -0.0, 0.0, 0.0, 0.0, 1.0],
                [1.0, 0.0, -0.0, 0.0, -0.0, 1e-06, -1.0, 0.380894, -0.0, 1.0, 1e-06, -0.0, 0.0, 0.0, 0.0, 1.0],
                [1.0, 0.0, -0.0, 0.0, -0.0, 1e-06, -1.0, 0.380894, -0.0, 1.0, 1e-06, -0.0, 0.0, 0.0, 0.0, 1.0]
            ]
        },
        {
            "name": "Thigh_L",
            "time": [0.0, 0.1167, 0.2, 0.2333, 0.3, 0.3667, 0.85],
            "transform": [
                [0.625087, -0.666894, -0.405607, -0.125006, -0.301504, -0.685602, 0.662604, -0.002831, -0.719972, -0.291893, -0.629633, -1.2e-05, 0.0, 0.0, 0.0, 1.0],
                [0.617935, -0.542475, -0.5691, -0.125006, -0.301364, -0.831976, 0.465827, -0.00283, -0.726177, -0.116344, -0.677591, -1.2e-05, 0.0, 0.0, 0.0, 1.0],
                [0.929281, 0.271983, 0.249923, -0.125006, -0.040774, -0.596945, 0.801245, -0.002831, 0.367115, -0.754773, -0.54364, -1.2e-05, 0.0, 0.0, 0.0, 1.0],
                [0.951336, -0.237781, -0.196008, -0.125006, 0.008441, -0.615725, 0.787915, -0.002831, -0.308038, -0.751227, -0.583755, -1.2e-05, 0.0, 0.0, 0.0, 1.0],
                [0.244728, -0.643132, -0.725596, -0.125006, 0.012773, -0.746149, 0.665656, -0.002831, -0.969507, -0.172172, -0.174389, -1.2e-05, 0.0, 0.0, 0.0, 1.0],
                [0.246291, -0.649214, -0.719626, -0.125006, -0.01502, -0.744966, 0.666933, -0.002831, -0.969079, -0.15345, -0.19323, -1.2e-05, 0.0, 0.0, 0.0, 1.0],
                [0.24629, -0.649215, -0.719626, -0.125006, -0.01502, -0.744966, 0.666933, -0.002831, -0.969079, -0.15345, -0.193229, -1.2e-05, 0.0, 0.0, 0.0, 1.0]
            ]
        },
        {
            "name": "Leg_L",
            "time": [0.0, 0.1167, 0.2, 0.3, 0.3667, 0.85],
            "transform": [
                [1.0, -1e-06, 1e-06, 0.0, 0.0, 0.658759, 0.752354, 0.37472, -1e-06, -0.752354, 0.65876, -0.0, 0.0, 0.0, 0.0, 1.0],
                [1.0, -1e-06, 1e-06, 0.0, 0.0, 0.882275, 0.470734, 0.37472, -1e-06, -0.470733, 0.882276, 0.0, 0.0, 0.0, 0.0, 1.0],
                [1.0, -1e-06, 0.0, -0.0, 0.0, 0.220711, 0.97534, 0.37472, -1e-06, -0.975339, 0.220711, 0.0, 0.0, 0.0, 0.0, 1.0],
                [1.0, -1e-06, 1e-06, 0.0, 0.0, 0.770713, 0.637182, 0.37472, -1e-06, -0.637181, 0.770714, -0.0, 0.0, 0.0, 0.0, 1.0],
                [1.0, -1e-06, 1e-06, -0.0, 0.0, 0.727348, 0.686269, 0.37472, -1e-06, -0.686269, 0.727348, -0.0, 0.0, 0.0, 0.0, 1.0],
                [1.0, -1e-06, 1e-06, -0.0, 0.0, 0.727348, 0.686269, 0.37472, -1e-06, -0.686269, 0.727348, 0.0, 0.0, 0.0, 0.0, 1.0]
            ]
        },
        {
            "name": "Knee_L",
            "time": [0.0, 0.1167, 0.3, 0.3667, 0.85],
            "transform": [
                [1.0, 0.0, -0.0, -0.0, -0.0, 1e-06, -1.0, 0.455569, -0.0, 1.0, 1e-06, -0.0, 0.0, 0.0, 0.0, 1.0],
                [1.0, 0.0, -0.0, 0.0, -0.0, 1e-06, -1.0, 0.382684, -0.0, 1.0, 1e-06, -0.0, 0.0, 0.0, 0.0, 1.0],
                [1.0, 0.0, -0.0, 0.0, -0.0, 1e-06, -1.0, 0.400707, -0.0, 1.0, 1e-06, 0.0, 0.0, 0.0, 0.0, 1.0],
                [1.0, 0.0, -0.0, 0.0, -0.0, 1e-06, -1.0, 0.406589, -0.0, 1.0, 1e-06, -0.0, 0.0, 0.0, 0.0, 1.0],
                [1.0, 0.0, -0.0, 0.0, -0.0, 1e-06, -1.0, 0.406589, -0.0, 1.0, 1e-06, 0.0, 0.0, 0.0, 0.0, 1.0]
            ]
        },
        {
            "name": "Torso",
            "time": [0.0, 0.1167, 0.2833, 0.85],
            "transform": [
                [1.0, 0.0, -0.0, -0.0, 0.0, 1.0, 0.0, 0.05, -0.0, -0.0, 1.0, -0.0, 0.0, 0.0, 0.0, 1.0],
                [1.0, 0.0, -0.0, -0.0, 0.0, 1.0, 0.0, 0.05, -0.0, 0.0, 1.0, 0.0, 0.0, 0.0, 0.0, 1.0],
                [1.0, -0.0, -0.0, -0.0, 0.0, 1.0, -0.0, 0.05, -0.0, -0.0, 1.0, 0.0, 0.0, 0.0, 0.0, 1.0],
                [1.0, 0.0, 0.0, 0.0, 0.0, 1.0, 0.0, 0.05, 0.0, 0.0, 1.0, 0.0, 0.0, 0.0, 0.0, 1.0]
            ]
        },
        {
            "name": "Chest",
            "time": [0.0, 0.1167, 0.2833, 0.85],