{
    "animation": [
        {
            "name": "Root",
            "time": [0.0, 0.0833, 0.1833, 0.25, 0.35, 0.85],
            "transform": [
                [0.283119, -0.039444, -0.958274, -5e-06, -0.951894, 0.110569, -0.285785, 3.8e-05, 0.117228, 0.993085, -0.006242, 0.623911, 0.0, 0.0, 0.0, 1.0],
                [0.282432, -0.051989, -0.957878, -5e-06, -0.946799, 0.145489, -0.287061, 3.8e-05, 0.154285, 0.987993, -0.008132, 0.60979, 0.0, 0.0, 0.0, 1.0],
                [0.948424, 0.004341, 0.316976, -5e-06, 0.316672, 0.032903, -0.947964, 0.589099, -0.014545, 0.999449, 0.029831, 0.658525, 0.0, 0.0, 0.0, 1.0],
                [0.211252, 0.0, 0.977432, -5e-06, 0.977432, 0.0, -0.211252, 0.997493, 0.0, 1.0, 0.0, 0.60979, 0.0, 0.0, 0.0, 1.0],
                [0.131737, 0.0, 0.991285, -5e-06, 0.991285, 0.0, -0.131737, 0.997493, 0.0, 1.0, 0.0, 0.60979, 0.0, 0.0, 0.0, 1.0],
                [0.131737, 0.0, 0.991285, -5e-06, 0.991285, 0.0, -0.131737, 0.997493, 0.0, 1.0, 0.0, 0.60979, 0.0, 0.0, 0.0, 1.0]
            ]
        },
        {
            "name": "Thigh_R",
            "time": [0.0, 0.0833, 0.1833, 0.25, 0.35, 0.85],
            "transform": [
                [0.880162, 0.435781, 0.18817, 0.124994, 0.355779, -0.868072, 0.34622, -0.002831, 0.314222, -0.237782, -0.919089, -1.2e-05, 0.0, 0.0, 0.0, 1.0],
                [0.79993, 0.483427, 0.35554, 0.124994, 0.320278, -0.844968, 0.428309, -0.002831, 0.507477, -0.228745, -0.830749, -1.2e-05, 0.0, 0.0, 0.0, 1.0],
                [0.620775, 0.598058, 0.506915, 0.124994, 0.026271, -0.662088, 0.748964, -0.002831, 0.783548, -0.45162, -0.426721, -1.2e-05, 0.0, 0.0, 0.0, 1.0],
                [0.449657, 0.752392, 0.481365, 0.124994, 0.190388, -0.607271, 0.771345, -0.002831, 0.872674, -0.255194, -0.416312, -1.2e-05, 0.0, 0.0, 0.0, 1.0],
                [0.375486, 0.770907, 0.5145, 0.124994, 0.204248, -0.610296, 0.765389, -0.002831, 0.904042, -0.182307, -0.386615, -1.2e-05, 0.0, 0.0, 0.0, 1.0],
                [0.375486, 0.770907, 0.5145, 0.124994, 0.204248, -0.610296, 0.765389, -0.002831, 0.904042, -0.182307, -0.386615, -1.2e-05, 0.0, 0.0, 0.0, 1.0]
            ]
        },
        {
            "name": "Leg_R",
            "time": [0.0, 0.0833, 0.1833, 0.25, 0.35, 0.85],
            "transform": [
                [1.0, -0.0, 0.0, -0.0, -0.0, 0.757919, 0.652348, 0.37472, -1e-06, -0.652349, 0.757918, 0.0, 0.0, 0.0, 0.0, 1.0],
                [1.0, -0.0, 0.0, 0.0, 0.0, 0.717384, 0.696678, 0.37472, -1e-06, -0.696679, 0.717383, -0.0, 0.0, 0.0, 0.0, 1.0],
                [1.0, -1e-06, 0.0, 0.0, -0.0, 0.122961, 0.992411, 0.37472, -1e-06, -0.992412, 0.122961, 0.0, 0.0, 0.0, 0.0, 1.0],
                [1.0, -0.0, 1e-06, 0.0, -0.0, 0.594374, 0.804188, 0.37472, -0.0, -0.804189, 0.594373, -0.0, 0.0, 0.0, 0.0, 1.0],
                [1.0, -0.0, 1e-06, 0.0, -0.0, 0.593688, 0.804695, 0.37472, -0.0, -0.804696, 0.593687, 0.0, 0.0, 0.0, 0.0, 1.0],
                [1.0, -0.0, 1e-06, 0.0, -0.0, 0.593688, 0.804695, 0.37472, -0.0, -0.804696, 0.593687, 0.0, 0.0, 0.0, 0.0, 1.0]
            ]
        },
        {
            "name": "Knee_R",
            "time": [0.0, 0.0833, 0.1833, 0.25, 0.85],
            "transform": [
                [1.0, 0.0, -0.0, -0.0, -0.0, 1e-06, -1.0, 0.402489, -0.0, 1.0, 1e-06, 0.0, 0.0, 0.0, 0.0, 1.0],
                [1.0, 0.0, -0.0, -0.0, -0.0, 1e-06, -1.0, 0.407883, -0.0, 1.0, 1e-06, -0.0, 0.0, 0.0, 0.0, 1.0],
                [1.0, 0.0, -0.0, 0.0, -0.0, 1e-06, -1.0, 0.468651, -0.0, 1.0, 1e-06, 0.0, 0.0, 0.0, 0.0, 1.0],
                [1.0, 0.0, -0.0, 0.0, -0.0, 1e-06, -1.0, 0.422569, -0.0, 1.0, 1e-06, -0.0, 0.0, 0.0, 0.0, 1.0],
                [1.0, 0.0, -0.0, 0.0, -0.0, 1e-06, -1.0, 0.422645, -0.0, 1.0, 1e-06, 0.0, 0.0, 0.0, 0.0, 1.0]
            ]
        },
        {
            "name": "Thigh_L",
            "time": [0.0, 0.0833, 0.1333, 0.1833, 0.2167, 0.25, 0.35, 0.85],
            "transform": [
                [0.243747, -0.849413, -0.468066, -0.125006, -0.046596, -0.492322, 0.869165, -0.002831, -0.968718, -0.190046, -0.159581, -1.2e-05, 0.0, 0.0, 0.0, 1.0],
                [0.241025, -0.891998, -0.382421, -0.125006, -0.055472, -0.406056, 0.912163, -0.002831, -0.968932, -0.19864, -0.147351, -1.2e-05, 0.0, 0.0, 0.0, 1.0],
                [0.592472, -0.642414, -0.486088, -0.125006, -0.017708, -0.613633, 0.789392, -0.002831, -0.805396, -0.459085, -0.374937, -1.2e-05, 0.0, 0.0, 0.0, 1.0],
                [0.843535, -0.391263, -0.367915, -0.125006, -0.183672, -0.85389, 0.486965, -0.002831, -0.504691, -0.343197, -0.792151, -1.2e-05, 0.0, 0.0, 0.0, 1.0],
                [0.557051, -0.645334, -0.522721, -0.125006, -0.396369, -0.759704, 0.515501, -0.00283, -0.729783, -0.079969, -0.678985, -1.2e-05, 0.0, 0.0, 0.0, 1.0],
                [0.224404, -0.697199, -0.680849, -0.125006, -0.268713, -0.715852, 0.644475, -0.002831, -0.936715, 0.038331, -0.347987, -1.2e-05, 0.0, 0.0, 0.0, 1.0],
                [0.231798, -0.704838, -0.670428, -0.125006, -0.204386, -0.709104, 0.674832, -0.002831, -0.951049, -0.019399, -0.308428, -1.2e-05, 0.0, 0.0, 0.0, 1.0],
                [0.231798, -0.704838, -0.670428, -0.125006, -0.204386, -0.709104, 0.674832, -0.002831, -0.951049, -0.019399, -0.308428, -1.2e-05, 0.0, 0.0, 0.0, 1.0]
            ]
        },
        {
            "name": "Leg_L",
            "time": [0.0, 0.0833, 0.1333, 0.1833, 0.2167, 0.25, 0.35, 0.85],
            "transform": [
                [1.0, -1e-06, 1e-06, 0.0, 0.0, 0.576015, 0.81744, 0.37472, -1e-06, -0.817439, 0.576015, -0.0, 0.0, 0.0, 0.0, 1.0],
                [1.0, -1e-06, 1e-06, 0.0, -0.0, 0.538987, 0.842314, 0.37472, -1e-06, -0.842314, 0.538987, 0.0, 0.0, 0.0, 0.0, 1.0],
                [1.0, -1e-06, 1e-06, 0.0, -0.0, 0.385027, 0.922906, 0.37472, -1e-06, -0.922905, 0.385027, -0.0, 0.0, 0.0, 0.0, 1.0],
                [1.0, -1e-06, 1e-06, -0.0, -0.0, 0.493496, 0.869748, 0.37472, -1e-06, -0.869748, 0.493497, 0.0, 0.0, 0.0, 0.0, 1.0],
                [1.0, -1e-06, 1e-06, 0.0, 0.0, 0.718833, 0.695183, 0.37472, -1e-06, -0.695182, 0.718834, -0.0, 0.0, 0.0, 0.0, 1.0],
                [1.0, -0.0, 1e-06, -0.0, 0.0, 0.956601, 0.291399, 0.37472, -1e-06, -0.291398, 0.956602, 0.0, 0.0, 0.0, 0.0, 1.0],
                [1.0, -0.0, 1e-06, -0.0, -0.0, 0.95351, 0.30136, 0.37472, -1e-06, -0.30136, 0.953511, 0.0, 0.0, 0.0, 0.0, 1.0],
                [1.0, -0.0, 1e-06, -0.0, -0.0, 0.95351, 0.30136, 0.37472, -1e-06, -0.30136, 0.953511, 0.0, 0.0, 0.0, 0.0, 1.0]
            ]
        },
        {
            "name": "Knee_L",
            "time": [0.0, 0.0833, 0.1333, 0.1833, 0.2167, 0.25, 0.85],
            "transform": [
                [1.0, 0.0, -0.0, 0.0, -0.0, 1e-06, -1.0, 0.424602, -0.0, 1.0, 1e-06, 0.0, 0.0, 0.0, 0.0, 1.0],
                [1.0, 0.0, -0.0, 0.0, -0.0, 1e-06, -1.0, 0.428608, -0.0, 1.0, 1e-06, 0.0, 0.0, 0.0, 0.0, 1.0],
                [1.0, 0.0, -0.0, 0.0, -0.0, 1e-06, -1.0, 0.444231, -0.0, 1.0, 1e-06, -0.0, 0.0, 0.0, 0.0, 1.0],
                [1.0, 0.0, -0.0, -0.0, -0.0, 1e-06, -1.0, 0.433378, -0.0, 1.0, 1e-06, 0.0, 0.0, 0.0, 0.0, 1.0],
                [1.0, 0.0, -0.0, -0.0, -0.0, 1e-06, -1.0, 0.407696, -0.0, 1.0, 1e-06, -0.0, 0.0, 0.0, 0.0, 1.0],
                [1.0, 0.0, -0.0, -0.0, -0.0, 1e-06, -1.0, 0.37472, -0.0, 1.0, 1e-06, 0.0, 0.0, 0.0, 0.0, 1.0],
                [1.0, 0.0, -0.0, -0.0, -0.0, 1e-06, -1.0, 0.37472, -0.0, 1.0, 1e-06, 0.0, 0.0, 0.0, 0.0, 1.0]
            ]
        },
        {
            "name": "Torso",
            "time": [0.0, 0.85],
            "transform": [
                [1.0, -0.0, -0.0, 0.0, -0.0, 1.0, 0.0, 0.05, 0.0, 0.0, 1.0, 0.0, 0.0, 0.0, 0.0, 1.0],
                [1.0, 0.0, 0.0, -0.0, 0.0, 1.0, 0.0, 0.05, -0.0, 0.0, 1.0, -0.0, 0.0, 0.0, 0.0, 1.0]
            ]
        },
        {
            "name": "Chest",
            "time": [0.0, 0.0833, 0.1833, 0.85],