{
    "animation": [
        {
            "name": "Root",
            "time": [0.0, 0.2, 0.25, 0.4, 0.6, 0.65, 0.8],
            "transform": [
                [0.980916, 0.070952, -0.181025, -5e-06, -0.169889, -0.140043, -0.975462, 0.000946, -0.094562, 0.9876, -0.125316, 0.763972, 0.0, 0.0, 0.0, 1.0],
                [0.998382, -0.016503, -0.054408, -5e-06, -0.055839, -0.104386, -0.992968, 0.000946, 0.010708, 0.9944, -0.105139, 0.763972, 0.0, 0.0, 0.0, 1.0],
                [0.996804, -0.075234, 0.026874, -5e-06, 0.020303, -0.086787, -0.99602, 0.000946, 0.077267, 0.993382, -0.084982, 0.763972, 0.0, 0.0, 0.0, 1.0],
                [0.991675, -0.10769, 0.070593, -5e-06, 0.062236, -0.079091, -0.994923, 0.000946, 0.112726, 0.991034, -0.071731, 0.763972, 0.0, 0.0, 0.0, 1.0],
                [0.998382, -0.016503, -0.054409, -5e-06, -0.055839, -0.104386, -0.992968, 0.000946, 0.010708, 0.9944, -0.105139, 0.763972, 0.0, 0.0, 0.0, 1.0],
                [0.989823, 0.040663, -0.136368, -5e-06, -0.130293, -0.126331, -0.983394, 0.000946, -0.057215, 0.991154, -0.119747, 0.763972, 0.0, 0.0, 0.0, 1.0],
                [0.980916, 0.070952, -0.181025, -5e-06, -0.169889, -0.140043, -0.975462, 0.000946, -0.094562, 0.9876, -0.125316, 0.763972, 0.0, 0.0, 0.0, 1.0]
            ]
        },
        {
            "name": "Thigh_R",
            "time": [0.0, 0.2, 0.25, 0.4, 0.6, 0.65, 0.8],
            "transform": [
                [0.981108, 0.01294, -0.193025, 0.124994, 0.073805, -0.947335, 0.311624, -0.002831, -0.178826, -0.319983, -0.930393, -1.2e-05, 0.0, 0.0, 0.0, 1.0],
                [0.718718, 0.48973, 0.493567, 0.124994, -0.071932, -0.65368, 0.753344, -0.002831, 0.691571, -0.576945, -0.434585, -1.2e-05, 0.0, 0.0, 0.0, 1.0],
                [0.87377, 0.400155, 0.276411, 0.124994, -0.185692, -0.250793, 0.950064, -0.002831, 0.449494, -0.881464, -0.14483, -1.2e-05, 0.0, 0.0, 0.0, 1.0],
                [0.990856, 0.097012, 0.093769, 0.124994, -0.09774, 0.037018, 0.994523, -0.002831, 0.09301, -0.994594, 0.046161, -1.2e-05, 0.0, 0.0, 0.0, 1.0],
                [0.998654, -0.051867, -0.000614, 0.124994, -0.020324, -0.402163, 0.915343, -0.002831, -0.047723, -0.914098, -0.402676, -1.2e-05, 0.0, 0.0, 0.0, 1.0],
                [0.990894, -0.042354, -0.127808, 0.124994, 0.043356, -0.798308, 0.600687, -0.002831, -0.127472, -0.600758, -0.789203, -1.2e-05, 0.0, 0.0, 0.0, 1.0],
                [0.981109, 0.012941, -0.193025, 0.124994, 0.073805, -0.947335, 0.311624, -0.002832, -0.178826, -0.319983, -0.930394, -1.2e-05, 0.0, 0.0, 0.0, 1.0]
            ]
        },
        {
            "name": "Leg_R",
            "time": [0.0, 0.2, 0.25, 0.4, 0.6, 0.65, 0.8],
            "transform": [
                [1.0, -0.0, 1e-06, 0.0, 0.0, 0.999947, 0.010283, 0.37472, -1e-06, -0.010283, 0.999947, 0.0, 0.0, 0.0, 0.0, 1.0],
                [0.999998, -1e-06, 0.001837, 0.0, -0.001795, 0.211454, 0.977386, 0.37472, -0.000389, -0.977388, 0.211454, -0.0, 0.0, 0.0, 0.0, 1.0],
                [1.0, -0.000185, 0.000887, -0.0, -0.000906, -0.194161, 0.980969, 0.37472, -9e-06, -0.980969, -0.194161, -0.0, 0.0, 0.0, 0.0, 1.0],
                [1.0, -1e-06, 0.0, 0.0, -0.0, -0.345591, 0.938385, 0.37472, -1e-06, -0.938385, -0.345591, 0.0, 0.0, 0.0, 0.0, 1.0],
                [1.0, -1e-06, 8.3e-05, -0.0, -8.1e-05, 0.211454, 0.977388, 0.37472, -1.8e-05, -0.977388, 0.211454, -0.0, 0.0, 0.0, 0.0, 1.0],
                [1.0, 1.7e-05, 4e-05, -0.0, -3.5e-05, 0.855509, 0.517788, 0.37472, -2.6e-05, -0.517788, 0.855509, -0.0, 0.0, 0.0, 0.0, 1.0],
                [1.0, -0.0, 1e-06, 0.0, 0.0, 0.999947, 0.010283, 0.37472, -1e-06, -0.010283, 0.999947, -0.0, 0.0, 0.0, 0.0, 1.0]
            ]
        },
        {
            "name": "Knee_R",
            "time": [0.0, 0.25, 0.4, 0.65, 0.8],
            "transform": [
                [1.0, 0.0, -0.0, 0.0, -0.0, 1e-06, -1.0, 0.37472, -0.0, 1.0, 1e-06, 0.0, 0.0, 0.0, 0.0, 1.0],
                [1.0, 0.0, -0.0, -0.000244, -0.0, 1e-06, -1.0, 0.449456, -0.0, 1.0, 1e-06, -0.002307, 0.0, 0.0, 0.0, 1.0],
                [1.0, 0.0, -0.0, -0.000326, -0.0, 1e-06, -1.0, 0.474368, -0.0, 1.0, 1e-06, -0.003076, 0.0, 0.0, 0.0, 1.0],
                [1.0, 0.0, -0.0, -8.1e-05, -0.0, 1e-06, -1.0, 0.399632, -0.0, 1.0, 1e-06, -0.000769, 0.0, 0.0, 0.0, 1.0],
                [1.0, 0.0, -0.0, 0.0, -0.0, 1e-06, -1.0, 0.37472, -0.0, 1.0, 1e-06, -0.0, 0.0, 0.0, 0.0, 1.0]
            ]
        },
        {
            "name": "Thigh_L",
            "time": [0.0, 0.2, 0.25, 0.4, 0.6, 0.65, 0.8],
            "transform": [
                [0.981742, -0.174743, -0.07515, -0.125006, 0.078049, 0.009762, 0.996902, -0.002831, -0.173468, -0.984566, 0.023221, -1.2e-05, 0.0, 0.0, 0.0, 1.0],
                [0.998477, -0.055004, -0.004243, -0.125006, -0.018949, -0.414177, 0.909999, -0.002831, -0.051811, -0.908533, -0.414589, -1.2e-05, 0.0, 0.0, 0.0, 1.0],
                [0.997255, -0.023276, 0.070284, -0.125006, -0.06675, -0.693367, 0.717486, -0.002831, 0.032033, -0.720208, -0.693018, -1.2e-05, 0.0, 0.0, 0.0, 1.0],
                [0.991365, -0.047262, 0.122321, -0.125006, -0.10846, -0.819806, 0.562276, -0.00283, 0.073705, -0.570687, -0.817853, -1.2e-05, 0.0, 0.0, 0.0, 1.0],
                [0.675532, -0.676636, -0.29295, -0.125006, 0.048711, -0.355489, 0.93341, -0.002831, -0.73572, -0.644818, -0.207186, -1.2e-05, 0.0, 0.0, 0.0, 1.0],
                [0.873764, -0.462825, -0.149429, -0.125006, 0.110946, -0.109464, 0.98778, -0.002831, -0.473526, -0.879665, -0.044297, -1.2e-05, 0.0, 0.0, 0.0, 1.0],
                [0.981742, -0.174743, -0.07515, -0.125006, 0.078049, 0.009762, 0.996902, -0.002831, -0.173468, -0.984566, 0.023221, -1.2e-05, 0.0, 0.0, 0.0, 1.0]
            ]
        },
        {
            "name": "Leg_L",
            "time": [0.0, 0.2, 0.25, 0.4, 0.6, 0.65, 0.8],
            "transform": [
                [1.0, -1e-06, 0.0, 0.0, -1e-06, -0.340078, 0.940398, 0.37472, -1e-06, -0.940398, -0.340078, 0.0, 0.0, 0.0, 0.0, 1.0],
                [1.0, -1e-06, 5.8e-05, -0.0, -5.7e-05, 0.168817, 0.985647, 0.37472, -1.1e-05, -0.985647, 0.168817, 0.0, 0.0, 0.0, 0.0, 1.0],
                [1.0, 7e-06, 3.1e-05, 0.0, -2.8e-05, 0.666087, 0.745874, 0.37472, -1.5e-05, -0.745874, 0.666087, -0.0, 0.0, 0.0, 0.0, 1.0],
                [1.0, -0.0, 4e-06, 0.0, -1e-06, 0.882643, 0.470044, 0.37472, -4e-06, -0.470044, 0.882643, -0.0, 0.0, 0.0, 0.0, 1.0],
                [1.0, -1e-06, 9e-06, -0.0, -8e-06, 0.168817, 0.985648, 0.37472, -3e-06, -0.985647, 0.168817, -0.0, 0.0, 0.0, 0.0, 1.0],
                [1.0, 1e-06, 3.6e-05, 0.0, -3.5e-05, -0.186885, 0.982382, 0.37472, 7e-06, -0.982382, -0.186885, -0.0, 0.0, 0.0, 0.0, 1.0],
                [1.0, -1e-06, 6e-05, 0.0, -5.7e-05, -0.340077, 0.940398, 0.37472, 1.9e-05, -0.940398, -0.340077, 0.0, 0.0, 0.0, 0.0, 1.0]
            ]
        },
        {
            "name": "Knee_L",
            "time": [0.0, 0.25, 0.4, 0.65, 0.8],
            "transform": [
                [1.0, 0.0, -0.0, 0.0, -0.0, 1e-06, -1.0, 0.465228, -0.0, 1.0, 1e-06, 0.0, 0.0, 0.0, 0.0, 1.0],
                [1.0, 0.0, -0.0, -5.4e-05, -0.0, 1e-06, -1.0, 0.405693, -0.0, 1.0, 1e-06, 0.000314, 0.0, 0.0, 0.0, 1.0],
                [1.0, 0.0, -0.0, -7.2e-05, -0.0, 1e-06, -1.0, 0.385847, -0.0, 1.0, 1e-06, 0.000419, 0.0, 0.0, 0.0, 1.0],
                [1.0, 0.0, -0.0, -1.8e-05, -0.0, 1e-06, -1.0, 0.445383, -0.0, 1.0, 1e-06, 0.000105, 0.0, 0.0, 0.0, 1.0],
                [1.0, 0.0, -0.0, 0.0, -0.0, 1e-06, -1.0, 0.465228, -0.0, 1.0, 1e-06, 0.0, 0.0, 0.0, 0.0, 1.0]
            ]
        },
        {
            "name": "Torso",
            "time": [0.0, 0.8],
            "transform": [
                [1.0, 0.0, 0.0, 0.0, 0.0, 1.0, -0.0, 0.05, -0.0, 0.0, 1.0, 0.0, 0.0, 0.0, 0.0, 1.0],
                [1.0, 0.0, 0.0, 0.0, 0.0, 1.0, -0.0, 0.05, -0.0, 0.0, 1.0, 0.0, 0.0, 0.0, 0.0, 1.0]
            ]
        },
        {
            "name": "Chest",
            "time": [0.0, 0.2, 0.25, 0.4, 0.6, 0.65, 0.8],