{
    "animation": [
        {
            "name": "Root",
            "time": [0.0, 1.0667, 1.3333, 1.6],
            "transform": [
                [0.873784, 0.0, -0.486314, -5e-06, -0.486314, 0.0, -0.873784, 0.000946, 0.0, 1.0, 0.0, 0.753017, 0.0, 0.0, 0.0, 1.0],
                [0.95993, 0.0, -0.280241, -5e-06, -0.280241, 0.0, -0.95993, 0.000946, 0.0, 1.0, 0.0, 0.737091, 0.0, 0.0, 0.0, 1.0],
                [0.95993, 0.0, -0.280241, -5e-06, -0.280241, 0.0, -0.95993, 0.000946, 0.0, 1.0, 0.0, 0.737091, 0.0, 0.0, 0.0, 1.0],
                [0.873784, 0.0, -0.486314, -5e-06, -0.486314, 0.0, -0.873784, 0.000946, 0.0, 1.0, 0.0, 0.753017, 0.0, 0.0, 0.0, 1.0]
            ]
        },
        {
            "name": "Thigh_R",
            "time": [0.0, 1.0667, 1.3333, 1.6],
            "transform": [
                [0.997162, 0.062106, -0.042533, 0.124994, 0.065392, -0.994585, 0.080743, -0.002831, -0.037288, -0.083293, -0.995827, -1.2e-05, 0.0, 0.0, 0.0, 1.0],
                [0.996473, 0.062198, 0.056317, 0.124994, 0.05505, -0.991166, 0.120647, -0.002831, 0.063323, -0.117119, -0.991097, -1.2e-05, 0.0, 0.0, 0.0, 1.0],
                [0.996473, 0.062198, 0.056317, 0.124994, 0.05505, -0.991166, 0.120647, -0.002831, 0.063323, -0.117119, -0.991097, -1.2e-05, 0.0, 0.0, 0.0, 1.0],
                [0.997162, 0.062106, -0.042533, 0.124994, 0.065392, -0.994585, 0.080743, -0.002831, -0.037288, -0.083293, -0.995827, -1.2e-05, 0.0, 0.0, 0.0, 1.0]
            ]
        },
        {
            "name": "Leg_R",
            "time": [0.0, 1.0667, 1.3333, 1.6],
            "transform": [
                [1.0, 0.0, 1e-06, -0.0, 0.0, 0.95167, 0.307127, 0.37472, -1e-06, -0.307125, 0.951668, 0.0, 0.0, 0.0, 0.0, 1.0],
                [1.0, 0.0, 1e-06, 0.0, 0.0, 0.883568, 0.468306, 0.37472, -1e-06, -0.468304, 0.883567, -0.0, 0.0, 0.0, 0.0, 1.0],
                [1.0, 0.0, 1e-06, 0.0, 0.0, 0.883568, 0.468306, 0.37472, -1e-06, -0.468304, 0.883567, -0.0, 0.0, 0.0, 0.0, 1.0],
                [1.0, 0.0, 1e-06, -0.0, 0.0, 0.95167, 0.307127, 0.37472, -1e-06, -0.307125, 0.951668, 0.0, 0.0, 0.0, 0.0, 1.0]
            ]
        },
        {
            "name": "Knee_R",
            "time": [0.0, 1.0667, 1.3333, 1.6],
            "transform": [
                [1.0, 0.0, -0.0, -0.0, -0.0, 1e-06, -1.0, 0.37472, 0.0, 1.0, 1e-06, -0.0, 0.0, 0.0, 0.0, 1.0],
                [1.0, 0.0, -0.0, 0.0, -0.0, 1e-06, -1.0, 0.382437, -0.0, 1.0, 1e-06, -0.0, 0.0, 0.0, 0.0, 1.0],
                [1.0, 0.0, -0.0, 0.0, -0.0, 1e-06, -1.0, 0.382437, -0.0, 1.0, 1e-06, -0.0, 0.0, 0.0, 0.0, 1.0],
                [1.0, 0.0, -0.0, -0.0, -0.0, 1e-06, -1.0, 0.37472, 0.0, 1.0, 1e-06, -0.0, 0.0, 0.0, 0.0, 1.0]
            ]
        },
        {
            "name": "Thigh_L",
            "time": [0.0, 1.0667, 1.3333, 1.6],
            "transform": [
                [0.882653, -0.141766, -0.448135, -0.125006, -0.024227, -0.965885, 0.257834, -0.002831, -0.469399, -0.21672, -0.855977, -1.2e-05, 0.0, 0.0, 0.0, 1.0],
                [0.956391, -0.115625, -0.268227, -0.125006, -0.005372, -0.925122, 0.379631, -0.002831, -0.292037, -0.361634, -0.8854, -1.2e-05, 0.0, 0.0, 0.0, 1.0],
                [0.956391, -0.115625, -0.268227, -0.125006, -0.005372, -0.925122, 0.379631, -0.002831, -0.292037, -0.361634, -0.8854, -1.2e-05, 0.0, 0.0, 0.0, 1.0],
                [0.882653, -0.141766, -0.448135, -0.125006, -0.024227, -0.965885, 0.257834, -0.002831, -0.469399, -0.21672, -0.855977, -1.2e-05, 0.0, 0.0, 0.0, 1.0]
            ]
        },
        {
            "name": "Leg_L",
            "time": [0.0, 1.0667, 1.3333, 1.6],
            "transform": [
                [1.0, 1e-06, 1e-06, -0.0, 0.0, 0.962917, 0.269796, 0.37472, -1e-06, -0.269796, 0.962918, -0.0, 0.0, 0.0, 0.0, 1.0],
                [1.0, 0.0, 1e-06, -0.0, 0.0, 0.898768, 0.438423, 0.37472, -1e-06, -0.438422, 0.898769, -0.0, 0.0, 0.0, 0.0, 1.0],
                [1.0, 0.0, 1e-06, -0.0, 0.0, 0.898768, 0.438423, 0.37472, -1e-06, -0.438422, 0.898769, -0.0, 0.0, 0.0, 0.0, 1.0],
                [1.0, 1e-06, 1e-06, -0.0, 0.0, 0.962917, 0.269796, 0.37472, -1e-06, -0.269796, 0.962918, -0.0, 0.0, 0.0, 0.0, 1.0]
            ]
        },
        {
            "name": "Knee_L",
            "time": [0.0, 1.0667, 1.3333, 1.6],
            "transform": [
                [1.0, 0.0, -0.0, -0.0, -0.0, 1e-06, -1.0, 0.37472, -0.0, 1.0, 1e-06, -0.0, 0.0, 0.0, 0.0, 1.0],
                [1.0, 0.0, -0.0, -0.0, -0.0, 1e-06, -1.0, 0.379427, -0.0, 1.0, 1e-06, 0.0, 0.0, 0.0, 0.0, 1.0],
                [1.0, 0.0, -0.0, -0.0, -0.0, 1e-06, -1.0, 0.379427, -0.0, 1.0, 1e-06, 0.0, 0.0, 0.0, 0.0, 1.0],
                [1.0, 0.0, -0.0, -0.0, -0.0, 1e-06, -1.0, 0.37472, -0.0, 1.0, 1e-06, -0.0, 0.0, 0.0, 0.0, 1.0]
            ]
        },
        {
            "name": "Torso",
            "time": [0.0, 1.0667, 1.3333, 1.6],
            "transform": [
                [0.999906, -0.013504, -0.002478, 0.0, 0.013526, 0.999867, 0.0091, 0.05, 0.002354, -0.009133, 0.999956, 0.0, 0.0, 0.0, 0.0, 1.0],
                [0.999973, -0.005214, -0.005102, 0.0, 0.005206, 0.999985, -0.00172, 0.05, 0.005111, 0.001693, 0.999986, 0.0, 0.0, 0.0, 0.0, 1.0],
                [0.999971, -0.005696, -0.005102, 0.0, 0.005696, 0.999984, -7.2e-05, 0.05, 0.005102, 4.3e-05, 0.999987, 0.0, 0.0, 0.0, 0.0, 1.0],
                [0.999906, -0.013504, -0.002478, 0.0, 0.013526, 0.999867, 0.0091, 0.05, 0.002354, -0.009133, 0.999956, 0.0, 0.0, 0.0, 0.0, 1.0]
            ]
        },
        {
            "name": "Chest",
            "time": [0.0, 1.0667, 1.3333, 1.6],
            "transform": [
                [0.999162, 0.040381, -0.006753, -0.0, -0.040919, 0.979386, -0.197807, 0.3, -0.001374, 0.197918, 0.980218, 0.0, 0.0, 0.0, 0.0, 1.0],
                [0.993979, 0.105507, -0.029569, -0.0, -0.107996, 0.897736, -0.427091, 0.3, -0.018516, 0.427713, 0.903725, 0.0, 0.0, 0.0, 0.0, 1.0],
                [0.995396, 0.094232, -0.01751, 0.0, -0.094062, 0.925359, -0.367236, 0.3, -0.018402, 0.367192, 0.929963, 0.0, 0.0, 0.0, 0.0, 1.0],
                [0.999661, 0.025875, 0.002837, -0.0, -0.025795, 0.999345, -0.025371, 0.3, -0.003491, 0.025289, 0.999674, 0.0, 0.0, 0.0, 0.0, 1.0]
            ]
        },
        {
            "name": "Head",
            "time": [0.0, 1.0667, 1.3333, 1.6],
            "transform": [
                [0.883991, 0.127433, 0.4498, 0.0, -0.05194, 0.982947, -0.176401, 0.4, -0.464609, 0.132574, 0.875536, 0.0, 0.0, 0.0, 0.0, 1.0],
                [0.971832, 0.1248, 0.199917, 0.0, 0.002339, 0.843131, -0.537703, 0.4, -0.235662, 0.523025, 0.81909, -0.0, 0.0, 0.0, 0.0, 1.0],
                [0.971932, 0.108426, 0.208787, 0.0, 0.002777, 0.882116, -0.471023, 0.4, -0.235245, 0.458382, 0.857056, -0.0, 0.0, 0.0, 0.0, 1.0],
                [0.874701, -0.01005, 0.484559, 0.0, 0.002384, 0.999862, 0.016434, 0.4, -0.484658, -0.01322, 0.874604, -0.0, 0.0, 0.0, 0.0, 1.0]
            ]
        },
        {
            "name": "Shoulder_R",
            "time": [0.0, 1.0667, 1.3333, 1.6],
            "transform": [
                [0.167489, 0.943399, 0.286262, 0.0, 0.298439, -0.325257, 0.897297, 0.4, 0.939618, -0.064855, -0.336024, 0.0, 0.0, 0.0, 0.0, 1.0],
                [0.086125, 0.949467, 0.301819, 0.0, 0.33355, -0.312941, 0.889276, 0.4, 0.93879, 0.024083, -0.343647, -0.0, 0.0, 0.0, 0.0, 1.0],
                [0.085814, 0.951887, 0.29419, 0.0, 0.333645, -0.305686, 0.891761, 0.4, 0.938785, 0.021629, -0.343824, -0.0, 0.0, 0.0, 0.0, 1.0],
                [0.167489, 0.943398, 0.286262, 0.0, 0.298439, -0.325258, 0.897297, 0.4, 0.939618, -0.064855, -0.336024, -0.0, 0.0, 0.0, 0.0, 1.0]
            ]
        },
        {
            "name": "Arm_R",
            "time": [0.0, 1.0667, 1.3333, 1.6],