{
    "animation": [
        {
            "name": "Root",
            "time": [0.0, 0.5, 1.7833, 2.6667],
            "transform": [
                [0.499047, 0.039654, -0.865667, -5e-06, -0.856993, 0.170731, -0.486225, 0.019535, 0.128515, 0.984519, 0.119186, 0.623479, 0.0, 0.0, 0.0, 1.0],
                [0.499046, 0.039654, -0.865667, -5e-06, -0.856139, 0.177131, -0.485439, 0.02381, 0.134087, 0.983388, 0.122346, 0.617583, 0.0, 0.0, 0.0, 1.0],
                [0.499047, 0.039654, -0.865667, -5e-06, -0.857009, 0.170607, -0.48624, 0.010767, 0.128408, 0.984541, 0.119125, 0.637809, 0.0, 0.0, 0.0, 1.0],
                [0.499047, 0.039654, -0.865667, -5e-06, -0.856993, 0.170731, -0.486225, 0.019535, 0.128515, 0.984519, 0.119186, 0.623479, 0.0, 0.0, 0.0, 1.0]
            ]
        },
        {
            "name": "Thigh_R",
            "time": [0.0, 0.5, 1.7833, 2.6667],
            "transform": [
                [0.88863, 0.413876, 0.197593, 0.124994, 0.179461, -0.710276, 0.68066, -0.002831, 0.422055, -0.569393, -0.705449, -1.2e-05, 0.0, 0.0, 0.0, 1.0],
                [0.888231, 0.4181, 0.19036, 0.124994, 0.182021, -0.700749, 0.689794, -0.002831, 0.421798, -0.578045, -0.698533, -1.2e-05, 0.0, 0.0, 0.0, 1.0],
                [0.891413, 0.391963, 0.227481, 0.124994, 0.159641, -0.741359, 0.651843, -0.002831, 0.424143, -0.544744, -0.723433, -1.2e-05, 0.0, 0.0, 0.0, 1.0],
                [0.88863, 0.413876, 0.197593, 0.124994, 0.179461, -0.710276, 0.68066, -0.002831, 0.422055, -0.569393, -0.705449, -1.2e-05, 0.0, 0.0, 0.0, 1.0]
            ]
        },
        {
            "name": "Leg_R",
            "time": [0.0, 0.5, 1.7833, 2.6667],
            "transform": [
                [1.0, -0.0, 1e-06, 0.0, -0.0, 0.727864, 0.685724, 0.37472, -1e-06, -0.685724, 0.72786, -0.0, 0.0, 0.0, 0.0, 1.0],
                [1.0, -0.0, 1e-06, 0.0, -0.0, 0.711438, 0.702751, 0.37472, -1e-06, -0.702751, 0.711434, 0.0, 0.0, 0.0, 0.0, 1.0],
                [1.0, -0.0, 1e-06, -0.0, -0.0, 0.779293, 0.626661, 0.37472, -1e-06, -0.626661, 0.77929, -0.0, 0.0, 0.0, 0.0, 1.0],
                [1.0, -0.0, 1e-06, 0.0, -0.0, 0.727864, 0.685724, 0.37472, -1e-06, -0.685724, 0.72786, -0.0, 0.0, 0.0, 0.0, 1.0]
            ]
        },
        {
            "name": "Knee_R",
            "time": [0.0, 0.5, 1.7833, 2.6667],
            "transform": [
                [1.0, 0.0, -0.0, -0.0, -0.0, 1e-06, -1.0, 0.406522, -0.0, 1.0, 1e-06, -0.0, 0.0, 0.0, 0.0, 1.0],
                [1.0, 0.0, -0.0, 0.0, -0.0, 1e-06, -1.0, 0.408646, -0.0, 1.0, 1e-06, -0.0, 0.0, 0.0, 0.0, 1.0],
                [1.0, 0.0, -0.0, 0.0, -0.0, 1e-06, -1.0, 0.399488, -0.0, 1.0, 1e-06, 0.0, 0.0, 0.0, 0.0, 1.0],
                [1.0, 0.0, -0.0, -0.0, -0.0, 1e-06, -1.0, 0.406522, -0.0, 1.0, 1e-06, -0.0, 0.0, 0.0, 0.0, 1.0]
            ]
        },
        {
            "name": "Thigh_L",
            "time": [0.0, 0.5, 1.7833, 2.6667],
            "transform": [
                [0.509417, -0.769595, -0.384991, -0.143216, 0.019854, -0.436764, 0.899356, -0.002831, -0.860289, -0.46579, -0.207218, 0.011049, 0.0, 0.0, 0.0, 1.0],
                [0.509384, -0.778905, -0.365836, -0.143216, 0.019617, -0.414504, 0.909835, -0.002831, -0.860315, -0.470631, -0.195864, 0.011049, 0.0, 0.0, 0.0, 1.0],
                [0.509447, -0.752763, -0.416907, -0.143216, 0.020052, -0.473977, 0.880308, -0.002831, -0.860268, -0.45683, -0.226374, 0.011049, 0.0, 0.0, 0.0, 1.0],
                [0.509417, -0.769595, -0.384991, -0.143216, 0.019854, -0.436764, 0.899356, -0.002831, -0.860289, -0.46579, -0.207218, 0.011049, 0.0, 0.0, 0.0, 1.0]
            ]
        },
        {
            "name": "Leg_L",
            "time": [0.0, 0.5, 1.7833, 2.6667],
            "transform": [
                [1.0, -0.0, 1e-06, -0.0, 0.0, 0.477445, 0.878661, 0.37472, -1e-06, -0.878662, 0.477445, -0.0, 0.0, 0.0, 0.0, 1.0],
                [1.0, -0.0, 1e-06, -0.0, -0.0, 0.442105, 0.896963, 0.37472, -1e-06, -0.896964, 0.442105, 0.0, 0.0, 0.0, 0.0, 1.0],
                [1.0, 0.0, 0.0, -0.0, -0.0, 0.554798, 0.831985, 0.37472, -1e-06, -0.831985, 0.554798, -0.0, 0.0, 0.0, 0.0, 1.0],
                [1.0, -0.0, 1e-06, -0.0, 0.0, 0.477445, 0.878661, 0.37472, -1e-06, -0.878662, 0.477445, -0.0, 0.0, 0.0, 0.0, 1.0]
            ]
        },
        {
            "name": "Knee_L",
            "time": [0.0, 0.5, 1.7833, 2.6667],
            "transform": [
                [1.0, 0.0, -0.0, 0.0, -0.0, 1e-06, -1.0, 0.435027, -0.0, 1.0, 1e-06, -0.0, 0.0, 0.0, 0.0, 1.0],
                [1.0, 0.0, -0.0, 0.0, -0.0, 1e-06, -1.0, 0.4386, -0.0, 1.0, 1e-06, -0.0, 0.0, 0.0, 0.0, 1.0],
                [1.0, 0.0, -0.0, 0.0, -0.0, 1e-06, -1.0, 0.426912, -0.0, 1.0, 1e-06, -0.0, 0.0, 0.0, 0.0, 1.0],
                [1.0, 0.0, -0.0, 0.0, -0.0, 1e-06, -1.0, 0.435027, -0.0, 1.0, 1e-06, -0.0, 0.0, 0.0, 0.0, 1.0]
            ]
        },
        {
            "name": "Torso",
            "time": [0.0, 0.5, 2.6667],
            "transform": [
                [1.0, -0.0, -0.0, -0.0, -0.0, 1.0, 0.0, 0.05, -0.0, 0.0, 1.0, -0.0, 0.0, 0.0, 0.0, 1.0],
                [1.0, 0.0, 0.0, 0.0, -0.0, 1.0, -0.0, 0.05, -0.0, 0.0, 1.0, 0.0, 0.0, 0.0, 0.0, 1.0],
                [1.0, -0.0, -0.0, -0.0, -0.0, 1.0, 0.0, 0.05, -0.0, 0.0, 1.0, -0.0, 0.0, 0.0, 0.0, 1.0]
            ]
        },
        {
            "name": "Chest",
            "time": [0.0, 0.5, 1.7833, 2.6667],
            "transform": [
                [0.997792, -0.066277, -0.004309, 0.0, 0.066393, 0.997064, 0.038141, 0.3, 0.001768, -0.038342, 0.999263, 0.0, 0.0, 0.0, 0.0, 1.0],
                [0.995672, -0.092689, -0.006741, 0.0, 0.092917, 0.994246, 0.053302, 0.3, 0.001761, -0.053698, 0.998556, -0.0, 0.0, 0.0, 0.0, 1.0],
                [0.999748, -0.022433, -0.001173, 0.0, 0.022446, 0.999664, 0.012925, 0.3, 0.000883, -0.012948, 0.999916, -0.0, 0.0, 0.0, 0.0, 1.0],
                [0.997792, -0.066277, -0.004309, 0.0, 0.066393, 0.997064, 0.038141, 0.3, 0.001768, -0.038342, 0.999263, 0.0, 0.0, 0.0, 0.0, 1.0]
            ]
        },
        {
            "name": "Head",
            "time": [0.0, 0.5, 1.7833, 2.6667],
            "transform": [
                [0.497989, 0.193235, 0.84538, -0.0, 0.039621, 0.968769, -0.244779, 0.4, -0.866278, 0.155392, 0.47478, 0.0, 0.0, 0.0, 0.0, 1.0],
                [0.497988, 0.226126, 0.837183, 0.0, 0.039669, 0.958453, -0.282478, 0.4, -0.866276, 0.173881, 0.468328, 0.0, 0.0, 0.0, 0.0, 1.0],
                [0.497993, 0.153576, 0.853474, -0.0, 0.039564, 0.979145, -0.199275, 0.4, -0.866278, 0.133005, 0.481531, -0.0, 0.0, 0.0, 0.0, 1.0],
                [0.497989, 0.193235, 0.84538, -0.0, 0.039621, 0.968769, -0.244779, 0.4, -0.866278, 0.155392, 0.47478, 0.0, 0.0, 0.0, 0.0, 1.0]
            ]
        },
        {
            "name": "Shoulder_R",
            "time": [0.0, 0.5, 1.7833, 2.6667],
            "transform": [
                [0.353342, 0.908527, 0.222999, -0.0, 0.354211, -0.350558, 0.866974, 0.4, 0.865843, -0.22735, -0.445677, 0.0, 0.0, 0.0, 0.0, 1.0],
                [0.36084, 0.90136, 0.239467, 0.0, 0.337543, -0.365578, 0.86742, 0.4, 0.869402, -0.232169, -0.436163, 0.0, 0.0, 0.0, 0.0, 1.0],
                [0.34903, 0.912387, 0.213841, -0.0, 0.363407, -0.342115, 0.86654, 0.4, 0.863778, -0.224737, -0.450977, -0.0, 0.0, 0.0, 0.0, 1.0],
                [0.353342, 0.908527, 0.222999, -0.0, 0.354211, -0.350558, 0.866974, 0.4, 0.865843, -0.22735, -0.445677, 0.0, 0.0, 0.0, 0.0, 1.0]
            ]
        },
        {
            "name": "Arm_R",
            "time": [0.0, 0.3833, 1.6667, 2.6667],