{
    "animation": [
        {
            "name": "Root",
            "time": [0.0, 0.0833, 0.25, 0.5],
            "transform": [
                [1.0, 0.0, 0.0, -5e-06, 0.0, -0.143178, -0.989697, 0.000946, 0.0, 0.989697, -0.143178, 0.739925, 0.0, 0.0, 0.0, 1.0],
                [1.0, 0.0, 0.0, -5e-06, 0.0, -0.143178, -0.989697, 0.000946, 0.0, 0.989697, -0.143178, 0.714483, 0.0, 0.0, 0.0, 1.0],
                [0.817735, -0.0, 0.575595, -5e-06, 0.573631, 0.082539, -0.814945, 0.000946, -0.047509, 0.996588, 0.067495, 0.691115, 0.0, 0.0, 0.0, 1.0],
                [0.817735, -0.0, 0.575595, -5e-06, 0.573631, 0.082539, -0.814945, 0.000946, -0.047509, 0.996588, 0.067495, 0.691115, 0.0, 0.0, 0.0, 1.0]
            ]
        },
        {
            "name": "Thigh_R",
            "time": [0.0, 0.0833, 0.25, 0.5],
            "transform": [
                [0.999224, -0.038123, 0.009855, 0.124994, -0.039309, -0.98032, 0.19346, -0.002831, 0.002286, -0.193697, -0.981059, -1.2e-05, 0.0, 0.0, 0.0, 1.0],
                [0.999093, 0.006159, -0.042139, 0.124994, 0.015927, -0.97172, 0.235598, -0.002831, -0.039496, -0.236055, -0.970937, -1.2e-05, 0.0, 0.0, 0.0, 1.0],
                [0.827927, 0.36379, 0.426841, 0.124994, 0.046726, -0.803178, 0.593904, -0.002831, 0.558886, -0.471765, -0.681971, -1.2e-05, 0.0, 0.0, 0.0, 1.0],
                [0.827927, 0.36379, 0.426841, 0.124994, 0.046726, -0.803178, 0.593904, -0.002831, 0.558886, -0.471765, -0.681971, -1.2e-05, 0.0, 0.0, 0.0, 1.0]
            ]
        },
        {
            "name": "Leg_R",
            "time": [0.0, 0.0833, 0.25, 0.5],
            "transform": [
                [1.0, -1e-06, 2e-06, 0.0, -1e-06, 0.771909, 0.635733, 0.37472, -2e-06, -0.635733, 0.771909, -0.0, 0.0, 0.0, 0.0, 1.0],
                [1.0, -0.0, 2e-06, 0.0, 0.0, 0.999951, 0.009911, 0.37472, -2e-06, -0.009911, 0.999951, 0.0, 0.0, 0.0, 0.0, 1.0],
                [1.0, -0.0, 1e-06, -0.0, -0.0, 0.773781, 0.633453, 0.37472, -1e-06, -0.633453, 0.773781, -0.0, 0.0, 0.0, 0.0, 1.0],
                [1.0, -0.0, 1e-06, -0.0, -0.0, 0.773781, 0.633453, 0.37472, -1e-06, -0.633453, 0.773781, -0.0, 0.0, 0.0, 0.0, 1.0]
            ]
        },
        {
            "name": "Knee_R",
            "time": [0.0, 0.0833, 0.25, 0.5],
            "transform": [
                [1.0, 0.0, -0.0, -4e-05, -0.0, 1e-06, -1.0, 0.401651, -0.0, 1.0, 1e-06, 2.2e-05, 0.0, 0.0, 0.0, 1.0],
                [1.0, 0.0, -0.0, 0.0, -0.0, 1e-06, -1.0, 0.37472, -0.0, 1.0, 1e-06, 0.0, 0.0, 0.0, 0.0, 1.0],
                [1.0, 0.0, -0.0, 0.000185, -0.0, 1e-06, -1.0, 0.400849, -0.0, 1.0, 1e-06, -0.000348, 0.0, 0.0, 0.0, 1.0],
                [1.0, 0.0, -0.0, 0.000185, -0.0, 1e-06, -1.0, 0.400849, -0.0, 1.0, 1e-06, -0.000348, 0.0, 0.0, 0.0, 1.0]
            ]
        },
        {
            "name": "Thigh_L",
            "time": [0.0, 0.0833, 0.25, 0.5],
            "transform": [
                [1.0, -4.5e-05, 1.1e-05, -0.125006, -3.5e-05, -0.893146, -0.449766, -0.002831, 3e-05, 0.449767, -0.893146, -1.2e-05, 0.0, 0.0, 0.0, 1.0],
                [1.0, -4.3e-05, 7e-06, -0.125006, -3.1e-05, -0.809924, -0.586535, -0.002831, 3.1e-05, 0.586535, -0.809924, -1.2e-05, 0.0, 0.0, 0.0, 1.0],
                [0.963801, -0.242143, 0.111594, -0.125006, -0.220569, -0.95927, -0.176493, -0.002831, 0.149785, 0.145491, -0.977955, -1.2e-05, 0.0, 0.0, 0.0, 1.0],
                [0.963801, -0.242143, 0.111594, -0.125006, -0.220569, -0.95927, -0.176493, -0.002831, 0.149785, 0.145491, -0.977955, -1.2e-05, 0.0, 0.0, 0.0, 1.0]
            ]
        },
        {
            "name": "Leg_L",
            "time": [0.0, 0.0833, 0.25, 0.5],
            "transform": [
                [1.0, -0.0, 1e-06, -0.0, 0.0, 0.999954, 0.009643, 0.37472, -1e-06, -0.009643, 0.999954, 0.0, 0.0, 0.0, 0.0, 1.0],
                [1.0, -0.0, 1e-06, -0.0, 0.0, 0.999958, 0.009187, 0.37472, -1e-06, -0.009187, 0.999958, -0.0, 0.0, 0.0, 0.0, 1.0],
                [1.0, -0.0, 1e-06, 0.0, 0.0, 0.94025, 0.340484, 0.37472, -1e-06, -0.340484, 0.94025, 0.0, 0.0, 0.0, 0.0, 1.0],
                [1.0, -0.0, 1e-06, 0.0, 0.0, 0.94025, 0.340484, 0.37472, -1e-06, -0.340484, 0.94025, 0.0, 0.0, 0.0, 0.0, 1.0]
            ]
        },
        {
            "name": "Knee_L",
            "time": [0.0, 0.5],
            "transform": [
                [1.0, 0.0, -0.0, -0.0, -0.0, 1e-06, -1.0, 0.37472, -0.0, 1.0, 1e-06, 0.0, 0.0, 0.0, 0.0, 1.0],
                [1.0, 0.0, -0.0, 0.0, -0.0, 1e-06, -1.0, 0.37472, -0.0, 1.0, 1e-06, 0.0, 0.0, 0.0, 0.0, 1.0]
            ]
        },
        {
            "name": "Torso",
            "time": [0.0, 0.0833, 0.25, 0.5],
            "transform": [
                [0.99978, -0.020971, -0.000197, 0.0, 0.020971, 0.999603, 0.01883, 0.05, -0.000198, -0.01883, 0.999823, -0.0, 0.0, 0.0, 0.0, 1.0],
                [0.99978, -0.020971, -0.000197, 0.0, 0.020971, 0.999603, 0.01883, 0.05, -0.000198, -0.01883, 0.999823, 0.0, 0.0, 0.0, 0.0, 1.0],
                [0.99978, -0.020971, -0.000198, -0.0, 0.020971, 0.999603, 0.018833, 0.05, -0.000198, -0.018833, 0.999823, 0.0, 0.0, 0.0, 0.0, 1.0],
                [0.99978, -0.020971, -0.000198, -0.0, 0.020971, 0.999603, 0.018833, 0.05, -0.000198, -0.018833, 0.999823, 0.0, 0.0, 0.0, 0.0, 1.0]
            ]
        },
        {
            "name": "Chest",
            "time": [0.0, 0.0833, 0.25, 0.5],
            "transform": [
                [1.0, -0.0, 0.0, 0.0, -0.0, 1.0, -0.0, 0.3, 0.0, 0.0, 1.0, 0.0, 0.0, 0.0, 0.0, 1.0],
                [1.0, -0.0, -0.0, 0.0, -0.0, 1.0, -0.0, 0.3, 0.0, 0.0, 1.0, 0.0, 0.0, 0.0, 0.0, 1.0],
                [0.901014, 0.05167, 0.430702, -0.0, -0.077338, 0.996108, 0.042288, 0.3, -0.426841, -0.071412, 0.901503, -0.0, 0.0, 0.0, 0.0, 1.0],
                [0.901014, 0.05167, 0.430702, -0.0, -0.077338, 0.996108, 0.042288, 0.3, -0.426841, -0.071412, 0.901503, -0.0, 0.0, 0.0, 0.0, 1.0]
            ]
        },
        {
            "name": "Head",
            "time": [0.0, 0.0833, 0.25, 0.5],
            "transform": [
                [0.999996, -0.000205, 0.002732, 0.0, -0.000153, 0.991473, 0.130313, 0.4, -0.002735, -0.130312, 0.991469, 0.0, 0.0, 0.0, 0.0, 1.0],
                [0.999996, -0.000205, 0.002732, 0.0, -0.000153, 0.991473, 0.130313, 0.4, -0.002735, -0.130312, 0.991469, 0.0, 0.0, 0.0, 0.0, 1.0],
                [0.493706, -0.144109, -0.857605, -0.0, -0.023709, 0.983577, -0.178925, 0.4, 0.869305, 0.10867, 0.482181, 0.0, 0.0, 0.0, 0.0, 1.0],
                [0.493706, -0.144109, -0.857605, -0.0, -0.023709, 0.983577, -0.178925, 0.4, 0.869305, 0.10867, 0.482181, 0.0, 0.0, 0.0, 0.0, 1.0]
            ]
        },
        {
            "name": "Shoulder_R",
            "time": [0.0, 0.0833, 0.25, 0.5],
            "transform": [
                [0.230077, 0.939297, 0.254529, 0.0, -0.00207, -0.261073, 0.965317, 0.4, 0.97317, -0.222624, -0.058122, 0.0, 0.0, 0.0, 0.0, 1.0],
                [0.230077, 0.939297, 0.254529, 0.0, -0.00207, -0.261073, 0.965317, 0.4, 0.97317, -0.222624, -0.058122, 0.0, 0.0, 0.0, 0.0, 1.0],
                [0.576903, 0.807926, 0.120161, -0.0, 0.235328, -0.305272, 0.922729, 0.4, 0.782178, -0.504048, -0.366241, 0.0, 0.0, 0.0, 0.0, 1.0],
                [0.576903, 0.807926, 0.120161, -0.0, 0.235328, -0.305272, 0.922729, 0.4, 0.782178, -0.504048, -0.366241, 0.0, 0.0, 0.0, 0.0, 1.0]
            ]
        },
        {
            "name": "Arm_R",
            "time": [0.0, 0.0833, 0.25, 0.5],