{
    "animation": [
        {
            "name": "Root",
            "time": [0.0, 0.1833, 0.3],
            "transform": [
                [0.708951, 0.007162, -0.705221, -5e-06, -0.704536, 0.052403, -0.70773, 0.005949, 0.031887, 0.9986, 0.042197, 0.717415, 0.0, 0.0, 0.0, 1.0],
                [0.499047, 0.039654, -0.865667, -5e-06, -0.856993, 0.170731, -0.486225, 0.019535, 0.128515, 0.984519, 0.119186, 0.623479, 0.0, 0.0, 0.0, 1.0],
                [0.499047, 0.039654, -0.865667, -5e-06, -0.855648, 0.180687, -0.484994, 0.019535, 0.137183, 0.982741, 0.124101, 0.597172, 0.0, 0.0, 0.0, 1.0]
            ]
        },
        {
            "name": "Thigh_R",
            "time": [0.0, 0.05, 0.1833, 0.3],
            "transform": [
                [0.879163, 0.462997, 0.112713, 0.124994, 0.283648, -0.698534, 0.656956, -0.00283, 0.382903, -0.545599, -0.745457, -1.2e-05, 0.0, 0.0, 0.0, 1.0],
                [0.877855, 0.452784, 0.156064, 0.124994, 0.275448, -0.7439, 0.608883, -0.002831, 0.391789, -0.491523, -0.777757, -1.2e-05, 0.0, 0.0, 0.0, 1.0],
                [0.889045, 0.41347, 0.196572, 0.124994, 0.179918, -0.71036, 0.680453, -0.002831, 0.420984, -0.569585, -0.705935, -1.2e-05, 0.0, 0.0, 0.0, 1.0],
                [0.888037, 0.431533, 0.158647, 0.124994, 0.183303, -0.648745, 0.738599, -0.002831, 0.421651, -0.626822, -0.655212, -1.2e-05, 0.0, 0.0, 0.0, 1.0]
            ]
        },
        {
            "name": "Leg_R",
            "time": [0.0, 0.05, 0.1833, 0.3],
            "transform": [
                [1.0, -1e-06, 0.0, 0.0, -0.0, 0.452389, 0.891821, 0.37472, -1e-06, -0.891822, 0.452388, 0.0, 0.0, 0.0, 0.0, 1.0],
                [1.0, -1e-06, 1e-06, 0.0, -0.0, 0.677342, 0.735668, 0.37472, -1e-06, -0.735669, 0.677341, 0.0, 0.0, 0.0, 0.0, 1.0],
                [1.0, -0.0, 0.0, -0.0, -0.0, 0.727862, 0.685724, 0.37472, -1e-06, -0.685725, 0.727861, 0.0, 0.0, 0.0, 0.0, 1.0],
                [1.0, -1e-06, 0.0, 0.0, -0.0, 0.619127, 0.785291, 0.37472, -1e-06, -0.785292, 0.619126, 0.0, 0.0, 0.0, 0.0, 1.0]
            ]
        },
        {
            "name": "Knee_R",
            "time": [0.0, 0.05, 0.1833, 0.3],
            "transform": [
                [1.0, 0.0, -0.0, 0.0, -0.0, 1e-06, -1.0, 0.437568, -0.0, 1.0, 0.0, -0.0, 0.0, 0.0, 0.0, 1.0],
                [1.0, 0.0, -0.0, 0.0, -0.0, 1e-06, -1.0, 0.412902, -0.0, 1.0, 1e-06, -0.0, 0.0, 0.0, 0.0, 1.0],
                [1.0, 0.0, -0.0, -0.0, -0.0, 1e-06, -1.0, 0.406522, -0.0, 1.0, 1e-06, 0.0, 0.0, 0.0, 0.0, 1.0],
                [1.0, 0.0, -0.0, 0.0, -0.0, 1e-06, -1.0, 0.419772, -0.0, 1.0, 1e-06, -0.0, 0.0, 0.0, 0.0, 1.0]
            ]
        },
        {
            "name": "Thigh_L",
            "time": [0.0, 0.05, 0.1833, 0.3],
            "transform": [
                [0.690746, -0.385431, -0.611811, -0.157975, 0.029568, -0.830335, 0.556479, -0.002025, -0.722492, -0.402476, -0.562154, 0.029579, 0.0, 0.0, 0.0, 1.0],
                [0.663483, -0.487825, -0.567289, -0.155445, 0.04393, -0.731507, 0.680417, -0.002163, -0.746899, -0.476366, -0.463913, 0.026402, 0.0, 0.0, 0.0, 1.0],
                [0.560358, -0.746822, -0.358129, -0.147244, -0.007801, -0.437132, 0.899363, -0.002611, -0.828213, -0.501172, -0.250777, 0.016106, 0.0, 0.0, 0.0, 1.0],
                [0.509248, -0.80145, -0.313599, -0.143216, 0.018786, -0.353949, 0.935075, -0.002831, -0.860414, -0.482077, -0.165193, 0.011049, 0.0, 0.0, 0.0, 1.0]
            ]
        },
        {
            "name": "Leg_L",
            "time": [0.0, 0.05, 0.1833, 0.3],
            "transform": [
                [1.0, -1e-06, 1e-06, 0.0, 0.0, 0.902288, 0.431134, 0.37472, -1e-06, -0.431134, 0.902288, 0.0, 0.0, 0.0, 0.0, 1.0],
                [1.0, -1e-06, 1e-06, -0.0, 0.0, 0.868902, 0.494985, 0.37472, -1e-06, -0.494984, 0.868902, -0.0, 0.0, 0.0, 0.0, 1.0],
                [1.0, -1e-06, 1e-06, -0.0, 0.0, 0.476682, 0.879076, 0.37472, -1e-06, -0.879075, 0.476683, 0.0, 0.0, 0.0, 0.0, 1.0],
                [1.0, -1e-06, 1e-06, -0.0, -0.0, 0.364912, 0.931042, 0.37472, -1e-06, -0.931042, 0.364912, -0.0, 0.0, 0.0, 0.0, 1.0]
            ]
        },
        {
            "name": "Knee_L",
            "time": [0.0, 0.05, 0.1833, 0.3],
            "transform": [
                [1.0, 0.0, -0.0, -0.0, -0.0, 1e-06, -1.0, 0.3787, -0.0, 1.0, 1e-06, 0.0, 0.0, 0.0, 0.0, 1.0],
                [1.0, 0.0, -0.0, -0.0, -0.0, 1e-06, -1.0, 0.385171, -0.0, 1.0, 1e-06, -0.0, 0.0, 0.0, 0.0, 1.0],
                [1.0, 0.0, -0.0, 0.0, -0.0, 1e-06, -1.0, 0.435105, -0.0, 1.0, 1e-06, 0.0, 0.0, 0.0, 0.0, 1.0],
                [1.0, 0.0, -0.0, 0.0, -0.0, 1e-06, -1.0, 0.446179, -0.0, 1.0, 1e-06, -0.0, 0.0, 0.0, 0.0, 1.0]
            ]
        },
        {
            "name": "Torso",
            "time": [0.0, 0.3],
            "transform": [
                [1.0, 0.0, -0.0, -0.0, 0.0, 1.0, 0.0, 0.05, 0.0, -0.0, 1.0, 0.0, 0.0, 0.0, 0.0, 1.0],
                [1.0, -0.0, -0.0, -0.0, -0.0, 1.0, -0.0, 0.05, 0.0, 0.0, 1.0, 0.0, 0.0, 0.0, 0.0, 1.0]
            ]
        },
        {
            "name": "Chest",
            "time": [0.0, 0.3],
            "transform": [
                [0.99985, -0.017304, 0.000145, -0.0, 0.0173, 0.999734, 0.01522, 0.3, -0.000408, -0.015215, 0.999884, -0.0, 0.0, 0.0, 0.0, 1.0],
                [0.997792, -0.066277, -0.004309, 0.0, 0.066393, 0.997064, 0.03814, 0.3, 0.001768, -0.038342, 0.999263, 0.0, 0.0, 0.0, 0.0, 1.0]
            ]
        },
        {
            "name": "Head",
            "time": [0.0, 0.05, 0.1833, 0.3],
            "transform": [
                [0.693928, 0.056369, 0.717835, 0.0, 0.011487, 0.995938, -0.089312, 0.4, -0.719953, 0.070222, 0.690461, -0.0, 0.0, 0.0, 0.0, 1.0],
                [0.631035, 0.089267, 0.770601, -0.0, 0.017957, 0.99141, -0.12955, 0.4, -0.775547, 0.095588, 0.624012, -0.0, 0.0, 0.0, 0.0, 1.0],
                [0.499701, 0.189619, 0.845188, -0.0, 0.040393, 0.969582, -0.241409, 0.4, -0.865256, 0.154772, 0.476842, 0.0, 0.0, 0.0, 0.0, 1.0],
                [0.497988, 0.202134, 0.843297, -0.0, 0.039634, 0.966133, -0.254983, 0.4, -0.866277, 0.160402, 0.473112, 0.0, 0.0, 0.0, 0.0, 1.0]
            ]
        },
        {
            "name": "Shoulder_R",
            "time": [0.0, 0.05, 0.2167, 0.3],
            "transform": [
                [0.580317, 0.812837, 0.050277, 0.0, 0.329495, -0.2908, 0.898258, 0.4, 0.744759, -0.504708, -0.436582, -0.0, 0.0, 0.0, 0.0, 1.0],
                [0.700422, 0.712804, -0.036313, -0.0, 0.342055, -0.290588, 0.89362, 0.4, 0.626424, -0.638333, -0.447353, -0.0, 0.0, 0.0, 0.0, 1.0],
                [0.280806, 0.92001, 0.273366, -0.0, 0.364055, -0.365643, 0.856604, 0.4, 0.888039, -0.141019, -0.437609, -0.0, 0.0, 0.0, 0.0, 1.0],
                [0.353342, 0.908526, 0.222999, -0.0, 0.354211, -0.350558, 0.866973, 0.4, 0.865843, -0.227349, -0.445677, 0.0, 0.0, 0.0, 0.0, 1.0]
            ]
        },
        {
            "name": "Arm_R",
            "time": [0.0, 0.05, 0.2167, 0.3],
            "transform": [
                [-0.370864, -0.820543, -0.434936, -0.003944, -0.127743, 0.508955, -0.851262, 0.39743, 0.91986, -0.260143, -0.293571, -0.010798, 0.0, 0.0, 0.0, 1.0],
                [-0.149253, -0.976368, -0.1563, 0.0, -0.625327, 0.215649, -0.749974, 0.393861, 0.765957, -0.014197, -0.642736, 0.0, 0.0, 0.0, 0.0, 1.0],
                [0.482192, -0.506292, -0.714954, 0.037752, -0.701288, 0.266046, -0.661374, 0.307755, 0.525059, 0.820298, -0.226771, 0.001855, 0.0, 0.0, 0.0, 1.0],
                [0.43347, -0.533332, -0.726403, 0.034272, -0.736483, 0.254864, -0.626608, 0.313961, 0.519324, 0.806599, -0.282314, 0.036884, 0.0, 0.0, 0.0, 1.0]
            ]
        },
        {
            "name": "Hand_R",
            "time": [0.0, 0.05, 0.2167, 0.3],