{
    "animation": [
        {
            "name": "Root",
            "time": [0.0, 0.15, 0.2667, 0.4167, 0.5333],
            "transform": [
                [1.0, 0.0, 0.0, -5e-06, 0.0, 0.0, -1.0, 0.000946, 0.0, 1.0, 0.0, 0.797984, 0.0, 0.0, 0.0, 1.0],
                [0.951269, 0.0, -0.308362, -5e-06, -0.301544, 0.209121, -0.930236, 0.000946, 0.064485, 0.97789, 0.198931, 0.64394, 0.0, 0.0, 0.0, 1.0],
                [1.0, 0.0, 0.0, -5e-06, 0.0, 0.0, -1.0, 0.000946, 0.0, 1.0, 0.0, 0.796622, 0.0, 0.0, 0.0, 1.0],
                [0.952763, -0.0, 0.303714, -5e-06, 0.296255, 0.220268, -0.929363, 0.000946, -0.066899, 0.975439, 0.209863, 0.6484, 0.0, 0.0, 0.0, 1.0],
                [1.0, 0.0, 0.0, -5e-06, 0.0, 0.0, -1.0, 0.000946, 0.0, 1.0, 0.0, 0.797984, 0.0, 0.0, 0.0, 1.0]
            ]
        },
        {
            "name": "Thigh_R",
            "time": [0.0, 0.15, 0.2667, 0.4167, 0.5333],
            "transform": [
                [0.998411, 0.037328, -0.042225, 0.124994, 0.051547, -0.907729, 0.416377, -0.002831, -0.022786, -0.417892, -0.908211, -1.2e-05, 0.0, 0.0, 0.0, 1.0],
                [0.952015, -0.273638, -0.137079, 0.124994, 0.000573, -0.446299, 0.894884, -0.002831, -0.306052, -0.852021, -0.424726, -1.2e-05, 0.0, 0.0, 0.0, 1.0],
                [0.999819, -0.002717, -0.018807, 0.124994, -0.006181, -0.982399, -0.186693, -0.002831, -0.017969, 0.186776, -0.982238, -1.2e-05, 0.0, 0.0, 0.0, 1.0],
                [0.951933, -0.125716, 0.279317, 0.124994, -0.000841, -0.912962, -0.408043, -0.002831, 0.306304, 0.388195, -0.869185, -1.2e-05, 0.0, 0.0, 0.0, 1.0],
                [0.998411, 0.037328, -0.042225, 0.124994, 0.051547, -0.907729, 0.416377, -0.002831, -0.022786, -0.417892, -0.908211, -1.2e-05, 0.0, 0.0, 0.0, 1.0]
            ]
        },
        {
            "name": "Leg_R",
            "time": [0.0, 0.15, 0.2667, 0.4167, 0.5333],
            "transform": [
                [1.0, -1e-06, 2e-06, 0.0, -2e-06, 0.329795, 0.944053, 0.37472, -1e-06, -0.944053, 0.329795, 0.0, 0.0, 0.0, 0.0, 1.0],
                [1.0, -0.0, 1e-06, -0.0, -0.0, 0.599366, 0.800475, 0.37472, -1e-06, -0.800475, 0.599366, -0.0, 0.0, 0.0, 0.0, 1.0],
                [1.0, -0.0, 2e-06, -0.0, 0.0, 0.999953, 0.009717, 0.37472, -2e-06, -0.009717, 0.999953, -0.0, 0.0, 0.0, 0.0, 1.0],
                [1.0, 0.0, 1e-06, -0.0, -0.0, 0.999949, 0.010125, 0.37472, -1e-06, -0.010125, 0.999949, -0.0, 0.0, 0.0, 0.0, 1.0],
                [1.0, -1e-06, 2e-06, 0.0, -2e-06, 0.329795, 0.944053, 0.37472, -1e-06, -0.944053, 0.329795, 0.0, 0.0, 0.0, 0.0, 1.0]
            ]
        },
        {
            "name": "Knee_R",
            "time": [0.0, 0.15, 0.2667, 0.4167, 0.5333],
            "transform": [
                [1.0, 0.0, -0.0, -0.000179, -0.0, 1e-06, -1.0, 0.436391, -0.0, 1.0, 1e-06, -0.000613, 0.0, 0.0, 0.0, 1.0],
                [1.0, 0.0, -0.0, 0.0, -0.0, 1e-06, -1.0, 0.415544, -0.0, 1.0, 1e-06, -0.0, 0.0, 0.0, 0.0, 1.0],
                [1.0, 0.0, -0.0, -0.0, -0.0, 1e-06, -1.0, 0.37472, -0.0, 1.0, 1e-06, -0.0, 0.0, 0.0, 0.0, 1.0],
                [1.0, 0.0, -0.0, -0.0, -0.0, 1e-06, -1.0, 0.37472, -0.0, 1.0, 1e-06, -0.0, 0.0, 0.0, 0.0, 1.0],
                [1.0, 0.0, -0.0, -0.000179, -0.0, 1e-06, -1.0, 0.436391, -0.0, 1.0, 1e-06, -0.000613, 0.0, 0.0, 0.0, 1.0]
            ]
        },
        {
            "name": "Thigh_L",
            "time": [0.0, 0.15, 0.2667, 0.4167, 0.5333],
            "transform": [
                [1.0, -4.3e-05, 1.6e-05, -0.125006, -3.9e-05, -0.981866, -0.189574, -0.002831, 2.3e-05, 0.189575, -0.981866, -1.2e-05, 0.0, 0.0, 0.0, 1.0],
                [0.950687, 0.116954, -0.287256, -0.125006, 0.006149, -0.933103, -0.359556, -0.002831, -0.310091, 0.34006, -0.887808, -1.2e-05, 0.0, 0.0, 0.0, 1.0],
                [1.0, -3.4e-05, 4.7e-05, -0.125006, -5.1e-05, -0.903063, 0.429508, -0.002831, 2.8e-05, -0.429507, -0.903063, -1.2e-05, 0.0, 0.0, 0.0, 1.0],
                [0.951447, 0.280654, 0.12642, -0.125006, 0.006909, -0.430072, 0.902768, -0.002831, 0.307735, -0.858062, -0.41113, -1.2e-05, 0.0, 0.0, 0.0, 1.0],
                [1.0, -4.3e-05, 1.6e-05, -0.125006, -3.9e-05, -0.981866, -0.189574, -0.002831, 2.3e-05, 0.189575, -0.981866, -1.2e-05, 0.0, 0.0, 0.0, 1.0]
            ]
        },
        {
            "name": "Leg_L",
            "time": [0.0, 0.15, 0.2667, 0.4167, 0.5333],
            "transform": [
                [1.0, -0.0, 1e-06, 0.0, 0.0, 0.999949, 0.010137, 0.37472, -1e-06, -0.010137, 0.999949, -0.0, 0.0, 0.0, 0.0, 1.0],
                [1.0, -0.0, 2e-06, 0.0, 0.0, 0.999947, 0.010254, 0.37472, -2e-06, -0.010254, 0.999947, 0.0, 0.0, 0.0, 0.0, 1.0],
                [1.0, -1e-06, 1e-06, 0.0, -1e-06, 0.398346, 0.917235, 0.37472, -1e-06, -0.917235, 0.398346, 0.0, 0.0, 0.0, 0.0, 1.0],
                [0.999982, -0.006007, -0.000972, -0.0, 0.004606, 0.642866, 0.765965, 0.37472, -0.003976, -0.765956, 0.642881, -0.0, 0.0, 0.0, 0.0, 1.0],
                [1.0, -0.0, 1e-06, 0.0, 0.0, 0.999949, 0.010137, 0.37472, -1e-06, -0.010137, 0.999949, -0.0, 0.0, 0.0, 0.0, 1.0]
            ]
        },
        {
            "name": "Knee_L",
            "time": [0.0, 0.15, 0.2667, 0.4167, 0.5333],
            "transform": [
                [1.0, 0.0, -0.0, 0.0, -0.0, 1e-06, -1.0, 0.37472, -0.0, 1.0, 1e-06, -0.0, 0.0, 0.0, 0.0, 1.0],
                [1.0, 0.0, -0.0, 0.0, -0.0, 1e-06, -1.0, 0.37472, -0.0, 1.0, 1e-06, 0.0, 0.0, 0.0, 0.0, 1.0],
                [1.0, 0.0, -0.0, -0.0001, -0.0, 1e-06, -1.0, 0.433466, -0.0, 1.0, 1e-06, -0.000823, 0.0, 0.0, 0.0, 1.0],
                [1.0, 0.0, -0.0, -0.000114, -0.0, 1e-06, -1.0, 0.411945, -0.0, 1.0, 1e-06, -0.000532, 0.0, 0.0, 0.0, 1.0],
                [1.0, 0.0, -0.0, 0.0, -0.0, 1e-06, -1.0, 0.37472, -0.0, 1.0, 1e-06, -0.0, 0.0, 0.0, 0.0, 1.0]
            ]
        },
        {
            "name": "Torso",
            "time": [0.0, 0.15, 0.2667, 0.4167, 0.5333],
            "transform": [
                [1.0, 0.0, 0.0, 0.0, 0.0, 0.979725, 0.200346, 0.05, 0.0, -0.200346, 0.979725, 0.0, 0.0, 0.0, 0.0, 1.0],
                [1.0, -0.0, -0.0, 0.0, 0.0, 1.0, -0.0, 0.05, 0.0, 0.0, 1.0, 0.0, 0.0, 0.0, 0.0, 1.0],
                [1.0, 0.0, 0.0, 0.0, 0.0, 0.979725, 0.200346, 0.05, 0.0, -0.200346, 0.979725, 0.0, 0.0, 0.0, 0.0, 1.0],
                [1.0, 0.0, 0.0, -0.0, 0.0, 1.0, 0.0, 0.05, 0.0, -0.0, 1.0, 0.0, 0.0, 0.0, 0.0, 1.0],
                [1.0, 0.0, 0.0, 0.0, 0.0, 0.979725, 0.200346, 0.05, 0.0, -0.200346, 0.979725, 0.0, 0.0, 0.0, 0.0, 1.0]
            ]
        },
        {
            "name": "Chest",
            "time": [0.0, 0.5333],
            "transform": [
                [1.0, 0.0, 0.0, 0.0, 0.0, 1.0, 0.0, 0.3, 0.0, 0.0, 1.0, -0.0, 0.0, 0.0, 0.0, 1.0],
                [1.0, 0.0, 0.0, 0.0, 0.0, 1.0, 0.0, 0.3, 0.0, 0.0, 1.0, -0.0, 0.0, 0.0, 0.0, 1.0]
            ]
        },
        {
            "name": "Head",
            "time": [0.0, 0.15, 0.2667, 0.4167, 0.5333],
            "transform": [
                [1.0, 0.0, 0.0, 0.0, 0.0, 0.982214, -0.187765, 0.4, -0.0, 0.187765, 0.982214, 0.0, 0.0, 0.0, 0.0, 1.0],
                [0.950159, 0.065309, 0.304847, 0.0, -0.000942, 0.97841, -0.206673, 0.4, -0.311763, 0.196086, 0.929706, 0.0, 0.0, 0.0, 0.0, 1.0],
                [1.0, 0.0, 0.0, 0.0, 0.0, 0.982214, -0.187765, 0.4, -0.0, 0.187765, 0.982214, 0.0, 0.0, 0.0, 0.0, 1.0],
                [0.95285, -0.068728, -0.295557, 0.0, 0.001062, 0.974762, -0.223244, 0.4, 0.30344, 0.212404, 0.928875, 0.0, 0.0, 0.0, 0.0, 1.0],
                [1.0, 0.0, 0.0, 0.0, 0.0, 0.982214, -0.187765, 0.4, -0.0, 0.187765, 0.982214, 0.0, 0.0, 0.0, 0.0, 1.0]
            ]
        },
        {
            "name": "Shoulder_R",
            "time": [0.0, 0.15, 0.2667, 0.4167, 0.5333],