{
    "animation": [
        {
            "name": "Root",
            "time": [0.0, 0.0833, 0.15, 0.2667, 0.35, 0.4167, 0.5333],
            "transform": [
                [0.274314, 0.012881, -0.961554, -5e-06, -0.826229, 0.514772, -0.228813, -0.000227, 0.492034, 0.85723, 0.151852, 0.572175, 0.0, 0.0, 0.0, 1.0],
                [0.274314, 0.012881, -0.961554, -5e-06, -0.878249, 0.410646, -0.245048, -0.000227, 0.391702, 0.911704, 0.123958, 0.701434, 0.0, 0.0, 0.0, 1.0],
                [0.274314, 0.012881, -0.961554, -5e-06, -0.893156, 0.374001, -0.249791, -0.000227, 0.356405, 0.927339, 0.114098, 0.663093, 0.0, 0.0, 0.0, 1.0],
                [0.274314, 0.012881, -0.961554, -5e-06, -0.838856, 0.4921, -0.232719, -0.000227, 0.470183, 0.870443, 0.145795, 0.593451, 0.0, 0.0, 0.0, 1.0],
                [0.274314, 0.012881, -0.961554, -5e-06, -0.859722, 0.451279, -0.239218, -0.000227, 0.430848, 0.89229, 0.134866, 0.683301, 0.0, 0.0, 0.0, 1.0],
                [0.274314, 0.012881, -0.961554, -5e-06, -0.878528, 0.409996, -0.245136, -0.000227, 0.391076, 0.911996, 0.123784, 0.562774, 0.0, 0.0, 0.0, 1.0],
                [0.274314, 0.012881, -0.961554, -5e-06, -0.826229, 0.514772, -0.228813, -0.000227, 0.492034, 0.85723, 0.151852, 0.572175, 0.0, 0.0, 0.0, 1.0]
            ]
        },
        {
            "name": "Thigh_R",
            "time": [0.0, 0.0833, 0.15, 0.2667, 0.35, 0.4167, 0.5333],
            "transform": [
                [0.722627, -0.690772, 0.025352, 0.143686, -0.313009, -0.294303, 0.903, -0.002831, -0.616307, -0.660466, -0.428892, -0.012277, 0.0, 0.0, 0.0, 1.0],
                [0.901675, -0.273726, -0.334746, 0.132647, -0.14795, -0.922704, 0.355983, -0.002831, -0.406314, -0.271453, -0.87248, -0.005034, 0.0, 0.0, 0.0, 1.0],
                [0.869241, 0.117012, -0.48034, 0.124994, 0.249579, -0.942553, 0.222037, -0.002831, -0.426766, -0.312884, -0.848513, -1.2e-05, 0.0, 0.0, 0.0, 1.0],
                [0.466958, 0.341023, -0.815876, 0.140493, 0.456167, -0.883298, -0.108125, -0.002831, -0.757537, -0.321684, -0.568028, -0.008937, 0.0, 0.0, 0.0, 1.0],
                [0.665621, -0.657485, 0.353073, 0.13134, -0.574289, -0.149135, 0.804952, -0.002831, -0.476589, -0.738558, -0.476857, -0.003666, 0.0, 0.0, 0.0, 1.0],
                [0.82463, -0.564267, 0.039829, 0.124994, -0.267892, -0.327549, 0.90606, -0.00283, -0.498214, -0.757832, -0.421273, -1.2e-05, 0.0, 0.0, 0.0, 1.0],
                [0.722627, -0.690772, 0.025352, 0.143686, -0.313009, -0.294303, 0.903, -0.002831, -0.616307, -0.660466, -0.428892, -0.012277, 0.0, 0.0, 0.0, 1.0]
            ]
        },
        {
            "name": "Leg_R",
            "time": [0.0, 0.0833, 0.15, 0.2667, 0.35, 0.4167, 0.5333],
            "transform": [
                [1.0, 0.0, 0.0, -0.0, 0.0, 0.717856, 0.696193, 0.37472, -1e-06, -0.696193, 0.717853, -0.0, 0.0, 0.0, 0.0, 1.0],
                [1.0, 1e-06, 1e-06, 0.0, 0.0, 0.963354, 0.268237, 0.37472, -1e-06, -0.268236, 0.963352, 0.0, 0.0, 0.0, 0.0, 1.0],
                [1.0, 0.0, 1e-06, 0.0, 0.0, 0.865305, 0.50125, 0.37472, -1e-06, -0.501248, 0.865301, 0.0, 0.0, 0.0, 0.0, 1.0],
                [1.0, -1e-06, 1e-06, 0.0, -0.0, 0.366963, 0.930236, 0.37472, -1e-06, -0.930236, 0.366962, -0.0, 0.0, 0.0, 0.0, 1.0],
                [1.0, -0.0, 1e-06, 0.0, -0.0, 0.421934, 0.906627, 0.37472, -1e-06, -0.906627, 0.421931, -0.0, 0.0, 0.0, 0.0, 1.0],
                [1.0, 0.0, 1e-06, -0.0, -0.0, 0.613653, 0.789577, 0.37472, -1e-06, -0.789577, 0.61365, 0.0, 0.0, 0.0, 0.0, 1.0],
                [1.0, 0.0, 0.0, -0.0, 0.0, 0.717856, 0.696193, 0.37472, -1e-06, -0.696193, 0.717853, -0.0, 0.0, 0.0, 0.0, 1.0]
            ]
        },
        {
            "name": "Knee_R",
            "time": [0.0, 0.0833, 0.15, 0.2667, 0.35, 0.4167, 0.5333],
            "transform": [
                [1.0, 0.0, -0.0, -0.0, -0.0, 1e-06, -1.0, 0.407822, -0.0, 1.0, 1e-06, -0.0, 0.0, 0.0, 0.0, 1.0],
                [1.0, 0.0, -0.0, 0.0, -0.0, 1e-06, -1.0, 0.37472, -0.0, 1.0, 1e-06, -0.0, 0.0, 0.0, 0.0, 1.0],
                [1.0, 0.0, -0.0, -0.0, -0.0, 1e-06, -1.0, 0.38582, 0.0, 1.0, 1e-06, -0.0, 0.0, 0.0, 0.0, 1.0],
                [1.0, 0.0, -0.0, 0.0, -0.0, 1e-06, -1.0, 0.445982, -0.0, 1.0, 1e-06, -0.0, 0.0, 0.0, 0.0, 1.0],
                [1.0, 0.0, -0.0, 0.0, -0.0, 1e-06, -1.0, 0.440609, -0.0, 1.0, 1e-06, -0.0, 0.0, 0.0, 0.0, 1.0],
                [1.0, 0.0, -0.0, 0.0, -0.0, 1e-06, -1.0, 0.420397, 0.0, 1.0, 1e-06, -0.0, 0.0, 0.0, 0.0, 1.0],
                [1.0, 0.0, -0.0, -0.0, -0.0, 1e-06, -1.0, 0.407822, -0.0, 1.0, 1e-06, -0.0, 0.0, 0.0, 0.0, 1.0]
            ]
        },
        {
            "name": "Thigh_L",
            "time": [0.0, 0.0833, 0.15, 0.2667, 0.35, 0.4167, 0.5333],
            "transform": [
                [0.229488, 0.53898, -0.810454, -0.148442, -0.041694, -0.826468, -0.561436, -0.003112, -0.972417, 0.162636, -0.167191, 0.032432, 0.0, 0.0, 0.0, 1.0],
                [0.270755, -0.896929, -0.349586, -0.132149, -0.012219, -0.366324, 0.930406, -0.002831, -0.962569, -0.24764, -0.110147, 0.004675, 0.0, 0.0, 0.0, 1.0],
                [0.268811, -0.954872, -0.126329, -0.125006, -0.000695, -0.13135, 0.991335, -0.002831, -0.963192, -0.266395, -0.035974, -1.2e-05, 0.0, 0.0, 0.0, 1.0],
                [0.278421, -0.959225, 0.048661, -0.142055, 0.021092, 0.056757, 0.998164, -0.002831, -0.960227, -0.276884, 0.036032, 0.009806, 0.0, 0.0, 0.0, 1.0],
                [0.272904, -0.208155, -0.939252, -0.131987, -0.006491, -0.976688, 0.214563, -0.002831, -0.962018, -0.052456, -0.267895, 0.004008, 0.0, 0.0, 0.0, 1.0],
                [0.281608, 0.278963, -0.918083, -0.125006, -0.000323, -0.956777, -0.290821, -0.002831, -0.959529, 0.082196, -0.269346, -1.2e-05, 0.0, 0.0, 0.0, 1.0],
                [0.229488, 0.53898, -0.810454, -0.148442, -0.041694, -0.826468, -0.561436, -0.003112, -0.972417, 0.162636, -0.167191, 0.032432, 0.0, 0.0, 0.0, 1.0]
            ]
        },
        {
            "name": "Leg_L",
            "time": [0.0, 0.0833, 0.15, 0.2667, 0.35, 0.4167, 0.5333],
            "transform": [
                [1.0, 0.0, 1e-06, -0.0, 0.0, 0.877376, 0.479803, 0.37472, -0.0, -0.479802, 0.877377, 0.0, 0.0, 0.0, 0.0, 1.0],
                [1.0, -0.0, 0.0, 0.0, -0.0, -0.367671, 0.929956, 0.37472, -1e-06, -0.929956, -0.367672, 0.0, 0.0, 0.0, 0.0, 1.0],
                [1.0, -0.0, 0.0, 0.0, -0.0, 0.55965, 0.828729, 0.37472, -1e-06, -0.828729, 0.559651, 0.0, 0.0, 0.0, 0.0, 1.0],
                [1.0, -0.0, 0.0, 0.0, -0.0, 0.298708, 0.954345, 0.37472, -1e-06, -0.954343, 0.29871, 0.0, 0.0, 0.0, 0.0, 1.0],
                [1.0, 0.0, 1e-06, 0.0, 0.0, 0.868876, 0.495028, 0.37472, -1e-06, -0.495029, 0.868876, 0.0, 0.0, 0.0, 0.0, 1.0],
                [1.0, 1e-06, 1e-06, -0.0, 0.0, 0.976576, 0.215171, 0.37472, -0.0, -0.215172, 0.976577, 0.0, 0.0, 0.0, 0.0, 1.0],
                [1.0, 0.0, 1e-06, -0.0, 0.0, 0.877376, 0.479803, 0.37472, -0.0, -0.479802, 0.877377, 0.0, 0.0, 0.0, 0.0, 1.0]
            ]
        },
        {
            "name": "Knee_L",
            "time": [0.0, 0.0833, 0.15, 0.2667, 0.35, 0.4167, 0.5333],
            "transform": [
                [1.0, 0.0, -0.0, -0.0, -0.0, 1e-06, -1.0, 0.38361, -0.0, 1.0, 1e-06, 0.0, 0.0, 0.0, 0.0, 1.0],
                [1.0, 0.0, -0.0, 0.0, -0.0, 1e-06, -1.0, 0.47972, -0.0, 1.0, 1e-06, -0.0, 0.0, 0.0, 0.0, 1.0],
                [1.0, 0.0, -0.0, 0.0, -0.0, 1e-06, -1.0, 0.426387, -0.0, 1.0, 1e-06, 0.0, 0.0, 0.0, 0.0, 1.0],
                [1.0, 0.0, -0.0, 0.0, -0.0, 1e-06, -1.0, 0.452483, -0.0, 1.0, 1e-06, -0.0, 0.0, 0.0, 0.0, 1.0],
                [1.0, 0.0, -0.0, -0.0, -0.0, 1e-06, -1.0, 0.385176, -0.0, 1.0, 1e-06, -0.0, 0.0, 0.0, 0.0, 1.0],
                [1.0, 0.0, -0.0, 0.0, -0.0, 1e-06, -1.0, 0.37472, -0.0, 1.0, 1e-06, 0.0, 0.0, 0.0, 0.0, 1.0],
                [1.0, 0.0, -0.0, -0.0, -0.0, 1e-06, -1.0, 0.38361, -0.0, 1.0, 1e-06, 0.0, 0.0, 0.0, 0.0, 1.0]
            ]
        },
        {
            "name": "Torso",