{
    "animation": [
        {
            "name": "Root",
            "time": [0.0, 0.15, 0.2667, 0.4167, 0.5333],
            "transform": [
                [1.0, 0.0, 0.0, -5e-06, 0.0, 0.0, -1.0, 0.000946, 0.0, 1.0, 0.0, 0.553052, 0.0, 0.0, 0.0, 1.0],
                [0.999812, -0.016228, -0.010646, -5e-06, -0.007161, 0.201408, -0.979481, 0.000946, 0.018039, 0.979373, 0.201254, 0.695929, 0.0, 0.0, 0.0, 1.0],
                [1.0, 0.0, 0.0, -5e-06, 0.0, 0.0, -1.0, 0.000946, 0.0, 1.0, 0.0, 0.553052, 0.0, 0.0, 0.0, 1.0],
                [0.999812, -0.016228, -0.010646, -5e-06, -0.007161, 0.201408, -0.979481, 0.000946, 0.018039, 0.979373, 0.201254, 0.695929, 0.0, 0.0, 0.0, 1.0],
                [1.0, 0.0, 0.0, -5e-06, 0.0, 0.0, -1.0, 0.000946, 0.0, 1.0, 0.0, 0.553052, 0.0, 0.0, 0.0, 1.0]
            ]
        },
        {
            "name": "Thigh_R",
            "time": [0.0, 0.15, 0.2667, 0.4167, 0.5333],
            "transform": [
                [0.99841, 0.037328, -0.042225, 0.124994, 0.055785, -0.547875, 0.834697, -0.002831, 0.008023, -0.835723, -0.549089, -1.2e-05, 0.0, 0.0, 0.0, 1.0],
                [0.999977, 0.004556, -0.004861, 0.124994, 0.002644, -0.941095, -0.338124, -0.002831, -0.006115, 0.338103, -0.941089, -1.2e-05, 0.0, 0.0, 0.0, 1.0],
                [0.999999, -4e-05, 2e-05, 0.124994, -4e-05, -0.999979, -0.00598, -0.002831, 2e-05, 0.00598, -0.999982, -1.2e-05, 0.0, 0.0, 0.0, 1.0],
                [0.999766, 0.015727, -0.014831, 0.124994, 0.020221, -0.43784, 0.898825, -0.002831, 0.007642, -0.898912, -0.438058, -1.2e-05, 0.0, 0.0, 0.0, 1.0],
                [0.99841, 0.037328, -0.042225, 0.124994, 0.055785, -0.547875, 0.834697, -0.002831, 0.008023, -0.835723, -0.549089, -1.2e-05, 0.0, 0.0, 0.0, 1.0]
            ]
        },
        {
            "name": "Leg_R",
            "time": [0.0, 0.15, 0.2667, 0.4167, 0.5333],
            "transform": [
                [0.999847, -0.003912, -0.017058, -0.0, 0.017452, 0.295772, 0.955097, 0.37472, 0.001309, -0.955253, 0.295794, 0.0, 0.0, 0.0, 0.0, 1.0],
                [0.999834, -0.017595, -0.004711, -0.0, 0.017452, 0.851282, 0.52442, 0.37472, -0.005217, -0.524418, 0.851444, -0.0, 0.0, 0.0, 0.0, 1.0],
                [0.999848, -0.005455, -0.016578, 0.0, 0.017452, 0.310891, 0.950284, 0.37472, -3e-05, -0.950432, 0.310937, -0.0, 0.0, 0.0, 0.0, 1.0],
                [0.999846, -0.017494, -0.001339, -0.0, 0.017452, 0.983776, 0.178558, 0.37472, -0.001806, -0.178555, 0.983927, -0.0, 0.0, 0.0, 0.0, 1.0],
                [0.999847, -0.003912, -0.017058, -0.0, 0.017452, 0.295772, 0.955097, 0.37472, 0.001309, -0.955253, 0.295794, 0.0, 0.0, 0.0, 0.0, 1.0]
            ]
        },
        {
            "name": "Knee_R",
            "time": [0.0, 0.15, 0.2667, 0.4167, 0.5333],
            "transform": [
                [1.0, 0.0, -0.0, 0.0, -0.0, 1e-06, -1.0, 0.452757, -0.0, 1.0, 1e-06, 0.0, 0.0, 0.0, 0.0, 1.0],
                [1.0, 0.0, -0.0, 0.0, -0.0, 1e-06, -1.0, 0.388244, -0.0, 1.0, 1e-06, -0.0, 0.0, 0.0, 0.0, 1.0],
                [1.0, 0.0, -0.0, 0.0, -0.0, 1e-06, -1.0, 0.45133, -0.0, 1.0, 1e-06, -0.0, 0.0, 0.0, 0.0, 1.0],
                [1.0, 0.0, -0.0, 0.0, -0.0, 1e-06, -1.0, 0.37472, -0.0, 1.0, 0.0, 0.0, 0.0, 0.0, 0.0, 1.0],
                [1.0, 0.0, -0.0, 0.0, -0.0, 1e-06, -1.0, 0.452757, -0.0, 1.0, 1e-06, 0.0, 0.0, 0.0, 0.0, 1.0]
            ]
        },
        {
            "name": "Thigh_L",
            "time": [0.0, 0.15, 0.2667, 0.4167, 0.5333],
            "transform": [
                [0.999999, -4.4e-05, 1.6e-05, -0.125006, -4.3e-05, -0.999978, -0.006641, -0.002831, 1.6e-05, 0.006641, -0.999978, -1.2e-05, 0.0, 0.0, 0.0, 1.0],
                [0.999694, 0.000449, 0.024716, -0.125006, -0.022019, -0.438207, 0.898604, -0.002831, 0.011234, -0.898874, -0.438063, -1.2e-05, 0.0, 0.0, 0.0, 1.0],
                [0.998449, -0.055216, 0.007094, -0.125006, -0.036231, -0.547759, 0.835851, -0.002831, -0.042266, -0.834812, -0.548911, -1.2e-05, 0.0, 0.0, 0.0, 1.0],
                [0.999974, -0.006496, 0.002883, -0.125006, -0.005159, -0.942516, -0.334122, -0.002831, 0.004887, 0.334099, -0.942525, -1.2e-05, 0.0, 0.0, 0.0, 1.0],
                [0.999999, -4.4e-05, 1.6e-05, -0.125006, -4.3e-05, -0.999978, -0.006641, -0.002831, 1.6e-05, 0.006641, -0.999978, -1.2e-05, 0.0, 0.0, 0.0, 1.0]
            ]
        },
        {
            "name": "Leg_L",
            "time": [0.0, 0.15, 0.2667, 0.4167, 0.5333],
            "transform": [
                [0.999848, 0.005778, 0.016469, -0.0, -0.017453, 0.332688, 0.942876, 0.37472, -3.1e-05, -0.943019, 0.332738, -0.0, 0.0, 0.0, 0.0, 1.0],
                [0.999846, 0.017558, 0.00099, 0.0, -0.017453, 0.983774, 0.178562, 0.37472, 0.002162, -0.178552, 0.983929, -0.0, 0.0, 0.0, 0.0, 1.0],
                [0.99984, 0.001047, 0.017875, 0.0, -0.017453, 0.280028, 0.959834, 0.37472, -0.004001, -0.959991, 0.280001, -0.0, 0.0, 0.0, 0.0, 1.0],
                [0.999834, 0.012366, 0.013387, -0.0, -0.017452, 0.861202, 0.507963, 0.37472, -0.005248, -0.508112, 0.861275, -0.0, 0.0, 0.0, 0.0, 1.0],
                [0.999848, 0.005778, 0.016469, -0.0, -0.017453, 0.332688, 0.942876, 0.37472, -3.1e-05, -0.943019, 0.332738, -0.0, 0.0, 0.0, 0.0, 1.0]
            ]
        },
        {
            "name": "Knee_L",
            "time": [0.0, 0.15, 0.2667, 0.4167, 0.5333],
            "transform": [
                [1.0, 0.0, -0.0, 0.0, -0.0, 1e-06, -1.0, 0.449262, -0.0, 1.0, 1e-06, -0.0, 0.0, 0.0, 0.0, 1.0],
                [1.0, 0.0, -0.0, 0.0, -0.0, 1e-06, -1.0, 0.37472, -0.0, 1.0, 1e-06, -0.0, 0.0, 0.0, 0.0, 1.0],
                [1.0, 0.0, -0.0, 0.0, -0.0, 1e-06, -1.0, 0.454237, -0.0, 1.0, 1e-06, -0.0, 0.0, 0.0, 0.0, 1.0],
                [1.0, 0.0, -0.0, -0.0, -0.0, 1e-06, -1.0, 0.386534, -0.0, 1.0, 1e-06, -0.0, 0.0, 0.0, 0.0, 1.0],
                [1.0, 0.0, -0.0, 0.0, -0.0, 1e-06, -1.0, 0.449262, -0.0, 1.0, 1e-06, -0.0, 0.0, 0.0, 0.0, 1.0]
            ]
        },
        {
            "name": "Torso",
            "time": [0.0, 0.15, 0.2667, 0.4167, 0.5333],
            "transform": [
                [1.0, 0.0, 0.0, 0.0, 0.0, 0.866026, 0.5, 0.05, 0.0, -0.5, 0.866025, 0.0, 0.0, 0.0, 0.0, 1.0],
                [0.999938, -0.008562, -0.007061, -0.0, 0.01068, 0.915344, 0.402532, 0.05, 0.003017, -0.402583, 0.915379, -0.0, 0.0, 0.0, 0.0, 1.0],
                [1.0, 0.0, 0.0, 0.0, 0.0, 0.866026, 0.5, 0.05, 0.0, -0.5, 0.866025, 0.0, 0.0, 0.0, 0.0, 1.0],
                [0.999937, -0.008319, -0.007571, -0.0, 0.010541, 0.927882, 0.372726, 0.05, 0.003925, -0.372782, 0.92791, -0.0, 0.0, 0.0, 0.0, 1.0],
                [1.0, 0.0, 0.0, 0.0, 0.0, 0.866026, 0.5, 0.05, 0.0, -0.5, 0.866025, 0.0, 0.0, 0.0, 0.0, 1.0]
            ]
        },
        {
            "name": "Chest",
            "time": [0.0, 0.15, 0.2667, 0.4167, 0.5333],
            "transform": [
                [1.0, 0.0, 0.0, 0.0, 0.0, 1.0, 0.0, 0.3, 0.0, 0.0, 1.0, 0.0, 0.0, 0.0, 0.0, 1.0],
                [0.962582, 0.00048, 0.270991, 0.0, -0.000358, 1.0, -0.000502, 0.3, -0.270991, 0.000386, 0.962582, 0.0, 0.0, 0.0, 0.0, 1.0],
                [1.0, 0.0, 0.0, 0.0, 0.0, 1.0, 0.0, 0.3, 0.0, 0.0, 1.0, 0.0, 0.0, 0.0, 0.0, 1.0],
                [0.973804, -0.001429, -0.227383, -0.0, 0.001298, 0.999999, -0.000723, 0.3, 0.227384, 0.000409, 0.973805, -0.0, 0.0, 0.0, 0.0, 1.0],
                [1.0, 0.0, 0.0, 0.0, 0.0, 1.0, 0.0, 0.3, 0.0, 0.0, 1.0, 0.0, 0.0, 0.0, 0.0, 1.0]
            ]
        },
        {
            "name": "Head",
            "time": [0.0, 0.15, 0.2667, 0.4167, 0.5333],