{
    "animation": [
        {
            "name": "Root",
            "time": [0.0, 0.1167, 0.2333, 0.35, 0.4667],
            "transform": [
                [0.97682, 0.0, -0.21406, -5e-06, -0.204398, 0.297045, -0.93273, 0.000946, 0.063585, 0.954864, 0.290159, 0.80785, 0.0, 0.0, 0.0, 1.0],
                [0.996463, -0.022149, -0.081056, -5e-06, -0.071243, 0.288791, -0.954738, 0.000946, 0.044554, 0.957136, 0.286192, 0.723574, 0.0, 0.0, 0.0, 1.0],
                [0.97682, 0.0, -0.21406, -5e-06, -0.203562, 0.309326, -0.928913, 0.000946, 0.066214, 0.950956, 0.302156, 0.80785, 0.0, 0.0, 0.0, 1.0],
                [0.965112, -0.008703, -0.261692, -5e-06, -0.244081, 0.331872, -0.9112, 0.000946, 0.094778, 0.943284, 0.31817, 0.686039, 0.0, 0.0, 0.0, 1.0],
                [0.97682, 0.0, -0.21406, -5e-06, -0.204398, 0.297045, -0.93273, 0.000946, 0.063585, 0.954864, 0.290159, 0.80785, 0.0, 0.0, 0.0, 1.0]
            ]
        },
        {
            "name": "Thigh_R",
            "time": [0.0, 0.1167, 0.2333, 0.35, 0.4667],
            "transform": [
                [0.976912, -0.134677, -0.165844, 0.124994, 0.005208, -0.761031, 0.648692, -0.002831, -0.213577, -0.634578, -0.742761, -1.2e-05, 0.0, 0.0, 0.0, 1.0],
                [0.994883, -0.081904, -0.059144, 0.124994, -0.007233, -0.641678, 0.766939, -0.002831, -0.100767, -0.762586, -0.638989, -1.2e-05, 0.0, 0.0, 0.0, 1.0],
                [0.978304, 0.034624, -0.204261, 0.124994, 0.004821, -0.989471, -0.144636, -0.002831, -0.207118, 0.140513, -0.968173, -1.2e-05, 0.0, 0.0, 0.0, 1.0],
                [0.979288, 0.043518, -0.197737, 0.124994, 0.008286, -0.984422, -0.175618, -0.002831, -0.2023, 0.170342, -0.964396, -1.2e-05, 0.0, 0.0, 0.0, 1.0],
                [0.976912, -0.134677, -0.165844, 0.124994, 0.005208, -0.761031, 0.648692, -0.002831, -0.213577, -0.634578, -0.742761, -1.2e-05, 0.0, 0.0, 0.0, 1.0]
            ]
        },
        {
            "name": "Leg_R",
            "time": [0.0, 0.1167, 0.2333, 0.35, 0.4667],
            "transform": [
                [1.0, -1e-06, 2e-06, -0.0, -2e-06, 0.082935, 0.996554, 0.37472, -1e-06, -0.996556, 0.082935, 0.0, 0.0, 0.0, 0.0, 1.0],
                [1.0, -1e-06, 2e-06, -0.0, -1e-06, 0.880839, 0.473417, 0.37472, -2e-06, -0.473418, 0.880838, 0.0, 0.0, 0.0, 0.0, 1.0],
                [1.0, -0.0, 2e-06, -0.0, 0.0, 0.999954, 0.009711, 0.37472, -2e-06, -0.009711, 0.999952, -0.0, 0.0, 0.0, 0.0, 1.0],
                [1.0, -0.0, 2e-06, -0.0, -0.0, 0.949985, 0.312297, 0.37472, -2e-06, -0.312298, 0.949984, 0.0, 0.0, 0.0, 0.0, 1.0],
                [1.0, -1e-06, 2e-06, -0.0, -2e-06, 0.082935, 0.996554, 0.37472, -1e-06, -0.996556, 0.082935, 0.0, 0.0, 0.0, 0.0, 1.0]
            ]
        },
        {
            "name": "Knee_R",
            "time": [0.0, 0.1167, 0.2333, 0.35, 0.4667],
            "transform": [
                [1.0, 0.0, -0.0, -1e-06, -0.0, 1e-06, -1.0, 0.470995, -0.0, 1.0, 1e-06, 6.5e-05, 0.0, 0.0, 0.0, 1.0],
                [1.0, 0.0, -0.0, 0.000204, -0.0, 1e-06, -1.0, 0.388646, -0.0, 1.0, 1e-06, -0.002152, 0.0, 0.0, 0.0, 1.0],
                [1.0, 0.0, -0.0, -0.0, -0.0, 1e-06, -1.0, 0.37472, -0.0, 1.0, 1e-06, -0.0, 0.0, 0.0, 0.0, 1.0],
                [1.0, 0.0, -0.0, -0.0, -0.0, 1e-06, -1.0, 0.37472, -0.0, 1.0, 1e-06, 0.0, 0.0, 0.0, 0.0, 1.0],
                [1.0, 0.0, -0.0, -1e-06, -0.0, 1e-06, -1.0, 0.470995, -0.0, 1.0, 1e-06, 6.5e-05, 0.0, 0.0, 0.0, 1.0]
            ]
        },
        {
            "name": "Thigh_L",
            "time": [0.0, 0.1167, 0.2333, 0.35, 0.4667],
            "transform": [
                [0.973743, 0.035217, -0.224909, -0.125006, -0.006503, -0.983255, -0.182119, -0.002831, -0.227556, 0.178801, -0.957209, -1.2e-05, 0.0, 0.0, 0.0, 1.0],
                [0.99394, 0.012453, -0.109213, -0.125006, -0.033748, -0.911, -0.411022, -0.002831, -0.104612, 0.412217, -0.90506, -1.2e-05, 0.0, 0.0, 0.0, 1.0],
                [0.974599, -0.180496, -0.132585, -0.125006, -0.006272, -0.61377, 0.78946, -0.002831, -0.223871, -0.768575, -0.599312, -1.2e-05, 0.0, 0.0, 0.0, 1.0],
                [0.964919, -0.23873, -0.109263, -0.125006, -0.009809, -0.448657, 0.89365, -0.002831, -0.262363, -0.861229, -0.43526, -1.2e-05, 0.0, 0.0, 0.0, 1.0],
                [0.973743, 0.035217, -0.224909, -0.125006, -0.006503, -0.983255, -0.182119, -0.002831, -0.227556, 0.178801, -0.957209, -1.2e-05, 0.0, 0.0, 0.0, 1.0]
            ]
        },
        {
            "name": "Leg_L",
            "time": [0.0, 0.1167, 0.2333, 0.35, 0.4667],
            "transform": [
                [1.0, -0.0, 1e-06, -0.0, 0.0, 0.999953, 0.009717, 0.37472, -1e-06, -0.009717, 0.999953, -0.0, 0.0, 0.0, 0.0, 1.0],
                [1.0, -0.0, 1e-06, 0.0, 0.0, 0.999957, 0.0092, 0.37472, -1e-06, -0.0092, 0.999958, 0.0, 0.0, 0.0, 0.0, 1.0],
                [1.0, -1e-06, 1e-06, -0.0, -1e-06, -0.234786, 0.972048, 0.37472, -1e-06, -0.972047, -0.234786, -0.0, 0.0, 0.0, 0.0, 1.0],
                [1.0, -1e-06, 1e-06, 0.0, -0.0, 0.718331, 0.695702, 0.37472, -1e-06, -0.695702, 0.718331, -0.0, 0.0, 0.0, 0.0, 1.0],
                [1.0, -0.0, 1e-06, -0.0, 0.0, 0.999953, 0.009717, 0.37472, -1e-06, -0.009717, 0.999953, -0.0, 0.0, 0.0, 0.0, 1.0]
            ]
        },
        {
            "name": "Knee_L",
            "time": [0.0, 0.1167, 0.2333, 0.35, 0.4667],
            "transform": [
                [1.0, 0.0, -0.0, -0.0, -0.0, 1e-06, -1.0, 0.37472, -0.0, 1.0, 1e-06, -0.0, 0.0, 0.0, 0.0, 1.0],
                [1.0, 0.0, -0.0, 0.0, -0.0, 1e-06, -1.0, 0.37472, -0.0, 1.0, 1e-06, 0.0, 0.0, 0.0, 0.0, 1.0],
                [1.0, 0.0, -0.0, 0.000146, -0.0, 1e-06, -1.0, 0.459016, -0.0, 1.0, 1e-06, 0.001952, 0.0, 0.0, 0.0, 1.0],
                [1.0, 0.0, -0.0, -0.000207, -0.0, 1e-06, -1.0, 0.407196, -0.0, 1.0, 1e-06, -0.003582, 0.0, 0.0, 0.0, 1.0],
                [1.0, 0.0, -0.0, -0.0, -0.0, 1e-06, -1.0, 0.37472, -0.0, 1.0, 1e-06, -0.0, 0.0, 0.0, 0.0, 1.0]
            ]
        },
        {
            "name": "Torso",
            "time": [0.0, 0.2333, 0.35, 0.4667],
            "transform": [
                [0.999311, -0.036981, -0.003144, 0.0, 0.036981, 0.984964, 0.168757, 0.05, -0.003144, -0.168757, 0.985653, 0.0, 0.0, 0.0, 0.0, 1.0],
                [0.999311, -0.036981, -0.003144, -0.0, 0.036981, 0.984964, 0.168757, 0.05, -0.003144, -0.168757, 0.985653, -0.0, 0.0, 0.0, 0.0, 1.0],
                [0.997709, -0.037342, -0.056407, -0.0, 0.046283, 0.984939, 0.166596, 0.05, 0.049336, -0.168825, 0.984411, -0.0, 0.0, 0.0, 0.0, 1.0],
                [0.999311, -0.036981, -0.003144, 0.0, 0.036981, 0.984964, 0.168757, 0.05, -0.003144, -0.168757, 0.985653, 0.0, 0.0, 0.0, 0.0, 1.0]
            ]
        },
        {
            "name": "Chest",
            "time": [0.0, 0.4667],
            "transform": [
                [1.0, -0.0, 0.0, -0.0, 0.0, 1.0, 0.0, 0.3, -0.0, 0.0, 1.0, -0.0, 0.0, 0.0, 0.0, 1.0],
                [1.0, -0.0, 0.0, -0.0, 0.0, 1.0, 0.0, 0.3, -0.0, 0.0, 1.0, -0.0, 0.0, 0.0, 0.0, 1.0]
            ]
        },
        {
            "name": "Head",
            "time": [0.0, 0.1167, 0.2333, 0.35, 0.4667],
            "transform": [
                [0.978195, 0.098363, 0.182921, 0.0, -0.003385, 0.888172, -0.459498, 0.4, -0.207663, 0.44886, 0.869138, -0.0, 0.0, 0.0, 0.0, 1.0],
                [0.997089, 0.055423, 0.052361, 0.0, -0.026253, 0.89431, -0.446677, 0.4, -0.071583, 0.444002, 0.893162, -0.0, 0.0, 0.0, 0.0, 1.0],
                [0.978181, 0.101866, 0.181067, 0.0, -0.003506, 0.879512, -0.475865, 0.4, -0.207725, 0.464847, 0.860679, -0.0, 0.0, 0.0, 0.0, 1.0],
                [0.949376, 0.150806, 0.275578, 0.0, 0.000464, 0.876564, -0.481286, 0.4, -0.314142, 0.457049, 0.832118, 0.0, 0.0, 0.0, 0.0, 1.0],
                [0.978195, 0.098363, 0.182921, 0.0, -0.003385, 0.888172, -0.459498, 0.4, -0.207663, 0.44886, 0.869138, -0.0, 0.0, 0.0, 0.0, 1.0]
            ]
        },
        {
            "name": "Shoulder_R",
            "time": [0.0, 0.4667],