{
    "animation": [
        {
            "name": "Root",
            "time": [0.0, 0.1333, 0.2333, 0.3667, 0.4667],
            "transform": [
                [0.89632, 0.0, -0.443408, -5e-06, -0.443408, 0.0, -0.89632, 0.000946, 0.0, 1.0, 0.0, 0.851156, 0.0, 0.0, 0.0, 1.0],
                [0.89632, 0.0, -0.443408, -5e-06, -0.443408, 0.0, -0.89632, 0.000946, 0.0, 1.0, 0.0, 0.699446, 0.0, 0.0, 0.0, 1.0],
                [0.89632, 0.0, -0.443408, -5e-06, -0.443408, 0.0, -0.89632, 0.000946, 0.0, 1.0, 0.0, 0.851156, 0.0, 0.0, 0.0, 1.0],
                [0.89632, 0.0, -0.443408, -5e-06, -0.443408, 0.0, -0.89632, 0.000946, 0.0, 1.0, 0.0, 0.699446, 0.0, 0.0, 0.0, 1.0],
                [0.89632, 0.0, -0.443408, -5e-06, -0.443408, 0.0, -0.89632, 0.000946, 0.0, 1.0, 0.0, 0.851156, 0.0, 0.0, 0.0, 1.0]
            ]
        },
        {
            "name": "Thigh_R",
            "time": [0.0, 0.1333, 0.2333, 0.3667, 0.4667],
            "transform": [
                [0.89831, -0.219681, -0.380499, 0.124994, 0.0, -0.866025, 0.5, -0.002831, -0.439362, -0.449155, -0.777959, -1.2e-05, 0.0, 0.0, 0.0, 1.0],
                [0.894625, -0.256284, -0.366011, 0.124994, 0.0, -0.819152, 0.573577, -0.002831, -0.446818, -0.513136, -0.732834, -1.2e-05, 0.0, 0.0, 0.0, 1.0],
                [0.895391, 0.026236, -0.444507, 0.124994, 0.0, -0.998263, -0.05892, -0.002831, -0.44528, 0.052757, -0.893835, -1.2e-05, 0.0, 0.0, 0.0, 1.0],
                [0.896334, 0.18738, -0.401838, 0.124994, 0.0, -0.906308, -0.422618, -0.002831, -0.443379, 0.378807, -0.812355, -1.2e-05, 0.0, 0.0, 0.0, 1.0],
                [0.89831, -0.219681, -0.380499, 0.124994, 0.0, -0.866025, 0.5, -0.002831, -0.439362, -0.449155, -0.777959, -1.2e-05, 0.0, 0.0, 0.0, 1.0]
            ]
        },
        {
            "name": "Leg_R",
            "time": [0.0, 0.1333, 0.2333, 0.3667, 0.4667],
            "transform": [
                [1.0, 0.0, 1e-06, -0.0, -1e-06, 0.461749, 0.887011, 0.37472, -0.0, -0.887011, 0.461749, 0.0, 0.0, 0.0, 0.0, 1.0],
                [1.0, 0.0, 1e-06, 0.0, -1e-06, 0.819152, 0.573577, 0.37472, -1e-06, -0.573577, 0.819152, -0.0, 0.0, 0.0, 0.0, 1.0],
                [1.0, 0.0, 1e-06, 0.0, -0.0, 0.953717, 0.300706, 0.37472, -1e-06, -0.300706, 0.953717, -0.0, 0.0, 0.0, 0.0, 1.0],
                [1.0, 0.0, 1e-06, 0.0, -1e-06, 0.766044, 0.642788, 0.37472, -1e-06, -0.642788, 0.766044, 0.0, 0.0, 0.0, 0.0, 1.0],
                [1.0, 0.0, 1e-06, -0.0, -1e-06, 0.461749, 0.887011, 0.37472, -0.0, -0.887011, 0.461749, 0.0, 0.0, 0.0, 0.0, 1.0]
            ]
        },
        {
            "name": "Knee_R",
            "time": [0.0, 0.1333, 0.2333, 0.3667, 0.4667],
            "transform": [
                [1.0, 0.0, -0.0, -0.000179, -0.0, 1e-06, -1.0, 0.436391, -0.0, 1.0, 1e-06, -0.000613, 0.0, 0.0, 0.0, 1.0],
                [1.0, 0.0, -0.0, -0.000322, -0.0, 1e-06, -1.0, 0.39431, -0.0, 1.0, 1e-06, 0.000335, 0.0, 0.0, 0.0, 1.0],
                [1.0, 0.0, -0.0, 0.0, -0.0, 1e-06, -1.0, 0.37472, -0.0, 1.0, 1e-06, -0.0, 0.0, 0.0, 0.0, 1.0],
                [1.0, 0.0, -0.0, 0.0, -0.0, 1e-06, -1.0, 0.399872, -0.0, 1.0, 1e-06, 0.001742, 0.0, 0.0, 0.0, 1.0],
                [1.0, 0.0, -0.0, -0.000174, -0.0, 1e-06, -1.0, 0.436654, -0.0, 1.0, 1e-06, -0.001868, 0.0, 0.0, 0.0, 1.0]
            ]
        },
        {
            "name": "Thigh_L",
            "time": [0.0, 0.1333, 0.2333, 0.3667, 0.4667],
            "transform": [
                [0.898504, 0.02557, -0.43822, -0.125006, 0.0, -0.998302, -0.058251, -0.002831, -0.438965, 0.052339, -0.896978, -1.2e-05, 0.0, 0.0, 0.0, 1.0],
                [0.897365, 0.186496, -0.399943, -0.125006, 0.0, -0.906308, -0.422618, -0.002831, -0.441289, 0.379243, -0.813289, -1.2e-05, 0.0, 0.0, 0.0, 1.0],
                [0.89786, -0.22014, -0.381294, -0.125006, 0.0, -0.866025, 0.5, -0.002831, -0.44028, -0.44893, -0.77757, -1.2e-05, 0.0, 0.0, 0.0, 1.0],
                [0.906618, -0.242022, -0.345643, -0.125006, 0.0, -0.819152, 0.573577, -0.002831, -0.421952, -0.520015, -0.742658, -1.2e-05, 0.0, 0.0, 0.0, 1.0],
                [0.898504, 0.02557, -0.43822, -0.125006, 0.0, -0.998302, -0.058251, -0.002831, -0.438965, 0.052339, -0.896978, -1.2e-05, 0.0, 0.0, 0.0, 1.0]
            ]
        },
        {
            "name": "Leg_L",
            "time": [0.0, 0.1333, 0.2333, 0.3667, 0.4667],
            "transform": [
                [1.0, 0.0, 1e-06, -0.0, -0.0, 0.953717, 0.300706, 0.37472, -1e-06, -0.300706, 0.953717, -0.0, 0.0, 0.0, 0.0, 1.0],
                [1.0, 0.0, 1e-06, 0.0, -1e-06, 0.766044, 0.642788, 0.37472, -1e-06, -0.642788, 0.766044, -0.0, 0.0, 0.0, 0.0, 1.0],
                [1.0, 0.0, 1e-06, -0.0, -1e-06, 0.461748, 0.887011, 0.37472, -0.0, -0.887011, 0.461748, -0.0, 0.0, 0.0, 0.0, 1.0],
                [1.0, 0.0, 1e-06, 0.0, -1e-06, 0.819152, 0.573577, 0.37472, -1e-06, -0.573577, 0.819152, 0.0, 0.0, 0.0, 0.0, 1.0],
                [1.0, 0.0, 1e-06, -0.0, -0.0, 0.953717, 0.300706, 0.37472, -1e-06, -0.300706, 0.953717, -0.0, 0.0, 0.0, 0.0, 1.0]
            ]
        },
        {
            "name": "Knee_L",
            "time": [0.0, 0.1333, 0.2333, 0.3667, 0.4667],
            "transform": [
                [1.0, 0.0, -0.0, -0.0, -0.0, 1e-06, -1.0, 0.37472, -0.0, 1.0, 1e-06, -0.0, 0.0, 0.0, 0.0, 1.0],
                [1.0, 0.0, -0.0, 2.5e-05, -0.0, 1e-06, -1.0, 0.399689, -0.0, 1.0, 1e-06, -7e-06, 0.0, 0.0, 0.0, 1.0],
                [1.0, 0.0, -0.0, -0.0001, -0.0, 1e-06, -1.0, 0.433466, -0.0, 1.0, 1e-06, -0.000823, 0.0, 0.0, 0.0, 1.0],
                [1.0, 0.0, -0.0, -0.000258, -0.0, 1e-06, -1.0, 0.391327, -0.0, 1.0, 1e-06, 0.001626, 0.0, 0.0, 0.0, 1.0],
                [1.0, 0.0, -0.0, -0.0, -0.0, 1e-06, -1.0, 0.37472, -0.0, 1.0, 1e-06, -0.0, 0.0, 0.0, 0.0, 1.0]
            ]
        },
        {
            "name": "Torso",
            "time": [0.0, 0.1333, 0.2333, 0.3667, 0.4667],
            "transform": [
                [1.0, 0.0, -0.0, 0.0, 0.0, 0.996195, 0.087156, 0.05, 0.0, -0.087156, 0.996195, 0.0, 0.0, 0.0, 0.0, 1.0],
                [0.989425, -0.012642, 0.144495, 0.0, -0.0, 0.996195, 0.087156, 0.05, -0.145047, -0.086234, 0.98566, 0.0, 0.0, 0.0, 0.0, 1.0],
                [1.0, 0.0, -0.0, 0.0, 0.0, 0.996195, 0.087156, 0.05, 0.0, -0.087156, 0.996195, 0.0, 0.0, 0.0, 0.0, 1.0],
                [0.989061, 0.012856, -0.146944, 0.0, 0.0, 0.996195, 0.087156, 0.05, 0.147505, -0.086202, 0.985298, 0.0, 0.0, 0.0, 0.0, 1.0],
                [1.0, 0.0, -0.0, 0.0, 0.0, 0.996195, 0.087156, 0.05, 0.0, -0.087156, 0.996195, 0.0, 0.0, 0.0, 0.0, 1.0]
            ]
        },
        {
            "name": "Chest",
            "time": [0.0, 0.1333, 0.2333, 0.3667, 0.4667],
            "transform": [
                [1.0, 0.0, -0.0, 0.0, 0.0, 0.999278, 0.038001, 0.3, -0.0, -0.038001, 0.999278, 0.0, 0.0, 0.0, 0.0, 1.0],
                [1.0, 0.0, -0.0, 0.0, -0.0, 0.996195, 0.087156, 0.3, -0.0, -0.087156, 0.996195, 0.0, 0.0, 0.0, 0.0, 1.0],
                [1.0, 0.0, -0.0, 0.0, 0.0, 0.999278, 0.038001, 0.3, -0.0, -0.038001, 0.999278, 0.0, 0.0, 0.0, 0.0, 1.0],
                [1.0, 0.0, -0.0, 0.0, 0.0, 0.996195, 0.087156, 0.3, 0.0, -0.087156, 0.996195, 0.0, 0.0, 0.0, 0.0, 1.0],
                [1.0, 0.0, -0.0, 0.0, 0.0, 0.999278, 0.038001, 0.3, -0.0, -0.038001, 0.999278, 0.0, 0.0, 0.0, 0.0, 1.0]
            ]
        },
        {
            "name": "Head",
            "time": [0.0, 0.1333, 0.2333, 0.3667, 0.4667],