{
    "animation": [
        {
            "name": "Root",
            "time": [0.0, 0.0833, 0.15, 0.2667, 0.35, 0.4167, 0.5333],
            "transform": [
                [0.836083, -0.0, -0.548603, -5e-06, -0.484331, 0.469668, -0.73813, 0.000946, 0.257661, 0.882843, 0.392681, 0.602502, 0.0, 0.0, 0.0, 1.0],
                [0.901232, 0.001712, -0.433333, -5e-06, -0.375496, 0.502219, -0.77896, 0.000946, 0.216295, 0.864739, 0.453258, 0.758511, 0.0, 0.0, 0.0, 1.0],
                [0.93717, -0.0, -0.348872, -5e-06, -0.297065, 0.524355, -0.798, 0.000946, 0.182933, 0.851499, 0.49141, 0.678271, 0.0, 0.0, 0.0, 1.0],
                [0.866583, -0.0, -0.499033, -5e-06, -0.444395, 0.454962, -0.771702, 0.000946, 0.227041, 0.890511, 0.394262, 0.575305, 0.0, 0.0, 0.0, 1.0],
                [0.921567, 0.029271, -0.387115, -5e-06, -0.35027, 0.492684, -0.796601, 0.000946, 0.167408, 0.869716, 0.464294, 0.758157, 0.0, 0.0, 0.0, 1.0],
                [0.951181, 0.046278, -0.305143, -5e-06, -0.283784, 0.519811, -0.805768, 0.000946, 0.121328, 0.853027, 0.507568, 0.706822, 0.0, 0.0, 0.0, 1.0],
                [0.836083, -0.0, -0.548603, -5e-06, -0.484331, 0.469668, -0.73813, 0.000946, 0.257661, 0.882843, 0.392681, 0.602502, 0.0, 0.0, 0.0, 1.0]
            ]
        },
        {
            "name": "Thigh_R",
            "time": [0.0, 0.0833, 0.15, 0.2667, 0.35, 0.4167, 0.5333],
            "transform": [
                [0.835965, -0.524379, -0.161827, 0.143686, 0.006672, -0.28515, 0.95846, -0.00283, -0.548742, -0.802317, -0.234878, -0.012277, 0.0, 0.0, 0.0, 1.0],
                [0.904598, -0.256387, -0.34054, 0.132647, -0.041509, -0.848076, 0.528243, -0.002831, -0.42424, -0.46371, -0.777813, -0.005034, 0.0, 0.0, 0.0, 1.0],
                [0.942645, 0.058907, -0.328557, 0.124994, 0.018494, -0.992007, -0.1248, -0.002831, -0.333283, 0.111567, -0.936203, -1.2e-05, 0.0, 0.0, 0.0, 1.0],
                [0.860951, 0.24494, -0.445834, 0.140493, 0.009049, -0.883672, -0.468015, -0.002831, -0.508607, 0.398903, -0.763017, -0.008937, 0.0, 0.0, 0.0, 1.0],
                [0.921562, -0.343656, -0.180618, 0.13134, 0.042013, -0.374225, 0.926386, -0.002831, -0.38595, -0.861308, -0.330435, -0.003666, 0.0, 0.0, 0.0, 1.0],
                [0.959291, -0.216414, -0.181455, 0.124994, 0.031962, -0.55518, 0.831115, -0.002831, -0.280605, -0.803079, -0.525664, -1.2e-05, 0.0, 0.0, 0.0, 1.0],
                [0.835965, -0.524379, -0.161827, 0.143686, 0.006672, -0.28515, 0.95846, -0.00283, -0.548742, -0.802317, -0.234878, -0.012277, 0.0, 0.0, 0.0, 1.0]
            ]
        },
        {
            "name": "Leg_R",
            "time": [0.0, 0.0833, 0.15, 0.2667, 0.35, 0.4167, 0.5333],
            "transform": [
                [1.0, -0.0, 0.0, -0.0, 0.0, 0.847762, 0.530378, 0.37472, -1e-06, -0.530379, 0.84776, -0.0, 0.0, 0.0, 0.0, 1.0],
                [1.0, -1e-06, 1e-06, -0.0, 0.0, 0.826744, 0.562579, 0.37472, -1e-06, -0.56258, 0.826743, 0.0, 0.0, 0.0, 0.0, 1.0],
                [1.0, -0.0, 1e-06, -0.0, 0.0, 0.999989, 0.004883, 0.37472, -1e-06, -0.004883, 0.999987, 0.0, 0.0, 0.0, 0.0, 1.0],
                [1.0, 0.0, 1e-06, -0.0, -0.0, 0.953723, 0.300687, 0.37472, -1e-06, -0.300687, 0.953722, 0.0, 0.0, 0.0, 0.0, 1.0],
                [1.0, -0.0, 0.0, -0.0, 0.0, 0.874704, 0.484658, 0.37472, -1e-06, -0.484659, 0.874703, 0.0, 0.0, 0.0, 0.0, 1.0],
                [1.0, -0.0, 0.0, -0.0, -0.0, 0.999989, 0.004883, 0.37472, -0.0, -0.004883, 0.999987, 0.0, 0.0, 0.0, 0.0, 1.0],
                [1.0, -0.0, 0.0, -0.0, 0.0, 0.847762, 0.530378, 0.37472, -1e-06, -0.530379, 0.84776, -0.0, 0.0, 0.0, 0.0, 1.0]
            ]
        },
        {
            "name": "Knee_R",
            "time": [0.0, 0.0833, 0.15, 0.2667, 0.35, 0.4167, 0.5333],
            "transform": [
                [1.0, 0.0, -0.0, -0.0, -0.0, 1e-06, -1.0, 0.388873, -0.0, 1.0, 1e-06, -0.0, 0.0, 0.0, 0.0, 1.0],
                [1.0, 0.0, -0.0, -0.0, -0.0, 1e-06, -1.0, 0.392326, -0.0, 1.0, 1e-06, -0.0, 0.0, 0.0, 0.0, 1.0],
                [1.0, 0.0, -0.0, 0.0, -0.0, 1e-06, -1.0, 0.37472, -0.0, 1.0, 1e-06, -0.0, 0.0, 0.0, 0.0, 1.0],
                [1.0, 0.0, -0.0, -0.0, -0.0, 1e-06, -1.0, 0.37472, -0.0, 1.0, 1e-06, 0.0, 0.0, 0.0, 0.0, 1.0],
                [1.0, 0.0, -0.0, -0.0, -0.0, 1e-06, -1.0, 0.384108, -0.0, 1.0, 1e-06, 0.0, 0.0, 0.0, 0.0, 1.0],
                [1.0, 0.0, -0.0, -0.0, -0.0, 1e-06, -1.0, 0.37472, -0.0, 1.0, 1e-06, 0.0, 0.0, 0.0, 0.0, 1.0],
                [1.0, 0.0, -0.0, -0.0, -0.0, 1e-06, -1.0, 0.388873, -0.0, 1.0, 1e-06, -0.0, 0.0, 0.0, 0.0, 1.0]
            ]
        },
        {
            "name": "Thigh_L",
            "time": [0.0, 0.0833, 0.15, 0.2667, 0.35, 0.4167, 0.5333],
            "transform": [
                [0.83752, 0.239505, -0.491117, -0.142452, -0.007204, -0.893897, -0.448215, -0.002831, -0.546357, 0.378928, -0.746931, 0.011436, 0.0, 0.0, 0.0, 1.0],
                [0.90428, -0.3919, -0.169384, -0.132149, -0.0188, -0.43291, 0.901241, -0.002831, -0.426524, -0.81179, -0.39884, 0.004675, 0.0, 0.0, 0.0, 1.0],
                [0.932113, -0.357552, -0.05763, -0.125006, -0.011816, -0.189066, 0.981893, -0.002831, -0.361973, -0.914555, -0.180456, -1.2e-05, 0.0, 0.0, 0.0, 1.0],
                [0.86472, -0.502039, -0.014633, -0.142055, 0.000168, -0.028846, 0.999583, -0.002831, -0.502252, -0.864364, -0.02486, 0.009806, 0.0, 0.0, 0.0, 1.0],
                [0.923007, -0.282645, -0.261093, -0.131987, 0.017194, -0.647572, 0.76181, -0.002831, -0.384398, -0.707645, -0.592854, 0.004008, 0.0, 0.0, 0.0, 1.0],
                [0.952061, -0.068565, -0.298121, -0.125006, 0.030323, -0.948604, 0.315008, -0.002831, -0.304398, -0.308947, -0.901051, -1.2e-05, 0.0, 0.0, 0.0, 1.0],
                [0.83752, 0.239505, -0.491117, -0.142452, -0.007204, -0.893897, -0.448215, -0.002831, -0.546357, 0.378928, -0.746931, 0.011436, 0.0, 0.0, 0.0, 1.0]
            ]
        },
        {
            "name": "Leg_L",
            "time": [0.0, 0.0833, 0.15, 0.2667, 0.35, 0.4167, 0.5333],
            "transform": [
                [1.0, -0.0, 1e-06, -0.0, -0.0, 0.953323, 0.30195, 0.37472, -1e-06, -0.30195, 0.953324, 0.0, 0.0, 0.0, 0.0, 1.0],
                [1.0, -1e-06, 1e-06, -0.0, -1e-06, -0.074042, 0.997255, 0.37472, -1e-06, -0.997255, -0.074042, 0.0, 0.0, 0.0, 0.0, 1.0],
                [1.0, -0.0, 0.0, 0.0, 0.0, 0.91823, 0.396047, 0.37472, -1e-06, -0.396047, 0.918231, -0.0, 0.0, 0.0, 0.0, 1.0],
                [1.0, -1e-06, 0.0, -0.0, 0.0, 0.503316, 0.864103, 0.37472, -1e-06, -0.864102, 0.503316, 0.0, 0.0, 0.0, 0.0, 1.0],
                [1.0, -1e-06, 1e-06, -0.0, -0.0, 0.416939, 0.908935, 0.37472, -1e-06, -0.908934, 0.41694, 0.0, 0.0, 0.0, 0.0, 1.0],
                [1.0, -1e-06, 1e-06, -0.0, -0.0, 0.674568, 0.738213, 0.37472, -1e-06, -0.738212, 0.674569, -0.0, 0.0, 0.0, 0.0, 1.0],
                [1.0, -0.0, 1e-06, -0.0, -0.0, 0.953323, 0.30195, 0.37472, -1e-06, -0.30195, 0.953324, 0.0, 0.0, 0.0, 0.0, 1.0]
            ]
        },
        {
            "name": "Knee_L",
            "time": [0.0, 0.0833, 0.15, 0.2667, 0.35, 0.4167, 0.5333],
            "transform": [
                [1.0, 0.0, -0.0, 0.0, -0.0, 1e-06, -1.0, 0.37472, -0.0, 1.0, 1e-06, 0.0, 0.0, 0.0, 0.0, 1.0],
                [1.0, 0.0, -0.0, 0.0, -0.0, 1e-06, -1.0, 0.47972, -0.0, 1.0, 1e-06, -0.0, 0.0, 0.0, 0.0, 1.0],
                [1.0, 0.0, -0.0, 0.0, -0.0, 1e-06, -1.0, 0.375239, -0.0, 1.0, 1e-06, 0.0, 0.0, 0.0, 0.0, 1.0],
                [1.0, 0.0, -0.0, -0.0, -0.0, 1e-06, -1.0, 0.432361, -0.0, 1.0, 1e-06, 0.0, 0.0, 0.0, 0.0, 1.0],
                [1.0, 0.0, -0.0, 0.0, -0.0, 1e-06, -1.0, 0.441103, -0.0, 1.0, 1e-06, -0.0, 0.0, 0.0, 0.0, 1.0],
                [1.0, 0.0, -0.0, -0.0, -0.0, 1e-06, -1.0, 0.41324, -0.0, 1.0, 1e-06, -0.0, 0.0, 0.0, 0.0, 1.0],
                [1.0, 0.0, -0.0, 0.0, -0.0, 1e-06, -1.0, 0.37472, -0.0, 1.0, 1e-06, 0.0, 0.0, 0.0, 0.0, 1.0]
            ]
        },
        {
            "name": "Torso",