{
    "animation": [
        {
            "name": "Root",
            "time": [0.0, 0.25, 0.5, 0.75, 1.0],
            "transform": [
                [1.0, 0.0, 0.0, -5e-06, 0.0, 1.0, 0.0, -0.365017, 0.0, -0.0, 1.0, 0.36788, 0.0, 0.0, 0.0, 1.0],
                [1.0, 0.0, 0.0, -5e-06, 0.0, 1.0, 0.0, -0.365017, 0.0, -0.0, 1.0, 0.36788, 0.0, 0.0, 0.0, 1.0],
                [1.0, 0.0, 0.0, -5e-06, 0.0, 1.0, 0.0, -0.365017, 0.0, -0.0, 1.0, 0.36788, 0.0, 0.0, 0.0, 1.0],
                [1.0, 0.0, 0.0, -5e-06, 0.0, 1.0, 0.0, -0.365017, 0.0, -0.0, 1.0, 0.36788, 0.0, 0.0, 0.0, 1.0],
                [1.0, 0.0, 0.0, -5e-06, 0.0, 1.0, 0.0, -0.365017, 0.0, -0.0, 1.0, 0.36788, 0.0, 0.0, 0.0, 1.0]
            ]
        },
        {
            "name": "Thigh_R",
            "time": [0.0, 0.25, 0.5, 0.75, 1.0],
            "transform": [
                [0.999846, 0.017546, 0.0, 0.124994, 0.015069, -0.858651, 0.512339, -0.002831, 0.00899, -0.51226, -0.858783, -1.2e-05, 0.0, 0.0, 0.0, 1.0],
                [0.999607, 0.027348, 0.006204, 0.124994, 0.027206, -0.8921, -0.451018, -0.002831, -0.0068, 0.45101, -0.892493, -1.2e-05, 0.0, 0.0, 0.0, 1.0],
                [0.999846, 0.017546, 0.0, 0.124994, 0.015069, -0.858651, 0.512339, -0.002831, 0.00899, -0.51226, -0.858783, -1.2e-05, 0.0, 0.0, 0.0, 1.0],
                [0.999607, 0.027348, 0.006204, 0.124994, 0.027206, -0.8921, -0.451018, -0.002831, -0.0068, 0.45101, -0.892493, -1.2e-05, 0.0, 0.0, 0.0, 1.0],
                [0.999846, 0.017546, 0.0, 0.124994, 0.015069, -0.858651, 0.512339, -0.002831, 0.00899, -0.51226, -0.858783, -1.2e-05, 0.0, 0.0, 0.0, 1.0]
            ]
        },
        {
            "name": "Leg_R",
            "time": [0.0, 0.25, 0.5, 0.75, 1.0],
            "transform": [
                [1.0, 0.0, 1e-06, -0.0, -0.0, 1.0, 0.0, 0.37472, -1e-06, -0.0, 1.0, 0.0, 0.0, 0.0, 0.0, 1.0],
                [1.0, 0.0, 1e-06, -0.0, -1e-06, 0.73662, 0.676307, 0.37472, -0.0, -0.676307, 0.73662, 0.0, 0.0, 0.0, 0.0, 1.0],
                [1.0, 0.0, 1e-06, -0.0, -0.0, 1.0, 0.0, 0.37472, -1e-06, -0.0, 1.0, 0.0, 0.0, 0.0, 0.0, 1.0],
                [1.0, 0.0, 1e-06, -0.0, -1e-06, 0.73662, 0.676307, 0.37472, -0.0, -0.676307, 0.73662, 0.0, 0.0, 0.0, 0.0, 1.0],
                [1.0, 0.0, 1e-06, -0.0, -0.0, 1.0, 0.0, 0.37472, -1e-06, -0.0, 1.0, 0.0, 0.0, 0.0, 0.0, 1.0]
            ]
        },
        {
            "name": "Knee_R",
            "time": [0.0, 0.25, 0.5, 0.75, 1.0],
            "transform": [
                [1.0, 0.0, -0.0, -0.0, -0.0, 1e-06, -1.0, 0.37472, -0.0, 1.0, 1e-06, 0.0, 0.0, 0.0, 0.0, 1.0],
                [1.0, 0.0, -0.0, -0.000132, -0.0, 1e-06, -1.0, 0.408169, -0.0, 1.0, 1e-06, -0.000912, 0.0, 0.0, 0.0, 1.0],
                [1.0, 0.0, -0.0, -0.0, -0.0, 1e-06, -1.0, 0.37472, -0.0, 1.0, 1e-06, 0.0, 0.0, 0.0, 0.0, 1.0],
                [1.0, 0.0, -0.0, 1.6e-05, -0.0, 1e-06, -1.0, 0.401668, -0.0, 1.0, 1e-06, 0.000451, 0.0, 0.0, 0.0, 1.0],
                [1.0, 0.0, -0.0, -0.0, -0.0, 1e-06, -1.0, 0.37472, -0.0, 1.0, 1e-06, 0.0, 0.0, 0.0, 0.0, 1.0]
            ]
        },
        {
            "name": "Thigh_L",
            "time": [0.0, 0.25, 0.5, 0.75, 1.0],
            "transform": [
                [0.999337, -0.035454, -0.008272, -0.125006, -0.034391, -0.84481, -0.53396, -0.002831, 0.011943, 0.533891, -0.845469, -1.2e-05, 0.0, 0.0, 0.0, 1.0],
                [0.999598, -0.028362, 0.0, -0.125006, -0.024262, -0.855136, 0.517835, -0.002831, -0.014687, -0.517626, -0.855481, -1.2e-05, 0.0, 0.0, 0.0, 1.0],
                [0.999337, -0.035454, -0.008272, -0.125006, -0.034391, -0.84481, -0.53396, -0.002831, 0.011943, 0.533891, -0.845469, -1.2e-05, 0.0, 0.0, 0.0, 1.0],
                [0.999598, -0.028362, 0.0, -0.125006, -0.024262, -0.855136, 0.517835, -0.002831, -0.014687, -0.517626, -0.855481, -1.2e-05, 0.0, 0.0, 0.0, 1.0],
                [0.999337, -0.035454, -0.008272, -0.125006, -0.034391, -0.84481, -0.53396, -0.002831, 0.011943, 0.533891, -0.845469, -1.2e-05, 0.0, 0.0, 0.0, 1.0]
            ]
        },
        {
            "name": "Leg_L",
            "time": [0.0, 0.25, 0.5, 0.75, 1.0],
            "transform": [
                [1.0, 0.0, 1e-06, 0.0, -1e-06, 0.744631, 0.667477, 0.37472, -0.0, -0.667477, 0.744631, -0.0, 0.0, 0.0, 0.0, 1.0],
                [1.0, 0.0, 1e-06, -0.0, -0.0, 1.0, 0.0, 0.37472, -1e-06, -0.0, 1.0, -0.0, 0.0, 0.0, 0.0, 1.0],
                [1.0, 0.0, 1e-06, 0.0, -1e-06, 0.744631, 0.667477, 0.37472, -0.0, -0.667477, 0.744631, -0.0, 0.0, 0.0, 0.0, 1.0],
                [1.0, 0.0, 1e-06, -0.0, -0.0, 1.0, 0.0, 0.37472, -1e-06, -0.0, 1.0, -0.0, 0.0, 0.0, 0.0, 1.0],
                [1.0, 0.0, 1e-06, 0.0, -1e-06, 0.744631, 0.667477, 0.37472, -0.0, -0.667477, 0.744631, -0.0, 0.0, 0.0, 0.0, 1.0]
            ]
        },
        {
            "name": "Knee_L",
            "time": [0.0, 0.25, 0.5, 0.75, 1.0],
            "transform": [
                [1.0, 0.0, -0.0, 0.000307, -0.0, 1e-06, -1.0, 0.412147, -0.0, 1.0, 1e-06, -0.006893, 0.0, 0.0, 0.0, 1.0],
                [1.0, 0.0, -0.0, 0.0, -0.0, 1e-06, -1.0, 0.3807, -0.0, 1.0, 1e-06, -0.000153, 0.0, 0.0, 0.0, 1.0],
                [1.0, 0.0, -0.0, -0.000117, -0.0, 1e-06, -1.0, 0.397391, -0.0, 1.0, 1e-06, 0.000417, 0.0, 0.0, 0.0, 1.0],
                [1.0, 0.0, -0.0, -0.0, -0.0, 1e-06, -1.0, 0.37472, -0.0, 1.0, 1e-06, -0.0, 0.0, 0.0, 0.0, 1.0],
                [1.0, 0.0, -0.0, -0.000813, -0.0, 1e-06, -1.0, 0.403282, -0.0, 1.0, 1e-06, -0.0042, 0.0, 0.0, 0.0, 1.0]
            ]
        },
        {
            "name": "Torso",
            "time": [0.0, 1.0],
            "transform": [
                [1.0, 0.0, 0.0, 0.0, 0.0, 1.0, 0.0, 0.05, 0.0, 0.0, 1.0, 0.0, 0.0, 0.0, 0.0, 1.0],
                [1.0, 0.0, 0.0, 0.0, 0.0, 1.0, 0.0, 0.05, 0.0, 0.0, 1.0, 0.0, 0.0, 0.0, 0.0, 1.0]
            ]
        },
        {
            "name": "Chest",
            "time": [0.0, 0.25, 0.5, 0.75, 1.0],
            "transform": [
                [0.870238, 0.0, -0.492631, 0.0, -0.0, 1.0, 0.0, 0.3, 0.492631, 0.0, 0.870238, 0.0, 0.0, 0.0, 0.0, 1.0],
                [0.99787, 0.0, -0.06524, 0.0, -0.0, 1.0, 0.0, 0.3, 0.06524, 0.0, 0.99787, 0.0, 0.0, 0.0, 0.0, 1.0],
                [0.926972, -0.0, 0.37513, 0.0, 0.0, 1.0, 0.0, 0.3, -0.37513, 0.0, 0.926972, 0.0, 0.0, 0.0, 0.0, 1.0],
                [0.99787, -0.0, -0.06524, 0.0, 0.0, 1.0, -0.0, 0.3, 0.06524, -0.0, 0.99787, 0.0, 0.0, 0.0, 0.0, 1.0],
                [0.870238, 0.0, -0.492631, 0.0, -0.0, 1.0, 0.0, 0.3, 0.492631, 0.0, 0.870238, 0.0, 0.0, 0.0, 0.0, 1.0]
            ]
        },
        {
            "name": "Head",
            "time": [0.0, 0.25, 0.5, 0.75, 1.0],
            "transform": [
                [0.940461, 0.31883, 0.11782, -0.0, 0.018583, 0.29788, -0.954422, 0.4, -0.339394, 0.899786, 0.27422, 0.0, 0.0, 0.0, 0.0, 1.0],
                [0.998099, 0.055618, 0.026539, -0.0, 0.005418, 0.349787, -0.936813, 0.4, -0.061387, 0.935177, 0.348821, 0.0, 0.0, 0.0, 0.0, 1.0],
                [0.975038, -0.206393, -0.08187, -0.0, 0.008202, 0.40195, -0.915625, 0.4, 0.221887, 0.892097, 0.39361, -0.0, 0.0, 0.0, 0.0, 1.0],
                [0.998099, 0.055618, 0.026539, -0.0, 0.005418, 0.349787, -0.936814, 0.4, -0.061387, 0.935177, 0.348821, 0.0, 0.0, 0.0, 0.0, 1.0],
                [0.940461, 0.31883, 0.11782, -0.0, 0.018583, 0.29788, -0.954422, 0.4, -0.339394, 0.899786, 0.27422, 0.0, 0.0, 0.0, 0.0, 1.0]
            ]
        },
        {
            "name": "Shoulder_R",
            "time": [0.0, 1.0],
            "transform": [
                [0.0, 0.952114, 0.305743, -0.0, 0.0, -0.305743, 0.952114, 0.4, 1.0, 0.0, -0.0, 0.0, 0.0, 0.0, 0.0, 1.0],
                [0.0, 0.952114, 0.305743, -0.0, 0.0, -0.305743, 0.952114, 0.4, 1.0, 0.0, -0.0, 0.0, 0.0, 0.0, 0.0, 1.0]
            ]
        },
        {
            "name": "Arm_R",
            "time": [0.0, 0.25, 0.5, 0.75, 1.0],