{
    "animation": [
        {
            "name": "Root",
            "time": [0.0, 0.1, 0.5],
            "transform": [
                [0.886546, 0.0, -0.46264, -5e-06, -0.46264, 0.0, -0.886546, 0.000946, 0.0, 1.0, 0.0, 0.757374, 0.0, 0.0, 0.0, 1.0],
                [0.954627, 0.0, -0.297804, -5e-06, -0.297804, 0.0, -0.954627, 0.000946, 0.0, 1.0, 0.0, 0.761773, 0.0, 0.0, 0.0, 1.0],
                [0.877457, 0.0, 0.479656, -5e-06, 0.479656, 0.0, -0.877457, 0.000946, 0.0, 1.0, 0.0, 0.645843, 0.0, 0.0, 0.0, 1.0]
            ]
        },
        {
            "name": "Thigh_R",
            "time": [0.0, 0.1, 0.2167, 0.35, 0.45, 0.5],
            "transform": [
                [0.987852, 0.052163, -0.14638, 0.124994, 0.087861, -0.964443, 0.249252, -0.002831, -0.128174, -0.259084, -0.957312, -1.2e-05, 0.0, 0.0, 0.0, 1.0],
                [0.950653, -0.071903, -0.301808, 0.124994, 0.097082, -0.854982, 0.509487, -0.002831, -0.294675, -0.513644, -0.805814, -1.2e-05, 0.0, 0.0, 0.0, 1.0],
                [0.987028, 0.022172, -0.159004, 0.124994, 0.084005, -0.915335, 0.39383, -0.002831, -0.13681, -0.402078, -0.905326, -1.2e-05, 0.0, 0.0, 0.0, 1.0],
                [0.988165, 0.136433, 0.070109, 0.124994, 0.085671, -0.870002, 0.485544, -0.002831, 0.127239, -0.47379, -0.871397, -1.2e-05, 0.0, 0.0, 0.0, 1.0],
                [0.943464, 0.274337, 0.186049, 0.124994, 0.096573, -0.764417, 0.637446, -0.002831, 0.317094, -0.583439, -0.747696, -1.2e-05, 0.0, 0.0, 0.0, 1.0],
                [0.863385, 0.422898, 0.275178, 0.124994, 0.114489, -0.695381, 0.709462, -0.002831, 0.491384, -0.581033, -0.6488, -1.2e-05, 0.0, 0.0, 0.0, 1.0]
            ]
        },
        {
            "name": "Leg_R",
            "time": [0.0, 0.1, 0.2167, 0.35, 0.45, 0.5],
            "transform": [
                [1.0, -0.0, 1e-06, 0.0, 0.0, 0.933147, 0.359498, 0.37472, -1e-06, -0.359498, 0.933145, -0.0, 0.0, 0.0, 0.0, 1.0],
                [1.0, -1e-06, 1e-06, -0.0, -0.0, 0.701591, 0.71258, 0.37472, -1e-06, -0.712581, 0.70159, 0.0, 0.0, 0.0, 0.0, 1.0],
                [1.0, -0.0, 0.0, 0.0, 0.0, 0.999988, 0.004944, 0.37472, -0.0, -0.004944, 0.999987, -0.0, 0.0, 0.0, 0.0, 1.0],
                [1.0, -0.0, 1e-06, -0.0, 0.0, 0.968927, 0.24735, 0.37472, -1e-06, -0.24735, 0.968925, -0.0, 0.0, 0.0, 0.0, 1.0],
                [1.0, -0.0, 1e-06, 0.0, -0.0, 0.793185, 0.608981, 0.37472, -1e-06, -0.608982, 0.793184, 0.0, 0.0, 0.0, 0.0, 1.0],
                [1.0, -0.0, 1e-06, 0.0, -0.0, 0.632529, 0.774537, 0.37472, -1e-06, -0.774538, 0.632528, -0.0, 0.0, 0.0, 0.0, 1.0]
            ]
        },
        {
            "name": "Knee_R",
            "time": [0.0, 0.5],
            "transform": [
                [1.0, 0.0, -0.0, 0.0, -0.0, 1e-06, -1.0, 0.37472, -0.0, 1.0, 1e-06, -0.0, 0.0, 0.0, 0.0, 1.0],
                [1.0, 0.0, -0.0, 0.0, -0.0, 1e-06, -1.0, 0.418229, -0.0, 1.0, 1e-06, -0.0, 0.0, 0.0, 0.0, 1.0]
            ]
        },
        {
            "name": "Thigh_L",
            "time": [0.0, 0.1, 0.2167, 0.35, 0.45, 0.5],
            "transform": [
                [0.866801, -0.090705, -0.490334, -0.125006, -0.039008, -0.992638, 0.114666, -0.002831, -0.497125, -0.080266, -0.863958, -1.2e-05, 0.0, 0.0, 0.0, 1.0],
                [0.880195, -0.050166, -0.471952, -0.125006, -0.132107, -0.980996, -0.142107, -0.002831, -0.455854, 0.18743, -0.870096, -1.2e-05, 0.0, 0.0, 0.0, 1.0],
                [0.890535, -0.141788, -0.432254, -0.125006, -0.308167, -0.886981, -0.343943, -0.002831, -0.334634, 0.439501, -0.833582, -1.2e-05, 0.0, 0.0, 0.0, 1.0],
                [0.868981, -0.26004, -0.421011, -0.125006, -0.38326, -0.89186, -0.240202, -0.002831, -0.31302, 0.370089, -0.874672, -1.2e-05, 0.0, 0.0, 0.0, 1.0],
                [0.847677, -0.403811, -0.344062, -0.125006, -0.425399, -0.904898, 0.013968, -0.002831, -0.316982, 0.134524, -0.938843, -1.2e-05, 0.0, 0.0, 0.0, 1.0],
                [0.826397, -0.509377, -0.240003, -0.125006, -0.448943, -0.853302, 0.265188, -0.002831, -0.339876, -0.111403, -0.933849, -1.2e-05, 0.0, 0.0, 0.0, 1.0]
            ]
        },
        {
            "name": "Leg_L",
            "time": [0.0, 0.1, 0.2167, 0.35, 0.45, 0.5],
            "transform": [
                [1.0, -0.0, 1e-06, -0.0, 0.0, 0.988108, 0.153757, 0.37472, -1e-06, -0.153757, 0.988109, 0.0, 0.0, 0.0, 0.0, 1.0],
                [1.0, -0.0, 1e-06, -0.0, 0.0, 0.999985, 0.005459, 0.37472, -1e-06, -0.005459, 0.999986, 0.0, 0.0, 0.0, 0.0, 1.0],
                [1.0, -0.0, 1e-06, 0.0, 0.0, 0.999988, 0.004784, 0.37472, -1e-06, -0.004784, 0.999989, 0.0, 0.0, 0.0, 0.0, 1.0],
                [1.0, -0.0, 1e-06, 0.0, 0.0, 0.999986, 0.005236, 0.37472, -1e-06, -0.005236, 0.999987, 0.0, 0.0, 0.0, 0.0, 1.0],
                [1.0, -0.0, 1e-06, 0.0, 0.0, 0.938658, 0.34485, 0.37472, -1e-06, -0.34485, 0.938658, 0.0, 0.0, 0.0, 0.0, 1.0],
                [1.0, -1e-06, 1e-06, 0.0, -0.0, 0.780058, 0.625707, 0.37472, -1e-06, -0.625707, 0.780059, 0.0, 0.0, 0.0, 0.0, 1.0]
            ]
        },
        {
            "name": "Knee_L",
            "time": [0.0, 0.5],
            "transform": [
                [1.0, 0.0, -0.0, -0.0, -0.0, 1e-06, -1.0, 0.37472, -0.0, 1.0, 1e-06, -0.0, 0.0, 0.0, 0.0, 1.0],
                [1.0, 0.0, -0.0, 0.0, -0.0, 1e-06, -1.0, 0.399378, -0.0, 1.0, 1e-06, 0.0, 0.0, 0.0, 0.0, 1.0]
            ]
        },
        {
            "name": "Torso",
            "time": [0.0, 0.5],
            "transform": [
                [0.999984, -0.005557, 0.000276, 0.0, 0.005549, 0.999708, 0.023504, 0.05, -0.000407, -0.023502, 0.999724, -0.0, 0.0, 0.0, 0.0, 1.0],
                [0.988911, 0.148238, 0.008976, 0.0, -0.148502, 0.986451, 0.069723, 0.05, 0.001481, -0.070283, 0.997526, 0.0, 0.0, 0.0, 0.0, 1.0]
            ]
        },
        {
            "name": "Chest",
            "time": [0.0, 0.5],
            "transform": [
                [0.918118, -0.042919, 0.393977, -0.0, 0.031298, 0.998866, 0.035876, 0.3, -0.39507, -0.020608, 0.91842, 0.0, 0.0, 0.0, 0.0, 1.0],
                [0.953199, -0.125684, 0.274981, 0.0, 0.049476, 0.962083, 0.268232, 0.3, -0.298267, -0.242074, 0.923275, 0.0, 0.0, 0.0, 0.0, 1.0]
            ]
        },
        {
            "name": "Head",
            "time": [0.0, 0.2167, 0.5],
            "transform": [
                [0.997654, 0.028654, 0.062165, -0.0, -0.02567, 0.998503, -0.048291, 0.4, -0.063456, 0.046582, 0.996897, -0.0, 0.0, 0.0, 0.0, 1.0],
                [0.952735, 0.001484, -0.303798, -0.0, -0.032512, 0.994743, -0.097101, 0.4, 0.302056, 0.102388, 0.947776, -0.0, 0.0, 0.0, 0.0, 1.0],
                [0.686705, -0.112948, -0.718108, 0.0, -0.135289, 0.95074, -0.27891, 0.4, 0.714236, 0.288681, 0.637597, -0.0, 0.0, 0.0, 0.0, 1.0]
            ]
        },
        {
            "name": "Shoulder_R",
            "time": [0.0, 0.1, 0.2167, 0.35, 0.45, 0.5],
            "transform": [
                [0.090442, 0.98415, -0.152541, -0.0, -0.300822, 0.17301, 0.937856, 0.4, 0.949382, -0.038934, 0.311701, -0.0, 0.0, 0.0, 0.0, 1.0],
                [0.086691, 0.969177, 0.23061, 0.0, -0.642421, -0.122539, 0.756492, 0.4, 0.761433, -0.213729, 0.611996, -0.0, 0.0, 0.0, 0.0, 1.0],
                [0.086691, 0.969177, 0.230609, -0.0, -0.642421, -0.122539, 0.756492, 0.4, 0.761433, -0.213729, 0.611996, -0.0, 0.0, 0.0, 0.0, 1.0],
                [0.577993, 0.767361, 0.277632, -0.0, -0.592854, 0.161076, 0.789037, 0.4, 0.560756, -0.620653, 0.548034, 0.0, 0.0, 0.0, 0.0, 1.0],
                [0.732041, 0.667778, 0.134858, -0.0, 0.319896, -0.511712, 0.797382, 0.4, 0.601483, -0.540576, -0.588214, -0.0, 0.0, 0.0, 0.0, 1.0],
                [0.833224, 0.548088, -0.073048, 0.0, 0.387974, -0.48539, 0.7835, 0.4, 0.393971, -0.681172, -0.617083, -0.0, 0.0, 0.0, 0.0, 1.0]
            ]
        },
        {
            "name": "Arm_R",
            "time": [0.0, 0.15, 0.2167, 0.35, 0.45, 0.5],