{
    "animation": [
        {
            "name": "Root",
            "time": [0.0, 0.1167, 0.3667, 0.5167, 0.7833],
            "transform": [
                [0.877457, 0.0, 0.479656, -5e-06, 0.479656, 0.0, -0.877457, 0.000946, 0.0, 1.0, 0.0, 0.778881, 0.0, 0.0, 0.0, 1.0],
                [0.84593, 0.0, 0.533293, -5e-06, 0.533293, 0.0, -0.84593, 0.000946, 0.0, 1.0, 0.0, 0.645843, 0.0, 0.0, 0.0, 1.0],
                [0.877457, 0.0, 0.479656, -5e-06, 0.479656, 0.0, -0.877457, 0.000946, 0.0, 1.0, 0.0, 0.771939, 0.0, 0.0, 0.0, 1.0],
                [0.928199, 0.0, 0.372085, -5e-06, 0.372085, 0.0, -0.928199, 0.000946, 0.0, 1.0, 0.0, 0.611933, 0.0, 0.0, 0.0, 1.0],
                [0.877457, 0.0, 0.479656, -5e-06, 0.479656, 0.0, -0.877457, 0.000946, 0.0, 1.0, 0.0, 0.778881, 0.0, 0.0, 0.0, 1.0]
            ]
        },
        {
            "name": "Thigh_R",
            "time": [0.0, 0.1167, 0.25, 0.3667, 0.5167, 0.65, 0.7833],
            "transform": [
                [0.822243, 0.367855, 0.434279, 0.124994, 0.074161, -0.825792, 0.559075, -0.002831, 0.564283, -0.427488, -0.706285, -1.2e-05, 0.0, 0.0, 0.0, 1.0],
                [0.861181, 0.435878, 0.261489, 0.124994, 0.143034, -0.701458, 0.698209, -0.002831, 0.487758, -0.563882, -0.66643, -1.2e-05, 0.0, 0.0, 0.0, 1.0],
                [0.877533, 0.270878, 0.395676, 0.124994, 0.075059, -0.892581, 0.444593, -0.002831, 0.473604, -0.360444, -0.803603, -1.2e-05, 0.0, 0.0, 0.0, 1.0],
                [0.85895, 0.010813, 0.511945, 0.124994, 0.02369, -0.999543, -0.018636, -0.002831, 0.511511, 0.028136, -0.858816, -1.2e-05, 0.0, 0.0, 0.0, 1.0],
                [0.812463, -0.031901, 0.582139, 0.124994, 0.171711, -0.941117, -0.291221, -0.002831, 0.557152, 0.336566, -0.759147, -1.2e-05, 0.0, 0.0, 0.0, 1.0],
                [0.810413, 0.137228, 0.569561, 0.124994, 0.138524, -0.989495, 0.041305, -0.002831, 0.569247, 0.045424, -0.820911, -1.2e-05, 0.0, 0.0, 0.0, 1.0],
                [0.822243, 0.367855, 0.434279, 0.124994, 0.074161, -0.825792, 0.559075, -0.002831, 0.564283, -0.427488, -0.706285, -1.2e-05, 0.0, 0.0, 0.0, 1.0]
            ]
        },
        {
            "name": "Leg_R",
            "time": [0.0, 0.1167, 0.25, 0.3667, 0.5167, 0.65, 0.7833],
            "transform": [
                [1.0, -1e-06, 0.0, -0.0, -0.0, 0.173812, 0.984778, 0.37472, -1e-06, -0.984779, 0.173812, 0.0, 0.0, 0.0, 0.0, 1.0],
                [1.0, -0.0, 1e-06, -0.0, -0.0, 0.623809, 0.781577, 0.37472, -1e-06, -0.781578, 0.623808, -0.0, 0.0, 0.0, 0.0, 1.0],
                [1.0, -0.0, 1e-06, 0.0, -0.0, 0.861153, 0.508346, 0.37472, -1e-06, -0.508347, 0.861152, 0.0, 0.0, 0.0, 0.0, 1.0],
                [1.0, 0.0, 1e-06, 0.0, -0.0, 0.999989, 0.004822, 0.37472, -1e-06, -0.004822, 0.999988, 0.0, 0.0, 0.0, 0.0, 1.0],
                [1.0, -0.0, 1e-06, 0.0, -0.0, 0.854937, 0.518732, 0.37472, -1e-06, -0.518733, 0.854936, 0.0, 0.0, 0.0, 0.0, 1.0],
                [1.0, -0.0, 1e-06, -0.0, -0.0, 0.506579, 0.862193, 0.37472, -1e-06, -0.862195, 0.506578, -0.0, 0.0, 0.0, 0.0, 1.0],
                [1.0, -1e-06, 0.0, -0.0, -0.0, 0.173812, 0.984778, 0.37472, -1e-06, -0.984779, 0.173812, 0.0, 0.0, 0.0, 0.0, 1.0]
            ]
        },
        {
            "name": "Knee_R",
            "time": [0.0, 0.1167, 0.25, 0.3667, 0.5167, 0.65, 0.7833],
            "transform": [
                [1.0, 0.0, -0.0, 0.0, -0.0, 1e-06, -1.0, 0.464034, -0.0, 1.0, 1e-06, -0.0, 0.0, 0.0, 0.0, 1.0],
                [1.0, 0.0, -0.0, -0.0, -0.0, 1e-06, -1.0, 0.419236, -0.0, 1.0, 1e-06, -0.0, 0.0, 0.0, 0.0, 1.0],
                [1.0, 0.0, -0.0, 0.0, -0.0, 1e-06, -1.0, 0.386558, -0.0, 1.0, 1e-06, -0.0, 0.0, 0.0, 0.0, 1.0],
                [1.0, 0.0, -0.0, -0.0, -0.0, 1e-06, -1.0, 0.37472, -0.0, 1.0, 1e-06, -0.0, 0.0, 0.0, 0.0, 1.0],
                [1.0, 0.0, -0.0, 0.0, -0.0, 1e-06, -1.0, 0.387645, -0.0, 1.0, 1e-06, 0.0, 0.0, 0.0, 0.0, 1.0],
                [1.0, 0.0, -0.0, -0.0, -0.0, 1e-06, -1.0, 0.432022, -0.0, 1.0, 1e-06, -0.0, 0.0, 0.0, 0.0, 1.0],
                [1.0, 0.0, -0.0, 0.0, -0.0, 1e-06, -1.0, 0.464034, -0.0, 1.0, 1e-06, -0.0, 0.0, 0.0, 0.0, 1.0]
            ]
        },
        {
            "name": "Thigh_L",
            "time": [0.0, 0.1167, 0.25, 0.3667, 0.5167, 0.65, 0.7833],
            "transform": [
                [0.969743, -0.044879, -0.239964, -0.125006, -0.049239, -0.998712, -0.012206, -0.002831, -0.239107, 0.023653, -0.970705, -1.2e-05, 0.0, 0.0, 0.0, 1.0],
                [0.827148, -0.517543, -0.219029, -0.125006, -0.446479, -0.841873, 0.303158, -0.002831, -0.341291, -0.152964, -0.927427, -1.2e-05, 0.0, 0.0, 0.0, 1.0],
                [0.86095, -0.504569, -0.064607, -0.125006, -0.362689, -0.697932, 0.617533, -0.002831, -0.356679, -0.508233, -0.783887, -1.2e-05, 0.0, 0.0, 0.0, 1.0],
                [0.94258, -0.330102, 0.050743, -0.125006, -0.208296, -0.462281, 0.861921, -0.002831, -0.261064, -0.823, -0.504496, -1.2e-05, 0.0, 0.0, 0.0, 1.0],
                [0.999276, 0.036686, -0.010022, -0.125006, 0.02818, -0.537284, 0.84293, -0.002831, 0.025539, -0.842603, -0.537929, -1.2e-05, 0.0, 0.0, 0.0, 1.0],
                [0.989565, -0.014549, -0.143345, -0.125006, 0.067983, -0.830032, 0.553557, -0.002831, -0.127035, -0.557526, -0.820382, -1.2e-05, 0.0, 0.0, 0.0, 1.0],
                [0.969743, -0.044879, -0.239964, -0.125006, -0.049239, -0.998712, -0.012206, -0.002831, -0.239107, 0.023653, -0.970705, -1.2e-05, 0.0, 0.0, 0.0, 1.0]
            ]
        },
        {
            "name": "Leg_L",
            "time": [0.0, 0.1167, 0.25, 0.3667, 0.5167, 0.65, 0.7833],
            "transform": [
                [1.0, -0.0, 0.0, -0.0, 0.0, 0.999987, 0.004956, 0.37472, -0.0, -0.004956, 0.999988, -0.0, 0.0, 0.0, 0.0, 1.0],
                [1.0, -0.0, 1e-06, -0.0, -0.0, 0.77275, 0.634711, 0.37472, -1e-06, -0.63471, 0.77275, 0.0, 0.0, 0.0, 0.0, 1.0],
                [1.0, -1e-06, 1e-06, -0.0, -0.0, 0.325963, 0.945383, 0.37472, -1e-06, -0.945382, 0.325964, -0.0, 0.0, 0.0, 0.0, 1.0],
                [1.0, -1e-06, 1e-06, 0.0, -1e-06, -0.011903, 0.99993, 0.37472, -1e-06, -0.999929, -0.011903, -0.0, 0.0, 0.0, 0.0, 1.0],
                [1.0, -1e-06, 0.0, 0.0, -0.0, 0.355772, 0.934573, 0.37472, -1e-06, -0.934573, 0.355772, 0.0, 0.0, 0.0, 0.0, 1.0],
                [1.0, -1e-06, 1e-06, -0.0, -0.0, 0.680653, 0.732606, 0.37472, -1e-06, -0.732606, 0.680653, 0.0, 0.0, 0.0, 0.0, 1.0],
                [1.0, -0.0, 0.0, -0.0, 0.0, 0.999987, 0.004956, 0.37472, -0.0, -0.004956, 0.999988, -0.0, 0.0, 0.0, 0.0, 1.0]
            ]
        },
        {
            "name": "Knee_L",
            "time": [0.0, 0.1167, 0.25, 0.3667, 0.5167, 0.65, 0.7833],
            "transform": [
                [1.0, 0.0, -0.0, -0.0, -0.0, 1e-06, -1.0, 0.37472, -0.0, 1.0, 1e-06, -0.0, 0.0, 0.0, 0.0, 1.0],
                [1.0, -0.0, -0.0, -0.0, -0.0, 1e-06, -1.0, 0.400419, 0.0, 1.0, 1e-06, 0.0, 0.0, 0.0, 0.0, 1.0],
                [1.0, 0.0, -0.0, -0.0, -0.0, 1e-06, -1.0, 0.449906, -0.0, 1.0, 1e-06, -0.0, 0.0, 0.0, 0.0, 1.0],
                [1.0, 0.0, -0.0, 0.0, -0.0, 1e-06, -1.0, 0.47972, 0.0, 1.0, 1e-06, -0.0, 0.0, 0.0, 0.0, 1.0],
                [1.0, 0.0, -0.0, 0.0, -0.0, 1e-06, -1.0, 0.447059, -0.0, 1.0, 1e-06, -0.0, 0.0, 0.0, 0.0, 1.0],
                [1.0, 0.0, -0.0, -0.0, -0.0, 1e-06, -1.0, 0.412497, -0.0, 1.0, 1e-06, -0.0, 0.0, 0.0, 0.0, 1.0],
                [1.0, 0.0, -0.0, -0.0, -0.0, 1e-06, -1.0, 0.37472, -0.0, 1.0, 1e-06, -0.0, 0.0, 0.0, 0.0, 1.0]
            ]
        },
        {
            "name": "Torso",
            "time": [0.0, 0.7833],
            "transform": [
                [0.988911, 0.148238, 0.008976, 0.0, -0.148502, 0.986451, 0.069723, 0.05, 0.001481, -0.070283, 0.997526, 0.0, 0.0, 0.0, 0.0, 1.0],
                [0.988911, 0.148238, 0.008976, 0.0, -0.148502, 0.986451, 0.069723, 0.05, 0.001481, -0.070283, 0.997526, 0.0, 0.0, 0.0, 0.0, 1.0]
            ]
        },
        {
            "name": "Chest",
            "time": [0.0, 0.1167, 0.3667, 0.5167, 0.7833],