{
    "animation": [
        {
            "name": "Root",
            "time": [0.0, 0.1333, 0.25, 0.3833, 0.5, 0.6167, 0.7333],
            "transform": [
                [0.866018, -0.000327, -0.500012, 4.2e-05, -0.499954, 0.014791, -0.865926, 0.001281, 0.007679, 0.999891, 0.012646, 0.763725, 0.0, 0.0, 0.0, 1.0],
                [0.936736, -0.004997, -0.350001, 0.000663, -0.348866, 0.068381, -0.934675, -0.003519, 0.028603, 0.997647, 0.062312, 0.639597, 0.0, 0.0, 0.0, 1.0],
                [0.942573, -0.001275, -0.333997, 0.000372, -0.333844, 0.026869, -0.942245, -0.001975, 0.010175, 0.999638, 0.0249, 0.697962, 0.0, 0.0, 0.0, 1.0],
                [0.888187, -0.009048, -0.459393, 0.000478, -0.459478, -0.013603, -0.888085, -0.004095, 0.001786, 0.999867, -0.016239, 0.775409, 0.0, 0.0, 0.0, 1.0],
                [0.954444, 0.017608, -0.29787, 0.000894, -0.298369, 0.044597, -0.953408, -0.001872, -0.003503, 0.99885, 0.047819, 0.636978, 0.0, 0.0, 0.0, 1.0],
                [0.899674, 0.016565, -0.436248, 0.002205, -0.43617, -0.008261, -0.899827, 0.006479, -0.018509, 0.999829, -0.000207, 0.711256, 0.0, 0.0, 0.0, 1.0],
                [0.866018, -0.000327, -0.500012, 4.2e-05, -0.499954, 0.014791, -0.865926, 0.001281, 0.007679, 0.999891, 0.012646, 0.763725, 0.0, 0.0, 0.0, 1.0]
            ]
        },
        {
            "name": "Thigh_R",
            "time": [0.0, 0.1333, 0.25, 0.3833, 0.5, 0.6167, 0.7333],
            "transform": [
                [0.936804, -0.220079, -0.271961, 0.124994, 0.074929, -0.633103, 0.770431, -0.00283, -0.341735, -0.742119, -0.576606, -1.2e-05, 0.0, 0.0, 0.0, 1.0],
                [0.936581, -0.281747, -0.208405, 0.131985, 0.003639, -0.586828, 0.809702, -0.00285, -0.350429, -0.759109, -0.548589, -0.00149, 0.0, 0.0, 0.0, 1.0],
                [0.958881, -0.191387, -0.209561, 0.131928, -0.016329, -0.774379, 0.632508, -0.002856, -0.283334, -0.603077, -0.745666, -0.001489, 0.0, 0.0, 0.0, 1.0],
                [0.98176, -0.02607, -0.188324, 0.131665, -0.005926, -0.994266, 0.106748, -0.002858, -0.190028, -0.103684, -0.976288, -0.001487, 0.0, 0.0, 0.0, 1.0],
                [0.958308, 0.096098, -0.26909, 0.130468, 0.032268, -0.972118, -0.232251, -0.002858, -0.283906, 0.213885, -0.934693, -0.001478, 0.0, 0.0, 0.0, 1.0],
                [0.950254, 0.14378, -0.276301, 0.127385, 0.096353, -0.979262, -0.178206, -0.002844, -0.296194, 0.142719, -0.944405, -0.000742, 0.0, 0.0, 0.0, 1.0],
                [0.936804, -0.220079, -0.271961, 0.124994, 0.074929, -0.633103, 0.770431, -0.00283, -0.341735, -0.742119, -0.576606, -1.2e-05, 0.0, 0.0, 0.0, 1.0]
            ]
        },
        {
            "name": "Leg_R",
            "time": [0.0, 0.1333, 0.25, 0.3833, 0.5, 0.6167, 0.7333],
            "transform": [
                [1.0, -1e-06, 1e-06, 0.0, -1e-06, -0.102851, 0.994695, 0.37472, -1e-06, -0.994699, -0.102851, -0.0, 0.0, 0.0, 0.0, 1.0],
                [1.0, -1e-06, 1e-06, 0.0, 0.0, 0.682564, 0.730826, 0.37472, -1e-06, -0.730829, 0.682561, -0.0, 0.0, 0.0, 0.0, 1.0],
                [1.0, -1e-06, 1e-06, 0.0, 0.0, 0.831981, 0.554806, 0.37472, -1e-06, -0.554808, 0.831978, 0.0, 0.0, 0.0, 0.0, 1.0],
                [1.0, -0.0, 1e-06, 0.0, 0.0, 0.991944, 0.12669, 0.37472, -1e-06, -0.12669, 0.991941, -0.0, 0.0, 0.0, 0.0, 1.0],
                [1.0, -0.0, 1e-06, 0.0, -0.0, 0.841733, 0.539896, 0.37472, -1e-06, -0.539898, 0.84173, 0.0, 0.0, 0.0, 0.0, 1.0],
                [1.0, -1e-06, 1e-06, -0.0, 0.0, 0.918044, 0.396482, 0.37472, -1e-06, -0.396484, 0.918041, -0.0, 0.0, 0.0, 0.0, 1.0],
                [1.0, -1e-06, 1e-06, 0.0, -1e-06, -0.102851, 0.994695, 0.37472, -1e-06, -0.994699, -0.102851, -0.0, 0.0, 0.0, 0.0, 1.0]
            ]
        },
        {
            "name": "Knee_R",
            "time": [0.0, 0.1333, 0.25, 0.3833, 0.5, 0.6167, 0.7333],
            "transform": [
                [1.0, 0.0, -0.0, 0.0, -0.0, 1e-06, -1.0, 0.47972, -0.0, 1.0, 1e-06, -0.0, 0.0, 0.0, 0.0, 1.0],
                [1.0, 0.0, -0.0, 0.0, -0.0, 1e-06, -1.0, 0.412263, -0.0, 1.0, 1e-06, -0.0, 0.0, 0.0, 0.0, 1.0],
                [1.0, 0.0, -0.0, 0.0, -0.0, 1e-06, -1.0, 0.391485, -0.0, 1.0, 1e-06, 0.0, 0.0, 0.0, 0.0, 1.0],
                [1.0, 0.0, -0.0, 0.0, -0.0, 1e-06, -1.0, 0.37472, -0.0, 1.0, 1e-06, -0.0, 0.0, 0.0, 0.0, 1.0],
                [1.0, 0.0, -0.0, 0.0, -0.0, 1e-06, -1.0, 0.389885, -0.0, 1.0, 1e-06, 0.0, 0.0, 0.0, 0.0, 1.0],
                [1.0, 0.0, -0.0, -0.0, -0.0, 1e-06, -1.0, 0.375282, -0.0, 1.0, 1e-06, -0.0, 0.0, 0.0, 0.0, 1.0],
                [1.0, 0.0, -0.0, 0.0, -0.0, 1e-06, -1.0, 0.47972, -0.0, 1.0, 1e-06, -0.0, 0.0, 0.0, 0.0, 1.0]
            ]
        },
        {
            "name": "Thigh_L",
            "time": [0.0, 0.1333, 0.25, 0.3833, 0.5, 0.6167, 0.7333],
            "transform": [
                [0.874134, -0.028081, -0.484871, -0.152778, 0.011197, -0.996897, 0.07792, -0.001303, -0.485555, -0.073541, -0.871107, 0.02659, 0.0, 0.0, 0.0, 1.0],
                [0.937352, 0.121439, -0.32653, -0.135651, -0.012844, -0.924595, -0.380735, -0.002645, -0.348144, 0.361077, -0.865112, 0.001719, 0.0, 0.0, 0.0, 1.0],
                [0.923492, 0.035032, -0.382014, -0.135651, -0.052977, -0.974634, -0.217446, -0.002645, -0.379941, 0.221048, -0.898211, 0.001719, 0.0, 0.0, 0.0, 1.0],
                [0.879947, -0.241376, -0.409182, -0.135651, -0.031156, -0.888774, 0.457285, -0.002645, -0.474048, -0.389638, -0.789595, 0.001719, 0.0, 0.0, 0.0, 1.0],
                [0.951593, -0.237689, -0.194866, -0.132677, 0.017286, -0.591614, 0.806035, -0.002608, -0.306871, -0.770387, -0.558868, 0.001578, 0.0, 0.0, 0.0, 1.0],
                [0.919314, -0.194612, -0.342033, -0.142727, 0.004018, -0.864469, 0.50267, -0.001928, -0.393502, -0.463486, -0.793937, 0.014084, 0.0, 0.0, 0.0, 1.0],
                [0.874134, -0.028081, -0.484871, -0.152778, 0.011197, -0.996897, 0.07792, -0.001303, -0.485555, -0.073541, -0.871107, 0.02659, 0.0, 0.0, 0.0, 1.0]
            ]
        },
        {
            "name": "Leg_L",
            "time": [0.0, 0.1333, 0.25, 0.3833, 0.5, 0.6167, 0.7333],
            "transform": [
                [1.0, -0.0, 1e-06, 0.0, 0.0, 0.99799, 0.063362, 0.37472, -1e-06, -0.063362, 0.997991, -0.0, 0.0, 0.0, 0.0, 1.0],
                [1.0, -0.0, 1e-06, 0.0, 0.0, 0.96899, 0.2471, 0.37472, -1e-06, -0.2471, 0.96899, 0.0, 0.0, 0.0, 0.0, 1.0],
                [1.0, -1e-06, 1e-06, -0.0, -1e-06, 0.565771, 0.824562, 0.37472, -1e-06, -0.824562, 0.565771, 0.0, 0.0, 0.0, 0.0, 1.0],
                [1.0, -1e-06, 1e-06, -0.0, -1e-06, 0.338986, 0.940792, 0.37472, -1e-06, -0.940791, 0.338986, 0.0, 0.0, 0.0, 0.0, 1.0],
                [1.0, -1e-06, 1e-06, 0.0, 0.0, 0.614716, 0.788749, 0.37472, -1e-06, -0.788749, 0.614716, 0.0, 0.0, 0.0, 0.0, 1.0],
                [1.0, -1e-06, 1e-06, -0.0, 0.0, 0.850052, 0.526699, 0.37472, -1e-06, -0.526698, 0.850052, -0.0, 0.0, 0.0, 0.0, 1.0],
                [1.0, -0.0, 1e-06, 0.0, 0.0, 0.99799, 0.063362, 0.37472, -1e-06, -0.063362, 0.997991, -0.0, 0.0, 0.0, 0.0, 1.0]
            ]
        },
        {
            "name": "Knee_L",
            "time": [0.0, 0.1333, 0.25, 0.3833, 0.5, 0.6167, 0.7333],