{
    "animation": [
        {
            "name": "Root",
            "time": [0.0, 0.1333, 0.25, 0.3833, 0.5167, 0.65, 0.7833],
            "transform": [
                [0.643846, 0.007209, -0.765121, -5e-06, -0.757322, 0.148721, -0.635882, 0.000946, 0.109206, 0.988853, 0.101213, 0.778375, 0.0, 0.0, 0.0, 1.0],
                [0.870428, -0.017493, -0.491985, -5e-06, -0.476696, 0.219635, -0.851188, 0.000946, 0.122947, 0.975425, 0.182837, 0.629341, 0.0, 0.0, 0.0, 1.0],
                [0.824352, -0.000697, -0.566078, -5e-06, -0.557337, 0.174057, -0.811837, 0.000946, 0.099095, 0.984735, 0.143096, 0.699357, 0.0, 0.0, 0.0, 1.0],
                [0.808548, -0.005885, -0.5884, -5e-06, -0.580824, 0.152271, -0.79966, 0.000946, 0.094302, 0.988321, 0.119701, 0.754369, 0.0, 0.0, 0.0, 1.0],
                [0.712309, -0.005885, -0.701842, -5e-06, -0.68207, 0.230014, -0.694171, 0.000946, 0.165518, 0.97317, 0.159827, 0.628877, 0.0, 0.0, 0.0, 1.0],
                [0.712309, -0.005885, -0.701842, -5e-06, -0.68207, 0.230014, -0.694171, 0.000946, 0.165518, 0.97317, 0.159827, 0.691892, 0.0, 0.0, 0.0, 1.0],
                [0.643846, 0.007209, -0.765121, -5e-06, -0.757322, 0.148721, -0.635882, 0.000946, 0.109206, 0.988853, 0.101213, 0.778375, 0.0, 0.0, 0.0, 1.0]
            ]
        },
        {
            "name": "Thigh_R",
            "time": [0.0, 0.1333, 0.25, 0.3833, 0.5167, 0.65, 0.7833],
            "transform": [
                [0.821127, -0.360415, -0.44255, 0.124994, 0.165756, -0.591379, 0.789173, -0.002831, -0.546145, -0.721364, -0.425859, -1.2e-05, 0.0, 0.0, 0.0, 1.0],
                [0.943452, -0.310781, -0.11537, 0.144644, -0.057454, -0.496045, 0.866393, -0.003226, -0.326487, -0.81077, -0.485854, -0.011118, 0.0, 0.0, 0.0, 1.0],
                [0.928144, -0.294852, -0.227177, 0.144644, -0.073615, -0.743684, 0.664462, -0.003226, -0.364867, -0.59999, -0.711956, -0.011118, 0.0, 0.0, 0.0, 1.0],
                [0.945317, -0.113488, -0.30577, 0.144644, -0.031513, -0.964903, 0.260698, -0.003226, -0.324626, -0.236804, -0.915719, -0.011118, 0.0, 0.0, 0.0, 1.0],
                [0.895449, 0.165501, -0.413253, 0.144644, 0.147777, -0.986189, -0.074751, -0.003225, -0.419918, 0.005868, -0.907543, -0.011118, 0.0, 0.0, 0.0, 1.0],
                [0.838706, 0.026773, -0.543924, 0.134819, 0.164171, -0.964753, 0.205656, -0.003028, -0.519247, -0.261779, -0.813543, -0.005565, 0.0, 0.0, 0.0, 1.0],
                [0.821127, -0.360415, -0.44255, 0.124994, 0.165756, -0.591379, 0.789173, -0.002831, -0.546145, -0.721364, -0.425859, -1.2e-05, 0.0, 0.0, 0.0, 1.0]
            ]
        },
        {
            "name": "Leg_R",
            "time": [0.0, 0.1333, 0.25, 0.3833, 0.5167, 0.65, 0.7833],
            "transform": [
                [1.0, -0.0, 1e-06, -0.0, 0.0, 0.100415, 0.994944, 0.37472, -1e-06, -0.994948, 0.100412, 0.0, 0.0, 0.0, 0.0, 1.0],
                [1.0, 0.0, 1e-06, 0.0, 0.0, 0.719422, 0.694575, 0.37472, -1e-06, -0.694577, 0.719416, -0.0, 0.0, 0.0, 0.0, 1.0],
                [1.0, 0.0, 1e-06, 0.0, 0.0, 0.837199, 0.546903, 0.37472, -1e-06, -0.546904, 0.837193, 0.0, 0.0, 0.0, 0.0, 1.0],
                [1.0, 1e-06, 1e-06, -0.0, 0.0, 0.99049, 0.1376, 0.37472, -1e-06, -0.137599, 0.990486, 0.0, 0.0, 0.0, 0.0, 1.0],
                [1.0, 0.0, 1e-06, 0.0, 0.0, 0.924939, 0.380123, 0.37472, -1e-06, -0.380121, 0.924934, 0.0, 0.0, 0.0, 0.0, 1.0],
                [1.0, -0.0, 1e-06, 0.0, 0.0, 0.414264, 0.910157, 0.37472, -1e-06, -0.910159, 0.41426, -0.0, 0.0, 0.0, 0.0, 1.0],
                [1.0, -0.0, 1e-06, -0.0, 0.0, 0.100415, 0.994944, 0.37472, -1e-06, -0.994948, 0.100412, 0.0, 0.0, 0.0, 0.0, 1.0]
            ]
        },
        {
            "name": "Knee_R",
            "time": [0.0, 0.1333, 0.25, 0.3833, 0.5167, 0.65, 0.7833],
            "transform": [
                [1.0, 0.0, -0.0, 0.0, -0.0, 1e-06, -1.0, 0.470689, -0.0, 1.0, 1e-06, -0.0, 0.0, 0.0, 0.0, 1.0],
                [1.0, 0.0, -0.0, 0.0, -0.0, 1e-06, -1.0, 0.40762, -0.0, 1.0, 1e-06, -0.0, 0.0, 0.0, 0.0, 1.0],
                [1.0, 0.0, -0.0, 0.0, -0.0, 1e-06, -1.0, 0.390634, -0.0, 1.0, 1e-06, -0.0, 0.0, 0.0, 0.0, 1.0],
                [1.0, 0.0, -0.0, 0.0, -0.0, 1e-06, -1.0, 0.37472, -0.0, 1.0, 1e-06, 0.0, 0.0, 0.0, 0.0, 1.0],
                [1.0, 0.0, -0.0, -0.0, -0.0, 1e-06, -1.0, 0.37472, -0.0, 1.0, 1e-06, 0.0, 0.0, 0.0, 0.0, 1.0],
                [1.0, 0.0, -0.0, 0.0, -0.0, 1e-06, -1.0, 0.441367, -0.0, 1.0, 1e-06, -0.0, 0.0, 0.0, 0.0, 1.0],
                [1.0, 0.0, -0.0, 0.0, -0.0, 1e-06, -1.0, 0.470689, -0.0, 1.0, 1e-06, -0.0, 0.0, 0.0, 0.0, 1.0]
            ]
        },
        {
            "name": "Thigh_L",
            "time": [0.0, 0.1333, 0.25, 0.3833, 0.5167, 0.65, 0.7833],
            "transform": [
                [0.679944, -0.174384, -0.712225, -0.143216, -0.007978, -0.973011, 0.230618, -0.002831, -0.73322, -0.151124, -0.662986, 0.011049, 0.0, 0.0, 0.0, 1.0],
                [0.867127, 0.017477, -0.497778, -0.143216, -0.021749, -0.997102, -0.0729, -0.002831, -0.49761, 0.074042, -0.864235, 0.011049, 0.0, 0.0, 0.0, 1.0],
                [0.807336, -0.041261, -0.588647, -0.143216, -0.028825, -0.999119, 0.030497, -0.002831, -0.589387, -0.007651, -0.807814, 0.011049, 0.0, 0.0, 0.0, 1.0],
                [0.80163, -0.509018, -0.313511, -0.143216, -0.021992, -0.54918, 0.835414, -0.002831, -0.597414, -0.662798, -0.451436, 0.011049, 0.0, 0.0, 0.0, 1.0],
                [0.711787, -0.654836, -0.254061, -0.158677, -0.003951, -0.365437, 0.930826, -0.002703, -0.702383, -0.661547, -0.262703, 0.026283, 0.0, 0.0, 0.0, 1.0],
                [0.680001, -0.606883, -0.411449, -0.150946, 0.006608, -0.556068, 0.83111, -0.002767, -0.73318, -0.567875, -0.374118, 0.018666, 0.0, 0.0, 0.0, 1.0],
                [0.679944, -0.174384, -0.712225, -0.143216, -0.007978, -0.973011, 0.230618, -0.002831, -0.73322, -0.151124, -0.662986, 0.011049, 0.0, 0.0, 0.0, 1.0]
            ]
        },
        {
            "name": "Leg_L",
            "time": [0.0, 0.1333, 0.25, 0.3833, 0.5167, 0.65, 0.7833],
            "transform": [
                [1.0, 1e-06, 1e-06, 0.0, 0.0, 0.995677, 0.09288, 0.37472, -1e-06, -0.09288, 0.995678, 0.0, 0.0, 0.0, 0.0, 1.0],
                [1.0, 0.0, 1e-06, 0.0, 0.0, 0.835054, 0.550168, 0.37472, -1e-06, -0.550167, 0.835055, 0.0, 0.0, 0.0, 0.0, 1.0],
                [1.0, -0.0, 1e-06, -0.0, 0.0, 0.454829, 0.890579, 0.37472, -1e-06, -0.890579, 0.454829, 0.0, 0.0, 0.0, 0.0, 1.0],
                [1.0, -0.0, 0.0, -0.0, 0.0, -0.153944, 0.98808, 0.37472, -1e-06, -0.988079, -0.153945, 0.0, 0.0, 0.0, 0.0, 1.0],
                [1.0, 0.0, 1e-06, -0.0, 0.0, 0.475841, 0.879532, 0.37472, -1e-06, -0.879532, 0.475841, -0.0, 0.0, 0.0, 0.0, 1.0],
                [1.0, 0.0, 1e-06, 0.0, 0.0, 0.709708, 0.704496, 0.37472, -1e-06, -0.704496, 0.709708, 0.0, 0.0, 0.0, 0.0, 1.0],
                [1.0, 1e-06, 1e-06, 0.0, 0.0, 0.995677, 0.09288, 0.37472, -1e-06, -0.09288, 0.995678, 0.0, 0.0, 0.0, 0.0, 1.0]
            ]
        },
        {
            "name": "Knee_L",
            "time": [0.0, 0.1333, 0.25, 0.3833, 0.5167, 0.65, 0.7833],
            "transform": [
                [1.0, 0.0, -0.0, 0.0, -0.0, 1e-06, -1.0, 0.37472, -0.0, 1.0, 1e-06, 0.0, 0.0, 0.0, 0.0, 1.0],
                [1.0, 0.0, -0.0, -0.0, -0.0, 1e-06, -1.0, 0.390985, -0.0, 1.0, 1e-06, -0.0, 0.0, 0.0, 0.0, 1.0],
                [1.0, 0.0, -0.0, 0.0, -0.0, 1e-06, -1.0, 0.437322, -0.0, 1.0, 1e-06, -0.0, 0.0, 0.0, 0.0, 1.0],
                [1.0, 0.0, -0.0, 0.0, -0.0, 1e-06, -1.0, 0.47972, -0.0, 1.0, 1e-06, -0.0, 0.0, 0.0, 0.0, 1.0],
                [1.0, 0.0, -0.0, 0.0, -0.0, 1e-06, -1.0, 0.435191, -0.0, 1.0, 1e-06, -0.0, 0.0, 0.0, 0.0, 1.0],
                [1.0, 0.0, -0.0, 0.0, -0.0, 1e-06, -1.0, 0.408867, -0.0, 1.0, 1e-06, -0.0, 0.0, 0.0, 0.0, 1.0],
                [1.0, 0.0, -0.0, 0.0, -0.0, 1e-06, -1.0, 0.37472, -0.0, 1.0, 1e-06, 0.0, 0.0, 0.0, 0.0, 1.0]
            ]
        },
        {
            "name": "Torso",