{
    "animation": [
        {
            "name": "Root",
            "time": [0.0, 0.3333, 0.6667, 1.0, 1.3333],
            "transform": [
                [-0.999991, -2.5e-05, 0.004265, -5e-06, -0.004266, 0.005923, -0.999973, 0.000946, -0.0, -0.999982, -0.005923, 1.183436, 0.0, 0.0, 0.0, 1.0],
                [-0.004266, 0.005923, -0.999973, -5e-06, 0.999991, 2.5e-05, -0.004265, 0.000946, 0.0, -0.999983, -0.005923, 1.183436, 0.0, 0.0, 0.0, 1.0],
                [0.999991, 2.5e-05, -0.004265, -5e-06, 0.004266, -0.005923, 0.999973, 0.000946, 0.0, -0.999982, -0.005923, 1.183436, 0.0, 0.0, 0.0, 1.0],
                [0.004265, -0.005923, 0.999973, -5e-06, -0.999991, -2.5e-05, 0.004266, 0.000946, 0.0, -0.999983, -0.005923, 1.183436, 0.0, 0.0, 0.0, 1.0],
                [-0.999991, -2.5e-05, 0.004266, -5e-06, -0.004266, 0.005923, -0.999973, 0.000946, 0.0, -0.999983, -0.005923, 1.183436, 0.0, 0.0, 0.0, 1.0]
            ]
        },
        {
            "name": "Thigh_R",
            "time": [0.0, 0.3333, 0.6667, 1.0, 1.3333],
            "transform": [
                [0.830476, 0.557046, 0.00294, 0.124994, 0.557041, -0.83048, 0.002718, -0.002831, 0.003955, -0.000619, -0.999992, -1.2e-05, 0.0, 0.0, 0.0, 1.0],
                [0.97361, 0.228213, 0.001345, 0.124994, 0.228213, -0.97361, 0.000382, -0.002831, 0.001397, -6.4e-05, -0.999999, -1.2e-05, 0.0, 0.0, 0.0, 1.0],
                [0.830476, 0.557046, 0.00294, 0.124994, 0.557041, -0.83048, 0.002718, -0.002831, 0.003955, -0.000619, -0.999992, -1.2e-05, 0.0, 0.0, 0.0, 1.0],
                [0.97361, 0.228213, 0.001345, 0.124994, 0.228213, -0.97361, 0.000382, -0.002831, 0.001397, -6.4e-05, -0.999999, -1.2e-05, 0.0, 0.0, 0.0, 1.0],
                [0.830476, 0.557046, 0.00294, 0.124994, 0.557041, -0.83048, 0.002718, -0.002831, 0.003955, -0.000619, -0.999992, -1.2e-05, 0.0, 0.0, 0.0, 1.0]
            ]
        },
        {
            "name": "Leg_R",
            "time": [0.0, 1.3333],
            "transform": [
                [1.0, 0.0, 0.0, -0.0, -0.0, 1.000001, 0.0, 0.37472, -0.0, -0.0, 0.999999, -0.0, 0.0, 0.0, 0.0, 1.0],
                [1.0, 0.0, 0.0, -0.0, -0.0, 1.000001, 0.0, 0.37472, -0.0, -0.0, 0.999999, 0.0, 0.0, 0.0, 0.0, 1.0]
            ]
        },
        {
            "name": "Knee_R",
            "time": [0.0, 1.3333],
            "transform": [
                [1.0, 0.0, -0.0, -0.0, -0.0, 1e-06, -1.0, 0.37472, -0.0, 1.0, 1e-06, -0.0, 0.0, 0.0, 0.0, 1.0],
                [1.0, 0.0, -0.0, -0.0, -0.0, 1e-06, -1.0, 0.37472, -0.0, 1.0, 1e-06, 0.0, 0.0, 0.0, 0.0, 1.0]
            ]
        },
        {
            "name": "Thigh_L",
            "time": [0.0, 0.3333, 0.6667, 1.0, 1.3333],
            "transform": [
                [0.818119, -0.575036, -0.00384, -0.125006, -0.575042, -0.818123, -0.000796, -0.002831, -0.002684, 0.00286, -0.999992, -1.2e-05, 0.0, 0.0, 0.0, 1.0],
                [0.960083, -0.27971, -0.001691, -0.125006, -0.279711, -0.960084, -0.000298, -0.002831, -0.00154, 0.000759, -0.999998, -1.2e-05, 0.0, 0.0, 0.0, 1.0],
                [0.818119, -0.575036, -0.00384, -0.125006, -0.575042, -0.818123, -0.000796, -0.002831, -0.002684, 0.00286, -0.999992, -1.2e-05, 0.0, 0.0, 0.0, 1.0],
                [0.960083, -0.27971, -0.001691, -0.125006, -0.279711, -0.960084, -0.000298, -0.002831, -0.00154, 0.000759, -0.999998, -1.2e-05, 0.0, 0.0, 0.0, 1.0],
                [0.818119, -0.575036, -0.00384, -0.125006, -0.575042, -0.818123, -0.000796, -0.002831, -0.002684, 0.00286, -0.999992, -1.2e-05, 0.0, 0.0, 0.0, 1.0]
            ]
        },
        {
            "name": "Leg_L",
            "time": [0.0, 1.3333],
            "transform": [
                [1.0, 0.0, 0.0, 0.0, -0.0, 1.0, 0.0, 0.37472, -0.0, -0.0, 1.0, -0.0, 0.0, 0.0, 0.0, 1.0],
                [1.0, 0.0, 0.0, -0.0, -0.0, 1.0, 0.0, 0.37472, -0.0, -0.0, 1.0, 0.0, 0.0, 0.0, 0.0, 1.0]
            ]
        },
        {
            "name": "Knee_L",
            "time": [0.0, 1.3333],
            "transform": [
                [1.0, 0.0, -0.0, 0.0, -0.0, 1e-06, -1.0, 0.37472, -0.0, 1.0, 1e-06, -0.0, 0.0, 0.0, 0.0, 1.0],
                [1.0, 0.0, -0.0, -0.0, -0.0, 1e-06, -1.0, 0.37472, -0.0, 1.0, 1e-06, 0.0, 0.0, 0.0, 0.0, 1.0]
            ]
        },
        {
            "name": "Torso",
            "time": [0.0, 1.3333],
            "transform": [
                [1.0, -0.0, -0.0, -0.0, -0.0, 1.0, -0.0, 0.05, 0.0, -0.0, 1.0, 0.0, 0.0, 0.0, 0.0, 1.0],
                [1.0, 0.0, -0.0, -0.0, 0.0, 1.0, 0.0, 0.05, -0.0, -0.0, 1.0, 0.0, 0.0, 0.0, 0.0, 1.0]
            ]
        },
        {
            "name": "Chest",
            "time": [0.0, 1.3333],
            "transform": [
                [1.0, 0.0, -0.0, -0.0, -0.0, 1.0, -0.0, 0.3, 0.0, 0.0, 1.0, 0.0, 0.0, 0.0, 0.0, 1.0],
                [1.0, 0.0, -0.0, 0.0, 0.0, 1.0, 0.0, 0.3, -0.0, -0.0, 1.0, 0.0, 0.0, 0.0, 0.0, 1.0]
            ]
        },
        {
            "name": "Head",
            "time": [0.0, 1.3333],
            "transform": [
                [1.0, 0.0, -0.0, 0.0, -0.0, 1.0, 0.0, 0.4, 0.0, -0.0, 1.0, 0.0, 0.0, 0.0, 0.0, 1.0],
                [1.0, 0.0, -0.0, 0.0, 0.0, 1.0, 0.0, 0.4, -0.0, -0.0, 1.0, 0.0, 0.0, 0.0, 0.0, 1.0]
            ]
        },
        {
            "name": "Ear_R",
            "time": [0.0, 1.3333],
            "transform": [
                [-0.005481, 0.977269, -0.211932, 0.297934, -0.003678, 0.211913, 0.977282, 0.338728, 0.999979, 0.006136, 0.002433, 0.0, 0.0, 0.0, 0.0, 1.0],
                [-0.005481, 0.977269, -0.211932, 0.297934, -0.003678, 0.211914, 0.977282, 0.338728, 0.999979, 0.006136, 0.002433, 0.0, 0.0, 0.0, 0.0, 1.0]
            ]
        },
        {
            "name": "Ear_L",
            "time": [0.0, 1.3333],
            "transform": [
                [-0.005519, -0.961529, 0.274646, -0.295693, 0.004175, 0.274626, 0.961542, 0.331459, -0.999975, 0.006453, 0.002498, 0.0, 0.0, 0.0, 0.0, 1.0],
                [-0.005519, -0.961529, 0.274647, -0.295693, 0.004175, 0.274626, 0.961542, 0.331459, -0.999975, 0.006453, 0.002498, 0.0, 0.0, 0.0, 0.0, 1.0]
            ]
        },
        {
            "name": "Shoulder_R",
            "time": [0.0, 1.3333],
            "transform": [
                [0.093479, 0.952114, 0.291102, 0.0, 0.291102, -0.305743, 0.906521, 0.4, 0.952114, 0.0, -0.305743, 0.0, 0.0, 0.0, 0.0, 1.0],
                [0.093479, 0.952114, 0.291102, 0.0, 0.291102, -0.305743, 0.906521, 0.4, 0.952114, 0.0, -0.305743, 0.0, 0.0, 0.0, 0.0, 1.0]
            ]
        },
        {
            "name": "Arm_R",
            "time": [0.0, 0.3333, 0.6667, 1.0, 1.3333],
            "transform": [
                [0.165085, 0.263839, -0.950334, -0.0, -0.872217, 0.488865, -0.015793, 0.39386, 0.460419, 0.831505, 0.310829, 0.0, 0.0, 0.0, 0.0, 1.0],
                [0.623407, -0.230079, -0.74728, 0.0, -0.687447, 0.294069, -0.664033, 0.39386, 0.372532, 0.927678, 0.025158, -0.0, 0.0, 0.0, 0.0, 1.0],
                [0.165085, 0.263839, -0.950334, -0.0, -0.872217, 0.488865, -0.015793, 0.39386, 0.460419, 0.831505, 0.310829, 0.0, 0.0, 0.0, 0.0, 1.0],
                [-0.31487, 0.777409, -0.544512, -0.0, -0.647819, 0.243258, 0.721912, 0.39386, 0.693677, 0.580054, 0.427025, 0.0, 0.0, 0.0, 0.0, 1.0],
                [0.165085, 0.263839, -0.950335, -0.0, -0.872217, 0.488865, -0.015793, 0.39386, 0.460419, 0.831505, 0.310829, 0.0, 0.0, 0.0, 0.0, 1.0]
            ]
        },
        {
            "name": "Hand_R",
            "time": [0.0, 1.3333],
            "transform": [
                [1.0, -0.0, 0.0, -0.0, -0.0, 0.993937, 0.109947, 0.3, -0.0, -0.109947, 0.993937, -0.0, 0.0, 0.0, 0.0, 1.0],
                [1.0, -0.0, 0.0, -0.0, -0.0, 0.993937, 0.109947, 0.3, -0.0, -0.109947, 0.993937, -0.0, 0.0, 0.0, 0.0, 1.0]
            ]
        },
        {
            "name": "Tool_R",
            "time": [0.0, 1.3333],