{
    "animation": [
        {
            "name": "Root",
            "time": [0.0, 0.25, 0.35, 0.6333, 1.0, 1.1667],
            "transform": [
                [0.854689, 0.0, -0.51914, -5e-06, -0.51914, 0.0, -0.854689, 0.000946, 0.0, 1.0, 0.0, 0.755725, 0.0, 0.0, 0.0, 1.0],
                [0.854689, 0.0, -0.51914, -5e-06, -0.51914, 0.0, -0.854689, 0.000946, 0.0, 1.0, 0.0, 0.755725, 0.0, 0.0, 0.0, 1.0],
                [0.849667, -0.108254, -0.516089, -5e-06, -0.51914, 0.0, -0.854689, 0.000946, 0.092523, 0.994123, -0.056199, 0.751265, 0.0, 0.0, 0.0, 1.0],
                [0.848917, -0.116022, -0.515634, -5e-06, -0.51914, 0.0, -0.854689, 0.000946, 0.099163, 0.993247, -0.060232, 0.750943, 0.0, 0.0, 0.0, 1.0],
                [0.848917, -0.116022, -0.515634, -5e-06, -0.51914, 0.0, -0.854689, 0.000946, 0.099163, 0.993247, -0.060232, 0.750943, 0.0, 0.0, 0.0, 1.0],
                [0.854689, 0.0, -0.51914, -5e-06, -0.51914, 0.0, -0.854689, 0.000946, 0.0, 1.0, 0.0, 0.755725, 0.0, 0.0, 0.0, 1.0]
            ]
        },
        {
            "name": "Thigh_R",
            "time": [0.0, 0.25, 0.35, 0.6333, 1.0, 1.1667],
            "transform": [
                [0.993012, 0.090809, -0.075369, 0.124994, 0.097418, -0.991236, 0.089212, -0.002831, -0.066608, -0.095931, -0.993157, -1.2e-05, 0.0, 0.0, 0.0, 1.0],
                [0.993012, 0.090809, -0.075369, 0.124994, 0.097418, -0.991236, 0.089212, -0.002831, -0.066608, -0.095931, -0.993157, -1.2e-05, 0.0, 0.0, 0.0, 1.0],
                [0.999672, 0.006511, -0.024779, 0.124994, 0.004487, -0.996712, -0.080895, -0.002831, -0.025224, 0.080757, -0.996415, -1.2e-05, 0.0, 0.0, 0.0, 1.0],
                [0.999756, -0.000118, -0.022079, 0.124994, -0.001988, -0.996403, -0.08471, -0.002831, -0.02199, 0.084734, -0.996161, -1.2e-05, 0.0, 0.0, 0.0, 1.0],
                [0.999756, -0.000118, -0.022079, 0.124994, -0.001988, -0.996403, -0.08471, -0.002831, -0.02199, 0.084734, -0.996161, -1.2e-05, 0.0, 0.0, 0.0, 1.0],
                [0.993012, 0.090809, -0.075369, 0.124994, 0.097418, -0.991236, 0.089212, -0.002831, -0.066608, -0.095931, -0.993157, -1.2e-05, 0.0, 0.0, 0.0, 1.0]
            ]
        },
        {
            "name": "Leg_R",
            "time": [0.0, 0.25, 0.35, 0.6333, 1.0, 1.1667],
            "transform": [
                [1.0, -0.0, 0.0, 0.0, 0.0, 0.968298, 0.249802, 0.37472, -0.0, -0.249802, 0.968296, 0.0, 0.0, 0.0, 0.0, 1.0],
                [1.0, -0.0, 0.0, 0.0, 0.0, 0.968298, 0.249802, 0.37472, -0.0, -0.249802, 0.968296, 0.0, 0.0, 0.0, 0.0, 1.0],
                [1.0, -0.0, 2e-06, -0.0, 0.0, 0.999957, 0.009354, 0.37472, -2e-06, -0.009354, 0.999956, -0.0, 0.0, 0.0, 0.0, 1.0],
                [1.0, -0.0, 2e-06, 0.0, 0.0, 0.999957, 0.009348, 0.37472, -2e-06, -0.009348, 0.999956, 0.0, 0.0, 0.0, 0.0, 1.0],
                [1.0, -0.0, 2e-06, 0.0, 0.0, 0.999957, 0.009348, 0.37472, -2e-06, -0.009348, 0.999956, 0.0, 0.0, 0.0, 0.0, 1.0],
                [1.0, -0.0, 0.0, 0.0, 0.0, 0.968298, 0.249802, 0.37472, -0.0, -0.249802, 0.968296, 0.0, 0.0, 0.0, 0.0, 1.0]
            ]
        },
        {
            "name": "Knee_R",
            "time": [0.0, 1.1667],
            "transform": [
                [1.0, 0.0, -0.0, 0.0, -0.0, 1e-06, -1.0, 0.37472, -0.0, 1.0, 1e-06, 0.0, 0.0, 0.0, 0.0, 1.0],
                [1.0, 0.0, -0.0, 0.0, -0.0, 1e-06, -1.0, 0.37472, -0.0, 1.0, 1e-06, 0.0, 0.0, 0.0, 0.0, 1.0]
            ]
        },
        {
            "name": "Thigh_L",
            "time": [0.0, 0.25, 0.35, 0.6333, 1.0, 1.1667],
            "transform": [
                [0.866497, -0.13565, -0.480398, -0.125006, -0.027169, -0.973759, 0.225955, -0.002831, -0.498442, -0.182737, -0.847445, -1.2e-05, 0.0, 0.0, 0.0, 1.0],
                [0.866497, -0.13565, -0.480398, -0.125006, -0.027169, -0.973759, 0.225955, -0.002831, -0.498442, -0.182737, -0.847445, -1.2e-05, 0.0, 0.0, 0.0, 1.0],
                [0.875776, -0.273431, -0.397809, -0.125006, -0.140822, -0.932974, 0.331253, -0.002831, -0.46172, -0.234083, -0.855581, -1.2e-05, 0.0, 0.0, 0.0, 1.0],
                [0.875971, -0.281824, -0.391472, -0.125006, -0.149017, -0.92998, 0.336053, -0.002831, -0.458769, -0.236036, -0.856632, -1.2e-05, 0.0, 0.0, 0.0, 1.0],
                [0.875971, -0.281824, -0.391472, -0.125006, -0.149017, -0.92998, 0.336053, -0.002831, -0.458769, -0.236036, -0.856632, -1.2e-05, 0.0, 0.0, 0.0, 1.0],
                [0.866497, -0.13565, -0.480398, -0.125006, -0.027169, -0.973759, 0.225955, -0.002831, -0.498442, -0.182737, -0.847445, -1.2e-05, 0.0, 0.0, 0.0, 1.0]
            ]
        },
        {
            "name": "Leg_L",
            "time": [0.0, 0.25, 0.35, 0.6333, 1.0, 1.1667],
            "transform": [
                [1.0, -0.0, 0.0, -0.0, 0.0, 0.970944, 0.239306, 0.37472, -0.0, -0.239306, 0.970945, -0.0, 0.0, 0.0, 0.0, 1.0],
                [1.0, -0.0, 0.0, -0.0, 0.0, 0.970944, 0.239306, 0.37472, -0.0, -0.239306, 0.970945, -0.0, 0.0, 0.0, 0.0, 1.0],
                [1.0, -0.0, 1e-06, 0.0, 0.0, 0.88768, 0.460461, 0.37472, -1e-06, -0.46046, 0.887681, 0.0, 0.0, 0.0, 0.0, 1.0],
                [1.0, -0.0, 1e-06, 0.0, 0.0, 0.881789, 0.471644, 0.37472, -1e-06, -0.471644, 0.881789, 0.0, 0.0, 0.0, 0.0, 1.0],
                [1.0, -0.0, 1e-06, 0.0, 0.0, 0.881789, 0.471644, 0.37472, -1e-06, -0.471644, 0.881789, 0.0, 0.0, 0.0, 0.0, 1.0],
                [1.0, -0.0, 0.0, -0.0, 0.0, 0.970944, 0.239306, 0.37472, -0.0, -0.239306, 0.970945, -0.0, 0.0, 0.0, 0.0, 1.0]
            ]
        },
        {
            "name": "Knee_L",
            "time": [0.0, 1.1667],
            "transform": [
                [1.0, 0.0, -0.0, -0.0, -0.0, 1e-06, -1.0, 0.37472, -0.0, 1.0, 1e-06, -0.0, 0.0, 0.0, 0.0, 1.0],
                [1.0, 0.0, -0.0, -0.0, -0.0, 1e-06, -1.0, 0.37472, -0.0, 1.0, 1e-06, -0.0, 0.0, 0.0, 0.0, 1.0]
            ]
        },
        {
            "name": "Torso",
            "time": [0.0, 0.25, 0.35, 0.6333, 1.0, 1.1667],
            "transform": [
                [0.999999, -0.001436, 0.000287, -0.0, 0.001426, 0.999528, 0.030697, 0.05, -0.000331, -0.030696, 0.999529, 0.0, 0.0, 0.0, 0.0, 1.0],
                [0.999999, 0.001421, 0.000377, -0.0, -0.001432, 0.999473, 0.032434, 0.05, -0.000331, -0.032434, 0.999474, 0.0, 0.0, 0.0, 0.0, 1.0],
                [0.999811, -0.019465, -0.000168, -0.0, 0.019465, 0.999615, 0.019748, 0.05, -0.000216, -0.019748, 0.999805, 0.0, 0.0, 0.0, 0.0, 1.0],
                [0.99978, -0.020971, -0.000197, -0.0, 0.020971, 0.999603, 0.01883, 0.05, -0.000198, -0.01883, 0.999823, -0.0, 0.0, 0.0, 0.0, 1.0],
                [0.99978, -0.020971, -0.000197, -0.0, 0.020971, 0.999603, 0.01883, 0.05, -0.000198, -0.01883, 0.999823, -0.0, 0.0, 0.0, 0.0, 1.0],
                [0.999999, -0.001436, 0.000287, -0.0, 0.001426, 0.999528, 0.030697, 0.05, -0.000331, -0.030696, 0.999529, 0.0, 0.0, 0.0, 0.0, 1.0]
            ]
        },
        {
            "name": "Chest",
            "time": [0.0, 0.25, 0.35, 0.6333, 1.0, 1.1667],
            "transform": [
                [0.995009, 0.099578, 0.006467, -0.0, -0.099788, 0.992918, 0.064476, 0.3, -1e-06, -0.0648, 0.997898, -0.0, 0.0, 0.0, 0.0, 1.0],
                [0.993083, 0.117151, 0.0079, 0.0, -0.117416, 0.990541, 0.071001, 0.3, 0.000492, -0.071438, 0.997445, -0.0, 0.0, 0.0, 0.0, 1.0],
                [0.999028, -0.044055, -0.001339, -0.0, 0.044059, 0.999023, 0.003257, 0.3, 0.001194, -0.003312, 0.999994, 0.0, 0.0, 0.0, 0.0, 1.0],
                [0.998447, -0.055689, -0.001575, 0.0, 0.055687, 0.998447, -0.001626, 0.3, 0.001664, 0.001536, 0.999997, 0.0, 0.0, 0.0, 0.0, 1.0],
                [0.998447, -0.055689, -0.001575, 0.0, 0.055687, 0.998447, -0.001626, 0.3, 0.001664, 0.001536, 0.999997, 0.0, 0.0, 0.0, 0.0, 1.0],
                [0.995009, 0.099578, 0.006467, -0.0, -0.099788, 0.992918, 0.064476, 0.3, -1e-06, -0.0648, 0.997898, -0.0, 0.0, 0.0, 0.0, 1.0]
            ]
        },
        {
            "name": "Head",
            "time": [0.0, 0.25, 0.35, 0.6333, 1.0, 1.1667],