{
    "animation": [
        {
            "name": "Root",
            "time": [0.0, 0.1333, 0.25, 0.3333, 0.4167, 0.5, 0.5833, 1.1667],
            "transform": [
                [1.0, 0.0, 0.0, -5e-06, 0.0, 0.0, -1.0, -0.486282, 0.0, 1.0, 0.0, 0.555806, 0.0, 0.0, 0.0, 1.0],
                [1.0, 0.0, 0.0, -5e-06, 0.0, 0.0, -1.0, -0.826516, 0.0, 1.0, 0.0, 0.291141, 0.0, 0.0, 0.0, 1.0],
                [1.0, 0.0, 0.0, -5e-06, 0.0, -0.998726, -0.050455, -1.039151, 0.0, 0.050455, -0.998726, 0.164617, 0.0, 0.0, 0.0, 1.0],
                [1.0, 0.0, 0.0, -5e-06, 0.0, -0.998726, -0.050455, -1.039151, 0.0, 0.050455, -0.998726, 0.113936, 0.0, 0.0, 0.0, 1.0],
                [1.0, 0.0, 0.0, -5e-06, 0.0, -0.998726, -0.050455, -1.039151, 0.0, 0.050455, -0.998726, 0.130391, 0.0, 0.0, 0.0, 1.0],
                [1.0, 0.0, 0.0, -5e-06, 0.0, -0.998726, -0.050455, -1.039151, 0.0, 0.050455, -0.998726, 0.113936, 0.0, 0.0, 0.0, 1.0],
                [1.0, 0.0, 0.0, -5e-06, 0.0, -0.998726, -0.050455, -1.039151, 0.0, 0.050455, -0.998726, 0.113936, 0.0, 0.0, 0.0, 1.0],
                [1.0, 0.0, 0.0, -5e-06, 0.0, -0.998726, -0.050455, -1.039151, 0.0, 0.050455, -0.998726, 0.113936, 0.0, 0.0, 0.0, 1.0]
            ]
        },
        {
            "name": "Thigh_R",
            "time": [0.0, 0.1333, 0.25, 0.5833, 1.1667],
            "transform": [
                [1.0, -3.5e-05, 5.8e-05, 0.124994, -6.7e-05, -0.563973, 0.825793, -0.002831, 4e-06, -0.825792, -0.563974, -1.2e-05, 0.0, 0.0, 0.0, 1.0],
                [1.0, -4.4e-05, 7.5e-05, 0.124994, -8.5e-05, -0.349944, 0.93677, -0.002831, -1.5e-05, -0.93677, -0.349945, -1.2e-05, 0.0, 0.0, 0.0, 1.0],
                [0.99956, 0.029643, -0.000719, 0.124994, 0.02961, -0.999139, -0.029047, -0.002831, -0.00158, 0.029014, -0.999578, -1.2e-05, 0.0, 0.0, 0.0, 1.0],
                [0.996956, 0.071181, 0.03181, 0.124994, 0.070023, -0.996889, 0.036151, -0.002831, 0.034284, -0.033813, -0.99884, -1.2e-05, 0.0, 0.0, 0.0, 1.0],
                [0.996956, 0.071181, 0.03181, 0.124994, 0.070023, -0.996889, 0.036151, -0.002831, 0.034284, -0.033813, -0.99884, -1.2e-05, 0.0, 0.0, 0.0, 1.0]
            ]
        },
        {
            "name": "Leg_R",
            "time": [0.0, 0.1333, 0.5833, 1.1667],
            "transform": [
                [1.0, -0.0, 1e-06, 0.0, -0.0, 0.888202, 0.459455, 0.37472, -1e-06, -0.459455, 0.8882, -0.0, 0.0, 0.0, 0.0, 1.0],
                [1.0, -0.0, 1e-06, 0.0, 0.0, 0.999949, 0.010137, 0.37472, -1e-06, -0.010137, 0.999948, -0.0, 0.0, 0.0, 0.0, 1.0],
                [1.0, 0.0, 0.0, -0.0, -0.0, 0.999999, 0.001692, 0.37472, -0.0, -0.001692, 0.999998, 0.0, 0.0, 0.0, 0.0, 1.0],
                [1.0, 0.0, 0.0, -0.0, -0.0, 0.999999, 0.001692, 0.37472, -0.0, -0.001692, 0.999998, 0.0, 0.0, 0.0, 0.0, 1.0]
            ]
        },
        {
            "name": "Knee_R",
            "time": [0.0, 1.1667],
            "transform": [
                [1.0, 0.0, -0.0, 0.0, -0.0, 1e-06, -1.0, 0.434418, -0.0, 1.0, 1e-06, 0.002042, 0.0, 0.0, 0.0, 1.0],
                [1.0, 0.0, -0.0, -0.0, -0.0, 1e-06, -1.0, 0.434418, -0.0, 1.0, 1e-06, 0.002043, 0.0, 0.0, 0.0, 1.0]
            ]
        },
        {
            "name": "Thigh_L",
            "time": [0.0, 0.1333, 0.25, 0.3333, 0.4167, 0.5833, 1.1667],
            "transform": [
                [1.0, -3.5e-05, 5.8e-05, -0.125006, -6.7e-05, -0.563974, 0.825792, -0.002831, 4e-06, -0.825792, -0.563974, -1.2e-05, 0.0, 0.0, 0.0, 1.0],
                [1.0, -4.6e-05, 8.6e-05, -0.125006, -9.4e-05, -0.26962, 0.962966, -0.002831, -2.1e-05, -0.962967, -0.269621, -1.2e-05, 0.0, 0.0, 0.0, 1.0],
                [0.99854, -0.006445, 0.053635, -0.125006, -0.004728, -0.999474, -0.032065, -0.002831, 0.053813, 0.031765, -0.998045, -1.2e-05, 0.0, 0.0, 0.0, 1.0],
                [0.999683, -0.020072, -0.015178, -0.125006, -0.01755, -0.988355, 0.151147, -0.002831, -0.018035, -0.150832, -0.988395, -1.2e-05, 0.0, 0.0, 0.0, 1.0],
                [0.998997, -0.034079, -0.029052, -0.125006, -0.03355, -0.999266, 0.018504, -0.002831, -0.029661, -0.017511, -0.999406, -1.2e-05, 0.0, 0.0, 0.0, 1.0],
                [0.998898, -0.045632, -0.01097, -0.125006, -0.045242, -0.998414, 0.033489, -0.002831, -0.012481, -0.032955, -0.999379, -1.2e-05, 0.0, 0.0, 0.0, 1.0],
                [0.998898, -0.045632, -0.01097, -0.125006, -0.045242, -0.998414, 0.033489, -0.002831, -0.012481, -0.032955, -0.999379, -1.2e-05, 0.0, 0.0, 0.0, 1.0]
            ]
        },
        {
            "name": "Leg_L",
            "time": [0.0, 0.1333, 0.25, 0.3333, 0.4167, 1.1667],
            "transform": [
                [1.0, -0.0, 1e-06, -0.0, -0.0, 0.888201, 0.459455, 0.37472, -1e-06, -0.459455, 0.888201, -0.0, 0.0, 0.0, 0.0, 1.0],
                [1.0, -0.0, 1e-06, 0.0, 0.0, 0.999955, 0.009456, 0.37472, -1e-06, -0.009456, 0.999956, 0.0, 0.0, 0.0, 0.0, 1.0],
                [1.0, -0.0, 0.0, -0.0, 0.0, 1.0, 0.0, 0.37472, -0.0, -0.0, 1.0, -0.0, 0.0, 0.0, 0.0, 1.0],
                [1.0, -0.0, 0.0, 0.0, 0.0, 0.974422, 0.224725, 0.37472, -0.0, -0.224725, 0.974423, 0.0, 0.0, 0.0, 0.0, 1.0],
                [1.0, -0.0, 0.0, -0.0, 0.0, 1.0, 0.0, 0.37472, -0.0, -0.0, 1.0, 0.0, 0.0, 0.0, 0.0, 1.0],
                [1.0, -0.0, 0.0, 0.0, 0.0, 1.0, 0.0, 0.37472, -0.0, -0.0, 1.0, 0.0, 0.0, 0.0, 0.0, 1.0]
            ]
        },
        {
            "name": "Knee_L",
            "time": [0.0, 1.1667],
            "transform": [
                [1.0, 0.0, -0.0, -0.0, -0.0, 1e-06, -1.0, 0.37472, -0.0, 1.0, 1e-06, -0.0, 0.0, 0.0, 0.0, 1.0],
                [1.0, 0.0, -0.0, 0.0, -0.0, 1e-06, -1.0, 0.37472, -0.0, 1.0, 1e-06, 0.0, 0.0, 0.0, 0.0, 1.0]
            ]
        },
        {
            "name": "Torso",
            "time": [0.0, 0.1333, 0.25, 0.3333, 0.4167, 0.5, 1.1667],
            "transform": [
                [1.0, 0.0, 0.0, 0.0, 0.0, 0.961727, 0.27401, 0.05, 0.0, -0.27401, 0.961727, 0.0, 0.0, 0.0, 0.0, 1.0],
                [1.0, 0.0, 0.0, 0.0, 0.0, 0.915825, -0.401577, 0.05, 0.0, 0.401577, 0.915825, 0.0, 0.0, 0.0, 0.0, 1.0],
                [1.0, -0.0, -0.0, 0.0, 0.0, 0.997484, 0.070886, 0.05, 0.0, -0.070886, 0.997484, -0.0, 0.0, 0.0, 0.0, 1.0],
                [1.0, -0.0, -0.0, 0.0, -0.0, 0.999222, -0.039439, 0.05, 0.0, 0.039439, 0.999222, 0.0, 0.0, 0.0, 0.0, 1.0],
                [1.0, 0.0, 0.0, 0.0, -0.0, 0.996903, 0.078636, 0.05, -0.0, -0.078636, 0.996903, -0.0, 0.0, 0.0, 0.0, 1.0],
                [1.0, -0.0, -0.0, 0.0, -0.0, 0.999222, -0.039439, 0.05, 0.0, 0.039439, 0.999222, 0.0, 0.0, 0.0, 0.0, 1.0],
                [1.0, -0.0, -0.0, 0.0, -0.0, 0.999222, -0.039439, 0.05, 0.0, 0.039439, 0.999222, 0.0, 0.0, 0.0, 0.0, 1.0]
            ]
        },
        {
            "name": "Chest",
            "time": [0.0, 0.1333, 0.3333, 0.5, 1.1667],
            "transform": [
                [1.0, 0.0, 0.0, 0.0, 0.0, 0.994261, 0.106981, 0.3, 0.0, -0.106981, 0.994261, 0.0, 0.0, 0.0, 0.0, 1.0],
                [1.0, 0.0, 0.0, -0.0, 0.0, 0.815559, 0.578674, 0.3, 0.0, -0.578674, 0.815559, -0.0, 0.0, 0.0, 0.0, 1.0],
                [1.0, 0.0, 0.0, -0.0, -0.0, 0.999912, 0.013287, 0.3, -0.0, -0.013287, 0.999912, -0.0, 0.0, 0.0, 0.0, 1.0],
                [1.0, -0.0, 0.0, -0.0, -0.0, 0.999912, 0.013296, 0.3, -0.0, -0.013296, 0.999912, -0.0, 0.0, 0.0, 0.0, 1.0],
                [1.0, -0.0, 0.0, -0.0, -0.0, 0.999912, 0.013296, 0.3, -0.0, -0.013296, 0.999912, -0.0, 0.0, 0.0, 0.0, 1.0]
            ]
        },
        {
            "name": "Head",
            "time": [0.0, 0.1333, 0.25, 0.3333, 0.4167, 0.5, 0.5833, 1.1667],