{
    "animation": [
        {
            "name": "Root",
            "time": [0.0, 0.1, 0.2, 0.4, 0.5, 0.6, 0.8],
            "transform": [
                [1.0, 0.0, 0.0, -5e-06, 0.0, 0.0, -1.0, 0.000946, 0.0, 1.0, 0.0, 0.729808, 0.0, 0.0, 0.0, 1.0],
                [1.0, 0.0, 0.0, -5e-06, 0.0, 0.0, -1.0, 0.000946, 0.0, 1.0, 0.0, 0.747378, 0.0, 0.0, 0.0, 1.0],
                [1.0, 0.0, 0.0, -5e-06, 0.0, 0.0, -1.0, 0.000946, 0.0, 1.0, 0.0, 0.764948, 0.0, 0.0, 0.0, 1.0],
                [1.0, 0.0, 0.0, -5e-06, 0.0, 0.0, -1.0, 0.000946, 0.0, 1.0, 0.0, 0.729808, 0.0, 0.0, 0.0, 1.0],
                [1.0, 0.0, 0.0, -5e-06, 0.0, 0.0, -1.0, 0.000946, 0.0, 1.0, 0.0, 0.747378, 0.0, 0.0, 0.0, 1.0],
                [1.0, 0.0, 0.0, -5e-06, 0.0, 0.0, -1.0, 0.000946, 0.0, 1.0, 0.0, 0.764948, 0.0, 0.0, 0.0, 1.0],
                [1.0, 0.0, 0.0, -5e-06, 0.0, 0.0, -1.0, 0.000946, 0.0, 1.0, 0.0, 0.729808, 0.0, 0.0, 0.0, 1.0]
            ]
        },
        {
            "name": "Thigh_R",
            "time": [0.0, 0.1, 0.2, 0.4, 0.5, 0.6, 0.8],
            "transform": [
                [1.0, -0.0, -0.0, 0.124994, 0.0, -0.906307, 0.422619, -0.002831, -0.0, -0.422618, -0.906308, -1.2e-05, 0.0, 0.0, 0.0, 1.0],
                [1.0, -0.0, -0.0, 0.124994, 0.0, -0.955517, 0.294934, -0.002831, -0.0, -0.294933, -0.955518, -1.2e-05, 0.0, 0.0, 0.0, 1.0],
                [1.0, -0.0, -0.0, 0.124994, 0.0, -0.999047, 0.04362, -0.002831, -0.0, -0.04362, -0.999048, -1.2e-05, 0.0, 0.0, 0.0, 1.0],
                [1.0, -0.0, -0.0, 0.124994, 0.0, -0.939692, -0.34202, -0.002831, -0.0, 0.34202, -0.939693, -1.2e-05, 0.0, 0.0, 0.0, 1.0],
                [1.0, -0.0, -0.0, 0.124994, 0.0, -0.999999, -0.00116, -0.002831, -0.0, 0.001161, -0.999999, -1.2e-05, 0.0, 0.0, 0.0, 1.0],
                [1.0, -0.0, -0.0, 0.124994, 0.0, -0.923878, 0.382684, -0.002831, -0.0, -0.382683, -0.923879, -1.2e-05, 0.0, 0.0, 0.0, 1.0],
                [1.0, -0.0, -0.0, 0.124994, 0.0, -0.906307, 0.422619, -0.002831, -0.0, -0.422618, -0.906308, -1.2e-05, 0.0, 0.0, 0.0, 1.0]
            ]
        },
        {
            "name": "Leg_R",
            "time": [0.0, 0.1, 0.2, 0.4, 0.5, 0.6, 0.8],
            "transform": [
                [1.0, 0.0, 0.0, 0.0, -1e-06, 0.906308, 0.422618, 0.37472, -0.0, -0.422619, 0.906307, 0.0, 0.0, 0.0, 0.0, 1.0],
                [1.0, 0.0, 0.0, 0.0, -1e-06, 0.965926, 0.258819, 0.37472, -0.0, -0.258819, 0.965925, 0.0, 0.0, 0.0, 0.0, 1.0],
                [1.0, 0.0, 0.0, 0.0, -0.0, 0.996195, 0.087156, 0.37472, -0.0, -0.087156, 0.996194, 0.0, 0.0, 0.0, 0.0, 1.0],
                [1.0, 0.0, 0.0, 0.0, -0.0, 0.996195, 0.087156, 0.37472, -0.0, -0.087156, 0.996194, 0.0, 0.0, 0.0, 0.0, 1.0],
                [1.0, 0.0, 0.0, 0.0, -1e-06, 0.906308, 0.422618, 0.37472, -0.0, -0.422619, 0.906307, 0.0, 0.0, 0.0, 0.0, 1.0],
                [1.0, 0.0, 1e-06, 0.0, -1e-06, 0.707107, 0.707106, 0.37472, -0.0, -0.707107, 0.707106, -0.0, 0.0, 0.0, 0.0, 1.0],
                [1.0, 0.0, 0.0, 0.0, -1e-06, 0.906308, 0.422618, 0.37472, -0.0, -0.422619, 0.906307, 0.0, 0.0, 0.0, 0.0, 1.0]
            ]
        },
        {
            "name": "Knee_R",
            "time": [0.0, 0.8],
            "transform": [
                [1.0, 0.0, -0.0, 0.0, -0.0, 1e-06, -1.0, 0.37472, -0.0, 1.0, 1e-06, 0.0, 0.0, 0.0, 0.0, 1.0],
                [1.0, 0.0, -0.0, 0.0, -0.0, 1e-06, -1.0, 0.37472, -0.0, 1.0, 1e-06, 0.0, 0.0, 0.0, 0.0, 1.0]
            ]
        },
        {
            "name": "Thigh_L",
            "time": [0.0, 0.1, 0.2, 0.4, 0.5, 0.6, 0.8],
            "transform": [
                [1.0, -0.0, -0.0, -0.125006, 0.0, -0.939693, -0.342019, -0.002831, -0.0, 0.34202, -0.939692, -1.2e-05, 0.0, 0.0, 0.0, 1.0],
                [1.0, -0.0, -0.0, -0.125006, 0.0, -0.999999, -0.00116, -0.002831, -0.0, 0.001161, -0.999999, -1.2e-05, 0.0, 0.0, 0.0, 1.0],
                [1.0, -0.0, -0.0, -0.125006, 0.0, -0.923879, 0.382684, -0.002831, -0.0, -0.382684, -0.923879, -1.2e-05, 0.0, 0.0, 0.0, 1.0],
                [1.0, -0.0, -0.0, -0.125006, 0.0, -0.906307, 0.422619, -0.002831, -0.0, -0.422618, -0.906308, -1.2e-05, 0.0, 0.0, 0.0, 1.0],
                [1.0, -0.0, -0.0, -0.125006, 0.0, -0.955638, 0.294542, -0.002831, -0.0, -0.294541, -0.955639, -1.2e-05, 0.0, 0.0, 0.0, 1.0],
                [1.0, -0.0, -0.0, -0.125006, 0.0, -0.999048, 0.04362, -0.002831, -0.0, -0.04362, -0.999048, -1.2e-05, 0.0, 0.0, 0.0, 1.0],
                [1.0, -0.0, -0.0, -0.125006, 0.0, -0.939693, -0.342019, -0.002831, -0.0, 0.34202, -0.939692, -1.2e-05, 0.0, 0.0, 0.0, 1.0]
            ]
        },
        {
            "name": "Leg_L",
            "time": [0.0, 0.1, 0.2, 0.4, 0.5, 0.6, 0.8],
            "transform": [
                [1.0, 0.0, 0.0, -0.0, -0.0, 0.996194, 0.087156, 0.37472, -0.0, -0.087156, 0.996195, 0.0, 0.0, 0.0, 0.0, 1.0],
                [1.0, 0.0, 0.0, -0.0, -1e-06, 0.866447, 0.499268, 0.37472, -0.0, -0.499268, 0.866448, 0.0, 0.0, 0.0, 0.0, 1.0],
                [1.0, 0.0, 1e-06, -0.0, -1e-06, 0.573576, 0.819152, 0.37472, -0.0, -0.819152, 0.573577, 0.0, 0.0, 0.0, 0.0, 1.0],
                [1.0, 0.0, 0.0, 0.0, -1e-06, 0.906307, 0.422619, 0.37472, -0.0, -0.422618, 0.906308, 0.0, 0.0, 0.0, 0.0, 1.0],
                [1.0, 0.0, 0.0, -0.0, -0.0, 0.980075, 0.198626, 0.37472, -0.0, -0.198626, 0.980076, -0.0, 0.0, 0.0, 0.0, 1.0],
                [1.0, 0.0, 0.0, -0.0, -0.0, 0.996194, 0.087156, 0.37472, -0.0, -0.087156, 0.996195, 0.0, 0.0, 0.0, 0.0, 1.0],
                [1.0, 0.0, 0.0, -0.0, -0.0, 0.996194, 0.087156, 0.37472, -0.0, -0.087156, 0.996195, 0.0, 0.0, 0.0, 0.0, 1.0]
            ]
        },
        {
            "name": "Knee_L",
            "time": [0.0, 0.8],
            "transform": [
                [1.0, 0.0, -0.0, -0.0, -0.0, 1e-06, -1.0, 0.37472, -0.0, 1.0, 1e-06, 0.0, 0.0, 0.0, 0.0, 1.0],
                [1.0, 0.0, -0.0, -0.0, -0.0, 1e-06, -1.0, 0.37472, -0.0, 1.0, 1e-06, 0.0, 0.0, 0.0, 0.0, 1.0]
            ]
        },
        {
            "name": "Torso",
            "time": [0.0, 0.1, 0.2, 0.4, 0.5, 0.6, 0.8],
            "transform": [
                [0.994841, 0.100513, 0.013745, 0.0, -0.101448, 0.985668, 0.134785, 0.05, -0.0, -0.135484, 0.99078, 0.0, 0.0, 0.0, 0.0, 1.0],
                [0.99788, 0.064618, 0.007747, 0.0, -0.065071, 0.992623, 0.102302, 0.05, -0.001079, -0.102589, 0.994723, 0.0, 0.0, 0.0, 0.0, 1.0],
                [1.0, 0.0, 0.0, 0.0, 0.0, 0.997578, 0.069554, 0.05, 0.0, -0.069554, 0.997578, 0.0, 0.0, 0.0, 0.0, 1.0],
                [0.995592, -0.092923, -0.012707, 0.0, 0.093788, 0.986412, 0.134887, 0.05, -0.0, -0.135484, 0.99078, 0.0, 0.0, 0.0, 0.0, 1.0],
                [0.998123, -0.060804, -0.00729, 0.0, 0.061231, 0.992864, 0.102334, 0.05, 0.001015, -0.102588, 0.994723, 0.0, 0.0, 0.0, 0.0, 1.0],
                [1.0, 0.0, 0.0, 0.0, 0.0, 0.997578, 0.069554, 0.05, 0.0, -0.069554, 0.997578, 0.0, 0.0, 0.0, 0.0, 1.0],
                [0.994841, 0.100513, 0.013745, 0.0, -0.101448, 0.985668, 0.134785, 0.05, -0.0, -0.135484, 0.99078, 0.0, 0.0, 0.0, 0.0, 1.0]
            ]
        },
        {
            "name": "Chest",
            "time": [0.0, 0.8],
            "transform": [
                [0.998686, 0.021022, -0.046745, 0.0, 0.006049, 0.857298, 0.514784, 0.3, 0.050896, -0.514391, 0.856044, -0.0, 0.0, 0.0, 0.0, 1.0],
                [0.998686, 0.021022, -0.046745, 0.0, 0.006049, 0.857298, 0.514784, 0.3, 0.050896, -0.514391, 0.856044, -0.0, 0.0, 0.0, 0.0, 1.0]
            ]
        },
        {
            "name": "Head",
            "time": [0.0, 0.1, 0.2, 0.4, 0.5, 0.6, 0.8],