{
    "animation": [
        {
            "name": "Root",
            "time": [0.0, 0.2333, 0.3333, 0.4333, 0.5333, 1.0],
            "transform": [
                [0.923116, 0.0, 0.384522, -5e-06, 0.384522, 0.0, -0.923116, 0.125286, 0.0, 1.0, 0.0, 0.75554, 0.0, 0.0, 0.0, 1.0],
                [0.271046, 0.0, 0.962566, -5e-06, 0.962566, 0.0, -0.271046, 0.353418, 0.0, 1.0, 0.0, 0.73657, 0.0, 0.0, 0.0, 1.0],
                [0.946495, 0.0, -0.322719, -5e-06, -0.322719, 0.0, -0.946495, 0.844701, 0.0, 1.0, 0.0, 0.751485, 0.0, 0.0, 0.0, 1.0],
                [0.41904, 0.0, -0.907968, -5e-06, -0.907968, 0.0, -0.41904, 1.168167, 0.0, 1.0, 0.0, 0.759144, 0.0, 0.0, 0.0, 1.0],
                [0.41904, 0.0, -0.907968, -5e-06, -0.907968, 0.0, -0.41904, 1.168167, 0.0, 1.0, 0.0, 0.759144, 0.0, 0.0, 0.0, 1.0],
                [1.0, 0.0, 0.0, -5e-06, 0.0, 0.0, -1.0, 1.392386, 0.0, 1.0, 0.0, 0.771764, 0.0, 0.0, 0.0, 1.0]
            ]
        },
        {
            "name": "Thigh_R",
            "time": [0.0, 0.2333, 0.3333, 0.4333, 0.5333, 1.0],
            "transform": [
                [0.918872, 0.126196, 0.373828, 0.112118, 0.069068, -0.984285, 0.162507, -0.002831, 0.388462, -0.123503, -0.913151, -0.02121, 0.0, 0.0, 0.0, 1.0],
                [0.268962, 0.347329, 0.898344, 0.097062, 0.007035, -0.933395, 0.358777, -0.002831, 0.963125, -0.090177, -0.253492, -0.045997, 0.0, 0.0, 0.0, 1.0],
                [0.944437, 0.009907, -0.328541, 0.115518, 0.003298, -0.999779, -0.020669, -0.002831, -0.328674, 0.018438, -0.944264, -0.015613, 0.0, 0.0, 0.0, 1.0],
                [0.9536, 0.294555, -0.062318, 0.124994, 0.298739, -0.951444, 0.074194, -0.002831, -0.037438, -0.089368, -0.995295, -1.2e-05, 0.0, 0.0, 0.0, 1.0],
                [0.9536, 0.294555, -0.062318, 0.124994, 0.298739, -0.951444, 0.074194, -0.002831, -0.037438, -0.089368, -0.995295, -1.2e-05, 0.0, 0.0, 0.0, 1.0],
                [1.0, -4.5e-05, 2e-05, 0.124994, -4.5e-05, -0.999986, 0.004847, -0.002831, 2e-05, -0.004846, -0.999989, -1.2e-05, 0.0, 0.0, 0.0, 1.0]
            ]
        },
        {
            "name": "Leg_R",
            "time": [0.0, 0.2333, 0.3333, 0.4333, 0.5333, 1.0],
            "transform": [
                [1.0, -0.0, 1e-06, -0.0, 0.0, 0.986682, 0.162662, 0.37472, -1e-06, -0.162662, 0.986682, 0.0, 0.0, 0.0, 0.0, 1.0],
                [1.0, -1e-06, 1e-06, 0.0, 0.0, 0.941517, 0.336967, 0.37472, -1e-06, -0.336967, 0.941517, -0.0, 0.0, 0.0, 0.0, 1.0],
                [1.0, -0.0, 1e-06, -0.0, -0.0, 0.967615, 0.252432, 0.37472, -1e-06, -0.252432, 0.967615, -0.0, 0.0, 0.0, 0.0, 1.0],
                [1.0, 0.0, 1e-06, 0.0, -0.0, 0.97808, 0.208228, 0.37472, -1e-06, -0.208228, 0.97808, -0.0, 0.0, 0.0, 0.0, 1.0],
                [1.0, 0.0, 1e-06, 0.0, -0.0, 0.97808, 0.208228, 0.37472, -1e-06, -0.208228, 0.97808, -0.0, 0.0, 0.0, 0.0, 1.0],
                [1.0, -0.0, 1e-06, 0.0, 0.0, 0.999957, 0.009239, 0.37472, -1e-06, -0.009239, 0.999957, -0.0, 0.0, 0.0, 0.0, 1.0]
            ]
        },
        {
            "name": "Knee_R",
            "time": [0.0, 1.0],
            "transform": [
                [1.0, 0.0, -0.0, -0.0, -0.0, 1e-06, -1.0, 0.37472, -0.0, 1.0, 1e-06, 0.0, 0.0, 0.0, 0.0, 1.0],
                [1.0, 0.0, -0.0, 0.0, -0.0, 1e-06, -1.0, 0.37472, -0.0, 1.0, 1e-06, -0.0, 0.0, 0.0, 0.0, 1.0]
            ]
        },
        {
            "name": "Thigh_L",
            "time": [0.0, 0.2333, 0.3333, 0.4333, 0.5333, 1.0],
            "transform": [
                [0.9238, 0.000227, 0.382876, -0.109959, -0.002389, -0.999977, 0.00636, -0.002831, 0.382869, -0.00679, -0.923778, 0.024761, 0.0, 0.0, 0.0, 1.0],
                [0.813867, -0.188061, 0.549776, -0.092365, -0.144488, -0.981956, -0.122001, -0.002831, 0.5628, 0.019857, -0.826355, 0.053727, 0.0, 0.0, 0.0, 1.0],
                [0.946932, -0.132658, -0.292782, -0.113932, -0.003768, -0.915382, 0.402567, -0.002831, -0.321411, -0.3801, -0.867305, 0.01822, 0.0, 0.0, 0.0, 1.0],
                [0.395212, -0.227729, -0.889914, -0.125006, -0.008744, -0.969671, 0.244255, -0.002831, -0.918548, -0.088751, -0.385217, -1.2e-05, 0.0, 0.0, 0.0, 1.0],
                [0.395212, -0.227729, -0.889914, -0.125006, -0.008744, -0.969671, 0.244255, -0.002831, -0.918548, -0.088751, -0.385217, -1.2e-05, 0.0, 0.0, 0.0, 1.0],
                [1.0, -4.5e-05, 2e-05, -0.125006, -4.5e-05, -0.999988, 0.004859, -0.002831, 2e-05, -0.004858, -0.999988, -1.2e-05, 0.0, 0.0, 0.0, 1.0]
            ]
        },
        {
            "name": "Leg_L",
            "time": [0.0, 0.2333, 0.3333, 0.4333, 0.5333, 1.0],
            "transform": [
                [1.0, -0.0, 1e-06, -0.0, 0.0, 0.986755, 0.162217, 0.37472, -1e-06, -0.162217, 0.986755, -0.0, 0.0, 0.0, 0.0, 1.0],
                [1.0, -1e-06, 1e-06, -0.0, 0.0, 0.941848, 0.336038, 0.37472, -1e-06, -0.336038, 0.941848, 0.0, 0.0, 0.0, 0.0, 1.0],
                [0.999997, 0.000471, 0.002211, -0.0, -0.001961, 0.66713, 0.744938, 0.37472, -0.001124, -0.744941, 0.66713, 0.0, 0.0, 0.0, 0.0, 1.0],
                [1.0, -0.0, 1e-06, 0.0, -0.0, 0.973155, 0.23015, 0.37472, -1e-06, -0.23015, 0.973155, 0.0, 0.0, 0.0, 0.0, 1.0],
                [1.0, -0.0, 1e-06, 0.0, -0.0, 0.973155, 0.23015, 0.37472, -1e-06, -0.23015, 0.973155, 0.0, 0.0, 0.0, 0.0, 1.0],
                [1.0, -0.0, 1e-06, -0.0, 0.0, 0.999957, 0.009245, 0.37472, -1e-06, -0.009245, 0.999957, 0.0, 0.0, 0.0, 0.0, 1.0]
            ]
        },
        {
            "name": "Knee_L",
            "time": [0.0, 0.2333, 0.3333, 0.4333, 1.0],
            "transform": [
                [1.0, 0.0, -0.0, -0.0, -0.0, 1e-06, -1.0, 0.37472, -0.0, 1.0, 1e-06, -0.0, 0.0, 0.0, 0.0, 1.0],
                [1.0, 0.0, -0.0, -0.0, -0.0, 1e-06, -1.0, 0.37472, -0.0, 1.0, 1e-06, 0.0, 0.0, 0.0, 0.0, 1.0],
                [1.0, 0.0, -0.0, 0.000104, -0.0, 1e-06, -1.0, 0.412003, -0.0, 1.0, 1e-06, 0.001283, 0.0, 0.0, 0.0, 1.0],
                [1.0, 0.0, -0.0, 0.0, -0.0, 1e-06, -1.0, 0.37472, -0.0, 1.0, 1e-06, 0.0, 0.0, 0.0, 0.0, 1.0],
                [1.0, 0.0, -0.0, -0.0, -0.0, 1e-06, -1.0, 0.37472, -0.0, 1.0, 1e-06, 0.0, 0.0, 0.0, 0.0, 1.0]
            ]
        },
        {
            "name": "Torso",
            "time": [0.0, 0.2333, 0.3333, 0.4333, 0.5333, 1.0],
            "transform": [
                [1.0, -1.5e-05, -0.000216, 0.0, 3.1e-05, 0.997153, 0.075404, 0.05, 0.000214, -0.075404, 0.997153, 0.0, 0.0, 0.0, 0.0, 1.0],
                [1.0, -0.000198, -0.000473, 0.0, 0.000229, 0.99778, 0.066601, 0.05, 0.000459, -0.066601, 0.99778, 0.0, 0.0, 0.0, 0.0, 1.0],
                [0.999902, -0.013969, -0.000389, -0.0, 0.013975, 0.999355, 0.033078, 0.05, -7.3e-05, -0.03308, 0.999453, -0.0, 0.0, 0.0, 0.0, 1.0],
                [0.99978, -0.020971, -0.000198, -0.0, 0.020971, 0.999603, 0.018833, 0.05, -0.000197, -0.018833, 0.999823, 0.0, 0.0, 0.0, 0.0, 1.0],
                [0.99978, -0.020971, -0.000198, -0.0, 0.020971, 0.999603, 0.018833, 0.05, -0.000197, -0.018833, 0.999823, 0.0, 0.0, 0.0, 0.0, 1.0],
                [1.0, 0.0, 0.0, 0.0, 0.0, 0.997073, 0.076452, 0.05, 0.0, -0.076452, 0.997073, 0.0, 0.0, 0.0, 0.0, 1.0]
            ]
        },
        {
            "name": "Chest",
            "time": [0.0, 0.2333, 0.3333, 0.4333, 0.5333, 1.0],