{
    "animation": [
        {
            "name": "Root",
            "time": [0.0, 0.2333, 0.3833, 0.4833, 0.5667, 0.8833],
            "transform": [
                [0.858687, 0.0, -0.5125, -5e-06, -0.5125, 0.0, -0.858687, 0.144695, 0.0, 1.0, 0.0, 0.763262, 0.0, 0.0, 0.0, 1.0],
                [0.196124, 0.0, -0.980579, -5e-06, -0.980579, 0.0, -0.196124, 0.211895, 0.0, 1.0, 0.0, 0.73657, 0.0, 0.0, 0.0, 1.0],
                [0.921231, 0.0, 0.389017, -5e-06, 0.389017, 0.0, -0.921231, 0.950682, 0.0, 1.0, 0.0, 0.751485, 0.0, 0.0, 0.0, 1.0],
                [0.345603, 0.0, 0.938381, -5e-06, 0.938381, 0.0, -0.345603, 1.379144, 0.0, 1.0, 0.0, 0.759144, 0.0, 0.0, 0.0, 1.0],
                [0.345603, 0.0, 0.938381, -5e-06, 0.938381, 0.0, -0.345603, 1.379144, 0.0, 1.0, 0.0, 0.759144, 0.0, 0.0, 0.0, 1.0],
                [1.0, 0.0, 0.0, -5e-06, 0.0, 0.0, -1.0, 1.575897, 0.0, 1.0, 0.0, 0.771764, 0.0, 0.0, 0.0, 1.0]
            ]
        },
        {
            "name": "Thigh_R",
            "time": [0.0, 0.2333, 0.3833, 0.4833, 0.5667, 0.8833],
            "transform": [
                [0.893018, 0.034037, -0.448731, 0.108452, 0.034331, -0.99938, -0.007484, -0.002831, -0.448708, -0.008722, -0.893636, -0.027246, 0.0, 0.0, 0.0, 1.0],
                [0.697308, 0.102782, -0.709364, 0.097062, 0.220797, -0.97234, 0.076159, -0.002831, -0.681916, -0.209731, -0.700716, -0.045997, 0.0, 0.0, 0.0, 1.0],
                [0.920911, 0.145052, 0.361776, 0.111028, -0.003413, -0.925135, 0.379618, -0.002831, 0.389756, -0.350828, -0.851475, -0.023005, 0.0, 0.0, 0.0, 1.0],
                [0.354609, 0.162251, 0.92083, 0.124994, 0.008031, -0.985319, 0.170523, -0.002831, 0.93498, -0.053073, -0.350707, -1.2e-05, 0.0, 0.0, 0.0, 1.0],
                [0.354609, 0.162251, 0.92083, 0.124994, 0.008031, -0.985319, 0.170523, -0.002831, 0.93498, -0.053073, -0.350707, -1.2e-05, 0.0, 0.0, 0.0, 1.0],
                [1.0, -4.5e-05, 2e-05, 0.124994, -4.5e-05, -0.999986, 0.004847, -0.002831, 2e-05, -0.004846, -0.999989, -1.2e-05, 0.0, 0.0, 0.0, 1.0]
            ]
        },
        {
            "name": "Leg_R",
            "time": [0.0, 0.2333, 0.3833, 0.4833, 0.5667, 0.8833],
            "transform": [
                [1.0, -0.0, 1e-06, 0.0, 0.0, 0.978573, 0.205899, 0.37472, -1e-06, -0.205899, 0.978573, -0.0, 0.0, 0.0, 0.0, 1.0],
                [1.0, -0.0, 1e-06, 0.0, 0.0, 0.941517, 0.336967, 0.37472, -1e-06, -0.336967, 0.941517, -0.0, 0.0, 0.0, 0.0, 1.0],
                [0.999999, 0.000173, 0.001667, 0.0, -0.001272, 0.725558, 0.68816, 0.37472, -0.001091, -0.688161, 0.725557, -0.0, 0.0, 0.0, 0.0, 1.0],
                [1.0, 0.0, 1e-06, 0.0, -0.0, 0.97808, 0.208228, 0.37472, -1e-06, -0.208228, 0.97808, -0.0, 0.0, 0.0, 0.0, 1.0],
                [1.0, 0.0, 1e-06, 0.0, -0.0, 0.97808, 0.208228, 0.37472, -1e-06, -0.208228, 0.97808, -0.0, 0.0, 0.0, 0.0, 1.0],
                [1.0, -0.0, 1e-06, 0.0, 0.0, 0.999957, 0.009239, 0.37472, -1e-06, -0.009239, 0.999957, 0.0, 0.0, 0.0, 0.0, 1.0]
            ]
        },
        {
            "name": "Knee_R",
            "time": [0.0, 0.3833, 0.4833, 0.8833],
            "transform": [
                [1.0, 0.0, -0.0, 0.0, -0.0, 1e-06, -1.0, 0.37472, -0.0, 1.0, 1e-06, -0.0, 0.0, 0.0, 0.0, 1.0],
                [1.0, 0.0, -0.0, 0.000293, -0.0, 1e-06, -1.0, 0.405924, -0.0, 1.0, 1e-06, -0.000469, 0.0, 0.0, 0.0, 1.0],
                [1.0, 0.0, -0.0, 0.0, -0.0, 1e-06, -1.0, 0.37472, -0.0, 1.0, 1e-06, -0.0, 0.0, 0.0, 0.0, 1.0],
                [1.0, 0.0, -0.0, 0.0, -0.0, 1e-06, -1.0, 0.37472, -0.0, 1.0, 1e-06, 0.0, 0.0, 0.0, 0.0, 1.0]
            ]
        },
        {
            "name": "Thigh_L",
            "time": [0.0, 0.2333, 0.3833, 0.4833, 0.5667, 0.8833],
            "transform": [
                [0.828026, -0.176251, -0.532268, -0.105675, -0.056935, -0.970832, 0.232901, -0.002831, -0.557792, -0.162543, -0.813909, 0.031814, 0.0, 0.0, 0.0, 1.0],
                [0.133392, -0.359448, -0.923582, -0.092365, -0.01683, -0.932597, 0.360525, -0.002831, -0.990921, -0.032547, -0.130451, 0.053727, 0.0, 0.0, 0.0, 1.0],
                [0.942701, -0.162841, -0.291202, -0.108686, -0.082883, -0.959743, 0.268373, -0.002831, -0.323181, -0.228859, -0.918247, 0.026857, 0.0, 0.0, 0.0, 1.0],
                [0.863612, -0.36227, 0.350621, -0.125006, -0.382756, -0.923775, -0.011705, -0.002831, 0.328136, -0.124093, -0.936444, -1.2e-05, 0.0, 0.0, 0.0, 1.0],
                [0.863612, -0.36227, 0.350621, -0.125006, -0.382756, -0.923775, -0.011705, -0.002831, 0.328136, -0.124093, -0.936444, -1.2e-05, 0.0, 0.0, 0.0, 1.0],
                [1.0, -4.5e-05, 2e-05, -0.125006, -4.5e-05, -0.999988, 0.004859, -0.002831, 2e-05, -0.004858, -0.999988, -1.2e-05, 0.0, 0.0, 0.0, 1.0]
            ]
        },
        {
            "name": "Leg_L",
            "time": [0.0, 0.2333, 0.3833, 0.4833, 0.5667, 0.8833],
            "transform": [
                [1.0, -0.0, 1e-06, 0.0, 0.0, 0.978693, 0.205329, 0.37472, -1e-06, -0.205329, 0.978693, 0.0, 0.0, 0.0, 0.0, 1.0],
                [1.0, -1e-06, 1e-06, -0.0, 0.0, 0.941848, 0.336038, 0.37472, -1e-06, -0.336038, 0.941848, -0.0, 0.0, 0.0, 0.0, 1.0],
                [1.0, -0.0, 1e-06, -0.0, 0.0, 0.958964, 0.283526, 0.37472, -1e-06, -0.283526, 0.958964, 0.0, 0.0, 0.0, 0.0, 1.0],
                [1.0, -0.0, 1e-06, 0.0, -0.0, 0.973155, 0.23015, 0.37472, -1e-06, -0.23015, 0.973155, 0.0, 0.0, 0.0, 0.0, 1.0],
                [1.0, -0.0, 1e-06, 0.0, -0.0, 0.973155, 0.23015, 0.37472, -1e-06, -0.23015, 0.973155, 0.0, 0.0, 0.0, 0.0, 1.0],
                [1.0, -0.0, 1e-06, -0.0, 0.0, 0.999957, 0.009245, 0.37472, -1e-06, -0.009245, 0.999957, 0.0, 0.0, 0.0, 0.0, 1.0]
            ]
        },
        {
            "name": "Knee_L",
            "time": [0.0, 0.8833],
            "transform": [
                [1.0, 0.0, -0.0, 0.0, -0.0, 1e-06, -1.0, 0.37472, -0.0, 1.0, 1e-06, 0.0, 0.0, 0.0, 0.0, 1.0],
                [1.0, 0.0, -0.0, -0.0, -0.0, 1e-06, -1.0, 0.37472, -0.0, 1.0, 1e-06, 0.0, 0.0, 0.0, 0.0, 1.0]
            ]
        },
        {
            "name": "Torso",
            "time": [0.0, 0.2333, 0.3833, 0.4833, 0.5667, 0.8833],
            "transform": [
                [1.0, -3.9e-05, -0.000278, 0.0, 5.9e-05, 0.997361, 0.072598, 0.05, 0.000274, -0.072598, 0.997361, -0.0, 0.0, 0.0, 0.0, 1.0],
                [1.0, -0.000198, -0.000473, 0.0, 0.000229, 0.99778, 0.066601, 0.05, 0.000459, -0.066601, 0.99778, -0.0, 0.0, 0.0, 0.0, 1.0],
                [0.999944, -0.010587, -0.00046, -0.0, 0.010597, 0.999031, 0.042729, 0.05, 7e-06, -0.042731, 0.999087, -0.0, 0.0, 0.0, 0.0, 1.0],
                [0.99978, -0.020971, -0.000198, -0.0, 0.020971, 0.999603, 0.018833, 0.05, -0.000197, -0.018833, 0.999823, 0.0, 0.0, 0.0, 0.0, 1.0],
                [0.997853, -0.022096, 0.061651, -0.0, 0.020971, 0.999603, 0.018833, 0.05, -0.062042, -0.0175, 0.99792, 0.0, 0.0, 0.0, 0.0, 1.0],
                [1.0, 0.0, 0.0, 0.0, 0.0, 0.997073, 0.076452, 0.05, 0.0, -0.076452, 0.997073, 0.0, 0.0, 0.0, 0.0, 1.0]
            ]
        },
        {
            "name": "Chest",
            "time": [0.0, 0.2333, 0.3833, 0.4833, 0.5667, 0.8833],