{
    "animation": [
        {
            "name": "Root",
            "time": [0.0, 0.2167, 0.2667, 0.35, 0.5, 0.8, 1.05],
            "transform": [
                [1.0, 0.0, 0.0, -5e-06, 0.0, -0.1753, -0.984515, 0.112386, 0.0, 0.984515, -0.1753, 0.741684, 0.0, 0.0, 0.0, 1.0],
                [1.0, 0.0, 0.0, -5e-06, 0.0, -0.409088, -0.912495, 0.435983, 0.0, 0.912495, -0.409088, 0.604162, 0.0, 0.0, 0.0, 1.0],
                [1.0, 0.0, 0.0, -5e-06, 0.0, -0.327636, -0.944804, 0.595926, 0.0, 0.944804, -0.327636, 0.647506, 0.0, 0.0, 0.0, 1.0],
                [1.0, 0.0, 0.0, -5e-06, 0.0, 0.036984, -0.999316, 0.904331, 0.0, 0.999316, 0.036984, 0.747991, 0.0, 0.0, 0.0, 1.0],
                [1.0, 0.0, 0.0, -5e-06, 0.0, 0.557444, -0.830214, 1.25989, 0.0, 0.830214, 0.557444, 0.604162, 0.0, 0.0, 0.0, 1.0],
                [1.0, 0.0, 0.0, -5e-06, 0.0, 0.557444, -0.830214, 1.25989, 0.0, 0.830214, 0.557444, 0.604162, 0.0, 0.0, 0.0, 1.0],
                [1.0, 0.0, 0.0, -5e-06, 0.0, 0.198651, -0.98007, 1.25989, 0.0, 0.98007, 0.198651, 0.709754, 0.0, 0.0, 0.0, 1.0]
            ]
        },
        {
            "name": "Thigh_R",
            "time": [0.0, 0.2167, 0.2667, 0.35, 0.5, 0.8, 1.05],
            "transform": [
                [1.0, -0.0, -0.0, 0.124994, 0.0, -0.948087, -0.318004, -0.002831, -0.0, 0.318004, -0.948089, -1.2e-05, 0.0, 0.0, 0.0, 1.0],
                [1.0, -0.0, -0.0, 0.124994, 0.0, -0.518498, -0.855078, -0.002831, 0.0, 0.855077, -0.518499, -1.2e-05, 0.0, 0.0, 0.0, 1.0],
                [1.0, -0.0, -0.0, 0.124994, 0.0, -0.654129, -0.756382, -0.002831, 0.0, 0.75638, -0.654131, -1.2e-05, 0.0, 0.0, 0.0, 1.0],
                [1.0, -0.0, -0.0, 0.124994, -0.0, -0.990742, 0.135741, -0.002831, -0.0, -0.135741, -0.990745, -1.2e-05, 0.0, 0.0, 0.0, 1.0],
                [1.0, -0.0, 0.0, 0.124994, 0.0, 0.001276, 1.0, -0.002831, -0.0, -0.999997, 0.001275, -1.2e-05, 0.0, 0.0, 0.0, 1.0],
                [1.0, -0.0, 0.0, 0.124994, 0.0, 0.001276, 1.0, -0.002831, -0.0, -0.999997, 0.001275, -1.2e-05, 0.0, 0.0, 0.0, 1.0],
                [1.0, -0.0, -0.0, 0.124994, -0.0, -0.867301, 0.497781, -0.002831, -0.0, -0.497779, -0.867303, -1.2e-05, 0.0, 0.0, 0.0, 1.0]
            ]
        },
        {
            "name": "Leg_R",
            "time": [0.0, 0.2167, 0.2667, 0.35, 0.5, 0.8, 1.05],
            "transform": [
                [1.0, 0.0, 1e-06, 0.0, -0.0, 1.0, 0.0, 0.37472, -1e-06, -0.0, 1.0, -0.0, 0.0, 0.0, 0.0, 1.0],
                [1.0, 0.0, 1e-06, 0.0, -0.0, 1.0, 0.0, 0.37472, -1e-06, -0.0, 1.0, 0.0, 0.0, 0.0, 0.0, 1.0],
                [1.0, 0.0, 1e-06, 0.0, -0.0, 0.996333, 0.08556, 0.37472, -1e-06, -0.08556, 0.996333, -0.0, 0.0, 0.0, 0.0, 1.0],
                [1.0, 0.0, 1e-06, 0.0, -0.0, 0.90365, 0.428271, 0.37472, -1e-06, -0.428271, 0.90365, -0.0, 0.0, 0.0, 0.0, 1.0],
                [1.0, -0.0, 1e-06, 0.0, -1e-06, 0.558859, 0.829263, 0.37472, -1e-06, -0.829263, 0.558859, -0.0, 0.0, 0.0, 0.0, 1.0],
                [1.0, -0.0, 1e-06, 0.0, -1e-06, 0.558859, 0.829263, 0.37472, -1e-06, -0.829263, 0.558859, -0.0, 0.0, 0.0, 0.0, 1.0],
                [1.0, 0.0, 1e-06, 0.0, -0.0, 0.946411, 0.322965, 0.37472, -1e-06, -0.322965, 0.946411, -0.0, 0.0, 0.0, 0.0, 1.0]
            ]
        },
        {
            "name": "Knee_R",
            "time": [0.0, 0.35, 0.5, 0.8, 1.05],
            "transform": [
                [1.0, 0.0, -0.0, 0.0, -0.0, 1e-06, -1.0, 0.37472, -0.0, 1.0, 1e-06, -0.0, 0.0, 0.0, 0.0, 1.0],
                [1.0, 0.0, -0.0, 0.0, -0.0, 1e-06, -1.0, 0.37472, -0.0, 1.0, 1e-06, -0.0, 0.0, 0.0, 0.0, 1.0],
                [1.0, 0.0, -0.0, 0.0, -0.0, 1e-06, -1.0, 0.418967, -0.0, 1.0, 1e-06, 0.001581, 0.0, 0.0, 0.0, 1.0],
                [1.0, 0.0, -0.0, 0.0, -0.0, 1e-06, -1.0, 0.418967, -0.0, 1.0, 1e-06, 0.001581, 0.0, 0.0, 0.0, 1.0],
                [1.0, 0.0, -0.0, 0.0, -0.0, 1e-06, -1.0, 0.37472, -0.0, 1.0, 1e-06, -0.0, 0.0, 0.0, 0.0, 1.0]
            ]
        },
        {
            "name": "Thigh_L",
            "time": [0.0, 0.2167, 0.2667, 0.35, 0.5, 0.8, 1.05],
            "transform": [
                [1.0, -0.0, 0.0, -0.125006, 0.0, -0.853761, 0.520665, -0.002831, -0.0, -0.520664, -0.853761, -1.2e-05, 0.0, 0.0, 0.0, 1.0],
                [1.0, -0.0, 0.0, -0.125006, 0.0, -0.859217, 0.511611, -0.002831, -0.0, -0.51161, -0.859218, -1.2e-05, 0.0, 0.0, 0.0, 1.0],
                [1.0, -0.0, 0.0, -0.125006, 0.0, -0.883623, 0.468198, -0.002831, -0.0, -0.468198, -0.883624, -1.2e-05, 0.0, 0.0, 0.0, 1.0],
                [1.0, -0.0, -0.0, -0.125006, 0.0, -0.955188, 0.296, -0.002831, -0.0, -0.295999, -0.955188, -1.2e-05, 0.0, 0.0, 0.0, 1.0],
                [1.0, -0.0, -0.0, -0.125006, -0.0, -0.999723, 0.023541, -0.002831, -0.0, -0.023541, -0.999723, -1.2e-05, 0.0, 0.0, 0.0, 1.0],
                [1.0, -0.0, -0.0, -0.125006, -0.0, -0.999723, 0.023541, -0.002831, -0.0, -0.023541, -0.999723, -1.2e-05, 0.0, 0.0, 0.0, 1.0],
                [1.0, -0.0, -0.0, -0.125006, -0.0, -0.999968, 0.007988, -0.002831, -0.0, -0.007987, -0.999968, -1.2e-05, 0.0, 0.0, 0.0, 1.0]
            ]
        },
        {
            "name": "Leg_L",
            "time": [0.0, 0.2167, 0.2667, 0.35, 0.5, 0.8, 1.05],
            "transform": [
                [1.0, 0.0, 1e-06, -0.0, -1e-06, 0.297575, 0.954698, 0.37472, -0.0, -0.954698, 0.297575, 0.0, 0.0, 0.0, 0.0, 1.0],
                [1.0, 0.0, 1e-06, -0.0, -1e-06, 0.652452, 0.75783, 0.37472, -0.0, -0.75783, 0.652452, -0.0, 0.0, 0.0, 0.0, 1.0],
                [1.0, 0.0, 1e-06, -0.0, -1e-06, 0.750113, 0.661309, 0.37472, -0.0, -0.661309, 0.750113, -0.0, 0.0, 0.0, 0.0, 1.0],
                [1.0, 0.0, 1e-06, -0.0, -0.0, 0.887628, 0.460562, 0.37472, -1e-06, -0.460561, 0.887628, 0.0, 0.0, 0.0, 0.0, 1.0],
                [1.0, 0.0, 1e-06, 0.0, -0.0, 0.978018, 0.20852, 0.37472, -1e-06, -0.20852, 0.978018, -0.0, 0.0, 0.0, 0.0, 1.0],
                [1.0, 0.0, 1e-06, 0.0, -0.0, 0.978018, 0.20852, 0.37472, -1e-06, -0.20852, 0.978018, -0.0, 0.0, 0.0, 0.0, 1.0],
                [1.0, 0.0, 1e-06, 0.0, -0.0, 0.997464, 0.071178, 0.37472, -1e-06, -0.071178, 0.997464, 0.0, 0.0, 0.0, 0.0, 1.0]
            ]
        },
        {
            "name": "Knee_L",
            "time": [0.0, 0.2167, 0.35, 1.05],
            "transform": [
                [1.0, 0.0, -0.0, 0.0, -0.0, 1e-06, -1.0, 0.44617, -0.0, 1.0, 1e-06, 0.00288, 0.0, 0.0, 0.0, 1.0],
                [1.0, 0.0, -0.0, 0.00065, -0.0, 1e-06, -1.0, 0.411304, -0.0, 1.0, 1e-06, -0.002685, 0.0, 0.0, 0.0, 1.0],
                [1.0, 0.0, -0.0, -0.0, -0.0, 1e-06, -1.0, 0.37472, -0.0, 1.0, 1e-06, 0.0, 0.0, 0.0, 0.0, 1.0],
                [1.0, 0.0, -0.0, 0.0, -0.0, 1e-06, -1.0, 0.37472, -0.0, 1.0, 1e-06, 0.0, 0.0, 0.0, 0.0, 1.0]
            ]
        },
        {
            "name": "Torso",
            "time": [0.0, 0.8, 1.05],
            "transform": [
                [1.0, 0.0, 0.0, 0.0, 0.0, 1.0, 0.0, 0.05, 0.0, 0.0, 1.0, 0.0, 0.0, 0.0, 0.0, 1.0],
                [1.0, 0.0, 0.0, 0.0, 0.0, 1.0, 0.0, 0.05, 0.0, 0.0, 1.0, 0.0, 0.0, 0.0, 0.0, 1.0],
                [1.0, 0.0, 0.0, 0.0, 0.0, 1.0, 0.0, 0.05, 0.0, 0.0, 1.0, -0.0, 0.0, 0.0, 0.0, 1.0]
            ]
        },
        {
            "name": "Chest",
            "time": [0.0, 0.2167, 0.2667, 0.35, 0.5, 0.8, 1.05],