{
    "animation": [
        {
            "name": "Root",
            "time": [0.0, 0.125, 0.25, 0.375, 0.5, 1.0],
            "transform": [
                [1.0, 0.0, 0.0, -5e-06, -0.0, -0.0, -1.0, -1e-06, 0.0, 1.0, -0.0, 1.505674, 0.0, 0.0, 0.0, 1.0],
                [1.0, 0.0, 0.0, -5e-06, -0.0, -0.0, -1.0, -0.16385, 0.0, 1.0, -0.0, 1.492198, 0.0, 0.0, 0.0, 1.0],
                [1.0, 0.0, 0.0, -5e-06, -0.0, -0.0, -1.0, -0.262199, 0.0, 1.0, -0.0, 1.469908, 0.0, 0.0, 0.0, 1.0],
                [1.0, 0.0, 0.0, -5e-06, -0.0, -0.0, -1.0, -0.280175, 0.0, 1.0, -0.0, 1.451053, 0.0, 0.0, 0.0, 1.0],
                [1.0, 0.0, 0.0, -5e-06, -0.0, -0.0, -1.0, -0.280885, 0.0, 1.0, -0.0, 1.449876, 0.0, 0.0, 0.0, 1.0],
                [1.0, 0.0, 0.0, -5e-06, -0.0, -0.0, -1.0, -0.280885, 0.0, 1.0, -0.0, 1.449876, 0.0, 0.0, 0.0, 1.0]
            ]
        },
        {
            "name": "Thigh_R",
            "time": [0.0, 0.125, 0.25, 0.375, 0.5, 1.0],
            "transform": [
                [1.0, -0.0, 0.0, 0.124994, 0.0, -0.999999, -0.0, -0.061515, 0.0, 0.0, -1.0, -1.2e-05, 0.0, 0.0, 0.0, 1.0],
                [0.999118, 0.029756, -0.029624, 0.124994, 0.02945, -0.999508, -0.010727, -0.061515, -0.029929, 0.009845, -0.999504, -1.2e-05, 0.0, 0.0, 0.0, 1.0],
                [0.998951, 0.033088, -0.031664, 0.124994, 0.029727, -0.99441, -0.10131, -0.061515, -0.034839, 0.100262, -0.994351, -1.2e-05, 0.0, 0.0, 0.0, 1.0],
                [0.999576, 0.020694, -0.020482, 0.124994, 0.01552, -0.973874, -0.226556, -0.061515, -0.024635, 0.226141, -0.973783, -1.2e-05, 0.0, 0.0, 0.0, 1.0],
                [0.999608, 0.019806, -0.019786, 0.124994, 0.014611, -0.971942, -0.234763, -0.061515, -0.023881, 0.234382, -0.971851, -1.2e-05, 0.0, 0.0, 0.0, 1.0],
                [0.999608, 0.019806, -0.019786, 0.124994, 0.014611, -0.971942, -0.234763, -0.061515, -0.023881, 0.234382, -0.971851, -1.2e-05, 0.0, 0.0, 0.0, 1.0]
            ]
        },
        {
            "name": "Leg_R",
            "time": [0.0, 0.125, 0.25, 0.375, 0.5, 1.0],
            "transform": [
                [1.0, 0.0, 1e-06, -0.0, -0.0, 1.000001, -0.0, 0.694429, -1e-06, 0.0, 0.999999, 0.0, 0.0, 0.0, 0.0, 1.0],
                [1.0, -0.0, 2e-06, -0.0, -0.0, 0.973734, 0.227693, 0.694429, -2e-06, -0.227693, 0.973732, 0.0, 0.0, 0.0, 0.0, 1.0],
                [1.0, -0.0, 2e-06, -0.0, -0.0, 0.968797, 0.247858, 0.694429, -2e-06, -0.247859, 0.968795, 0.0, 0.0, 0.0, 0.0, 1.0],
                [1.0, -0.0, 1e-06, -0.0, -0.0, 0.987351, 0.158553, 0.694429, -1e-06, -0.158553, 0.98735, 0.0, 0.0, 0.0, 0.0, 1.0],
                [1.0, -0.0, 1e-06, -0.0, -0.0, 0.98831, 0.152466, 0.694429, -1e-06, -0.152467, 0.988308, -0.0, 0.0, 0.0, 0.0, 1.0],
                [1.0, -0.0, 1e-06, -0.0, -0.0, 0.98831, 0.152466, 0.694429, -1e-06, -0.152467, 0.988308, -0.0, 0.0, 0.0, 0.0, 1.0]
            ]
        },
        {
            "name": "Thigh_L",
            "time": [0.0, 0.125, 0.25, 0.375, 0.5, 1.0],
            "transform": [
                [1.0, 0.0, 0.0, -0.125006, -0.0, -1.0, -0.0, -0.061515, 0.0, 0.0, -1.0, -1.2e-05, 0.0, 0.0, 0.0, 1.0],
                [1.0, -3.3e-05, 2.3e-05, -0.125006, -3.7e-05, -0.971811, 0.235761, -0.061515, 1.5e-05, -0.235761, -0.971811, -1.2e-05, 0.0, 0.0, 0.0, 1.0],
                [1.0, -3.4e-05, 2.6e-05, -0.125006, -4.2e-05, -0.9238, 0.382875, -0.061515, 1.1e-05, -0.382876, -0.9238, -1.2e-05, 0.0, 0.0, 0.0, 1.0],
                [1.0, -2.3e-05, 1.5e-05, -0.125006, -2.7e-05, -0.909249, 0.416252, -0.061515, 4e-06, -0.416252, -0.909249, -1.2e-05, 0.0, 0.0, 0.0, 1.0],
                [1.0, -2.2e-05, 1.4e-05, -0.125006, -2.6e-05, -0.908567, 0.417739, -0.061515, 4e-06, -0.417739, -0.908567, -1.2e-05, 0.0, 0.0, 0.0, 1.0],
                [1.0, -2.2e-05, 1.4e-05, -0.125006, -2.6e-05, -0.908567, 0.417739, -0.061515, 4e-06, -0.417739, -0.908567, -1.2e-05, 0.0, 0.0, 0.0, 1.0]
            ]
        },
        {
            "name": "Leg_L",
            "time": [0.0, 0.125, 0.25, 0.375, 0.5, 1.0],
            "transform": [
                [1.0, -0.0, 0.0, -0.0, 0.0, 1.0, -0.0, 0.694429, -0.0, 0.0, 1.0, -0.0, 0.0, 0.0, 0.0, 1.0],
                [1.0, -0.0, 0.0, -0.0, 0.0, 0.983551, 0.18063, 0.694429, -1e-06, -0.18063, 0.983551, -0.0, 0.0, 0.0, 0.0, 1.0],
                [1.0, 1e-06, 3e-06, 0.0, -2e-06, 0.941588, 0.336766, 0.694429, -3e-06, -0.336766, 0.941589, 0.0, 0.0, 0.0, 0.0, 1.0],
                [1.0, 2e-06, 8e-06, -0.0, -5e-06, 0.910819, 0.412806, 0.694429, -6e-06, -0.412806, 0.910819, -0.0, 0.0, 0.0, 0.0, 1.0],
                [1.0, 2e-06, 8e-06, 0.0, -5e-06, 0.908847, 0.41713, 0.694429, -7e-06, -0.41713, 0.908847, -0.0, 0.0, 0.0, 0.0, 1.0],
                [1.0, 2e-06, 8e-06, 0.0, -5e-06, 0.908847, 0.41713, 0.694429, -7e-06, -0.41713, 0.908847, -0.0, 0.0, 0.0, 0.0, 1.0]
            ]
        },
        {
            "name": "Torso",
            "time": [0.0, 0.125, 0.25, 0.375, 0.5, 1.0],
            "transform": [
                [1.0, 0.0, 0.0, 0.0, 0.0, 1.0, 0.0, 0.05, 0.0, -0.0, 1.0, -0.0, 0.0, 0.0, 0.0, 1.0],
                [0.999995, -0.003089, 0.000375, 0.0, 0.003032, 0.994466, 0.105019, 0.05, -0.000697, -0.105017, 0.99447, -0.0, 0.0, 0.0, 0.0, 1.0],
                [0.999971, -0.00767, 0.000333, 0.0, 0.007326, 0.966307, 0.25729, 0.05, -0.002295, -0.25728, 0.966334, -0.0, 0.0, 0.0, 0.0, 1.0],
                [0.999947, -0.010337, -2.2e-05, 0.0, 0.009714, 0.938921, 0.343995, 0.05, -0.003535, -0.343977, 0.938971, -0.0, 0.0, 0.0, 0.0, 1.0],
                [0.999945, -0.010487, -4.9e-05, 0.0, 0.009845, 0.937135, 0.348827, 0.05, -0.003612, -0.348809, 0.937187, -0.0, 0.0, 0.0, 0.0, 1.0],
                [0.999945, -0.010487, -4.9e-05, 0.0, 0.009845, 0.937135, 0.348827, 0.05, -0.003612, -0.348809, 0.937187, -0.0, 0.0, 0.0, 0.0, 1.0]
            ]
        },
        {
            "name": "Chest",
            "time": [0.0, 0.125, 0.25, 0.375, 0.5, 1.0],
            "transform": [
                [1.0, -0.0, -0.0, 0.0, 0.0, 1.0, -0.0, 0.3, 0.0, 0.0, 1.0, 0.0, 0.0, 0.0, 0.0, 1.0],
                [0.999997, -0.000149, 0.002357, -0.0, -0.000307, 0.981358, 0.192187, 0.3, -0.002342, -0.192187, 0.981356, 0.0, 0.0, 0.0, 0.0, 1.0],
                [0.999983, -0.001191, 0.005691, -0.0, -0.001571, 0.887045, 0.461679, 0.3, -0.005598, -0.461681, 0.887028, -0.0, 0.0, 0.0, 0.0, 1.0],
                [0.99997, -0.002223, 0.007453, -0.0, -0.002719, 0.797879, 0.602812, 0.3, -0.007287, -0.602814, 0.797849, -0.0, 0.0, 0.0, 0.0, 1.0],
                [0.999969, -0.00229, 0.007547, -0.0, -0.002792, 0.792152, 0.610317, 0.3, -0.007376, -0.610319, 0.792121, 0.0, 0.0, 0.0, 0.0, 1.0],
                [0.999969, -0.00229, 0.007547, -0.0, -0.002792, 0.792152, 0.610317, 0.3, -0.007376, -0.610319, 0.792121, 0.0, 0.0, 0.0, 0.0, 1.0]
            ]
        },
        {
            "name": "Shoulder_R",
            "time": [0.0, 0.125, 0.25, 0.375, 0.5, 1.0],
            "transform": [
                [0.0, 0.963581, 0.267415, 0.0, 1e-06, -0.267415, 0.963581, 0.399999, 1.0, -0.0, -1e-06, -0.0, 0.0, 0.0, 0.0, 1.0],
                [0.067265, 0.962079, 0.264347, 0.0, -8.1e-05, -0.264942, 0.964264, 0.399999, 0.997735, -0.064883, -0.017743, -0.0, 0.0, 0.0, 0.0, 1.0],
                [0.073341, 0.961727, 0.26401, 0.0, -8e-05, -0.264718, 0.964326, 0.399999, 0.997307, -0.070746, -0.019338, 0.0, 0.0, 0.0, 0.0, 1.0],
                [0.046663, 0.963004, 0.265415, 0.0, -7.4e-05, -0.265701, 0.964056, 0.399999, 0.998911, -0.045005, -0.012327, 0.0, 0.0, 0.0, 0.0, 1.0],
                [0.04486, 0.963066, 0.265503, 0.0, -7.3e-05, -0.265767, 0.964037, 0.399999, 0.998993, -0.043267, -0.011852, 0.0, 0.0, 0.0, 0.0, 1.0],
                [0.04486, 0.963066, 0.265503, 0.0, -7.3e-05, -0.265767, 0.964037, 0.399999, 0.998993, -0.043267, -0.011852, 0.0, 0.0, 0.0, 0.0, 1.0]
            ]
        },
        {
            "name": "Arm_R",
            "time": [0.0, 0.125, 0.25, 0.375, 0.5, 1.0],