{
    "animation": [
        {
            "name": "Root",
            "time": [0.0, 0.0417, 0.0833, 0.125, 0.2917, 0.4167, 0.5, 0.75],
            "transform": [
                [1.0, 0.0, 0.0, -5e-06, -0.0, -0.0, -1.0, -1e-06, 0.0, 1.0, -0.0, 1.393345, 0.0, 0.0, 0.0, 1.0],
                [1.0, 0.0, 0.0, -5e-06, -0.0, -0.0, -1.0, -1e-06, 0.0, 1.0, -0.0, 1.388409, 0.0, 0.0, 0.0, 1.0],
                [1.0, 0.0, 0.0, -5e-06, -0.0, -0.0, -1.0, -1e-06, 0.0, 1.0, -0.0, 1.374234, 0.0, 0.0, 0.0, 1.0],
                [1.0, 0.0, 0.0, -5e-06, -0.0, -0.0, -1.0, -1e-06, 0.0, 1.0, -0.0, 1.356975, 0.0, 0.0, 0.0, 1.0],
                [1.0, 0.0, 0.0, -5e-06, -0.0, -0.0, -1.0, 0.605051, 0.0, 1.0, -0.0, 1.245865, 0.0, 0.0, 0.0, 1.0],
                [1.0, 0.0, 0.0, -5e-06, -0.0, -0.0, -1.0, 1.295556, 0.0, 1.0, -0.0, 1.186885, 0.0, 0.0, 0.0, 1.0],
                [1.0, 0.0, 0.0, -5e-06, -0.0, -0.0, -1.0, 1.462688, 0.0, 1.0, -0.0, 1.179324, 0.0, 0.0, 0.0, 1.0],
                [1.0, 0.0, 0.0, -5e-06, -0.0, -0.0, -1.0, 1.545673, 0.0, 1.0, -0.0, 1.179324, 0.0, 0.0, 0.0, 1.0]
            ]
        },
        {
            "name": "Thigh_R",
            "time": [0.0, 0.0833, 0.125, 0.2917, 0.4167, 0.5, 0.75],
            "transform": [
                [1.0, -0.0, 0.0, 0.124994, 0.0, -0.914726, -0.404072, -0.061515, 0.0, 0.404072, -0.914727, -1.2e-05, 0.0, 0.0, 0.0, 1.0],
                [1.0, -0.0, 0.0, 0.124994, 0.0, -0.914726, -0.404072, -0.061515, 0.0, 0.404072, -0.914727, -1.2e-05, 0.0, 0.0, 0.0, 1.0],
                [1.0, -0.0, 0.0, 0.124994, 0.0, -0.914726, -0.404072, -0.061515, 0.0, 0.404072, -0.914727, -1.2e-05, 0.0, 0.0, 0.0, 1.0],
                [1.0, -0.0, 0.0, 0.124994, 0.0, -0.86615, -0.499782, -0.061515, 0.0, 0.499782, -0.866151, -1.2e-05, 0.0, 0.0, 0.0, 1.0],
                [1.0, -0.0, 0.0, 0.124994, 0.0, -0.79184, -0.610727, -0.061515, 0.0, 0.610727, -0.791841, -1.2e-05, 0.0, 0.0, 0.0, 1.0],
                [1.0, -0.0, 0.0, 0.124994, 0.0, -0.766211, -0.642589, -0.061515, 0.0, 0.642588, -0.766211, -1.2e-05, 0.0, 0.0, 0.0, 1.0],
                [1.0, -0.0, 0.0, 0.124994, 0.0, -0.749561, -0.661935, -0.061515, 0.0, 0.661934, -0.749561, -1.2e-05, 0.0, 0.0, 0.0, 1.0]
            ]
        },
        {
            "name": "Leg_R",
            "time": [0.0, 0.0833, 0.125, 0.2917, 0.4167, 0.5, 0.75],
            "transform": [
                [1.0, 0.0, 1e-06, -0.0, -0.0, 0.996195, 0.087155, 0.694429, -1e-06, -0.087156, 0.996194, 0.0, 0.0, 0.0, 0.0, 1.0],
                [1.0, 0.0, 1e-06, 0.0, -0.0, 0.996195, 0.087155, 0.694429, -1e-06, -0.087156, 0.996194, 0.0, 0.0, 0.0, 0.0, 1.0],
                [1.0, 0.0, 1e-06, 0.0, -0.0, 0.996195, 0.087155, 0.694429, -1e-06, -0.087156, 0.996194, 0.0, 0.0, 0.0, 0.0, 1.0],
                [1.0, 0.0, 1e-06, -0.0, -0.0, 0.998926, 0.046343, 0.694429, -1e-06, -0.046343, 0.998925, -0.0, 0.0, 0.0, 0.0, 1.0],
                [1.0, 0.0, 1e-06, -0.0, -0.0, 0.999986, 0.005454, 0.694429, -1e-06, -0.005454, 0.999984, 0.0, 0.0, 0.0, 0.0, 1.0],
                [1.0, 0.0, 1e-06, -0.0, -0.0, 1.000001, -0.0, 0.694429, -1e-06, 0.0, 0.999999, -0.0, 0.0, 0.0, 0.0, 1.0],
                [1.0, 0.0, 1e-06, -0.0, -0.0, 1.000001, -0.0, 0.694429, -1e-06, 0.0, 0.999999, 0.0, 0.0, 0.0, 0.0, 1.0]
            ]
        },
        {
            "name": "Thigh_L",
            "time": [0.0, 0.0417, 0.0833, 0.125, 0.2917, 0.4167, 0.5, 0.75],
            "transform": [
                [1.0, 0.0, 0.0, -0.125006, -0.0, -0.79398, 0.607943, -0.061515, 0.0, -0.607943, -0.79398, -1.2e-05, 0.0, 0.0, 0.0, 1.0],
                [1.0, 0.0, 0.0, -0.125006, -0.0, -0.812546, 0.582896, -0.061515, 0.0, -0.582896, -0.812546, -1.2e-05, 0.0, 0.0, 0.0, 1.0],
                [1.0, 0.0, 0.0, -0.125006, -0.0, -0.833127, 0.553082, -0.061515, 0.0, -0.553082, -0.833127, -1.2e-05, 0.0, 0.0, 0.0, 1.0],
                [1.0, 0.0, 0.0, -0.125006, -0.0, -0.83318, 0.553002, -0.061515, 0.0, -0.553002, -0.83318, -1.2e-05, 0.0, 0.0, 0.0, 1.0],
                [1.0, 0.0, 0.0, -0.125006, -0.0, -0.629644, 0.776884, -0.061515, 0.0, -0.776884, -0.629644, -1.2e-05, 0.0, 0.0, 0.0, 1.0],
                [1.0, 0.0, 0.0, -0.125006, -0.0, -0.526307, 0.850294, -0.061515, 0.0, -0.850294, -0.526307, -1.2e-05, 0.0, 0.0, 0.0, 1.0],
                [1.0, 0.0, 0.0, -0.125006, -0.0, -0.51176, 0.859128, -0.061515, 0.0, -0.859128, -0.51176, -1.2e-05, 0.0, 0.0, 0.0, 1.0],
                [1.0, 0.0, 0.0, -0.125006, -0.0, -0.5114, 0.859342, -0.061515, 0.0, -0.859342, -0.5114, -1.2e-05, 0.0, 0.0, 0.0, 1.0]
            ]
        },
        {
            "name": "Leg_L",
            "time": [0.0, 0.0417, 0.0833, 0.125, 0.2917, 0.4167, 0.5, 0.75],
            "transform": [
                [1.0, 0.0, 1e-06, 0.0, -0.0, 0.739216, 0.673469, 0.694429, -0.0, -0.673468, 0.739216, -0.0, 0.0, 0.0, 0.0, 1.0],
                [1.0, 0.0, 1e-06, -0.0, -0.0, 0.706087, 0.708125, 0.694429, -0.0, -0.708125, 0.706087, 0.0, 0.0, 0.0, 0.0, 1.0],
                [1.0, 0.0, 1e-06, -0.0, -0.0, 0.636776, 0.771049, 0.694429, -0.0, -0.771049, 0.636776, -0.0, 0.0, 0.0, 0.0, 1.0],
                [1.0, 0.0, 1e-06, 0.0, -1e-06, 0.551785, 0.833986, 0.694429, -0.0, -0.833986, 0.551785, -0.0, 0.0, 0.0, 0.0, 1.0],
                [1.0, 0.0, 1e-06, 0.0, -1e-06, 0.211338, 0.977413, 0.694429, 0.0, -0.977413, 0.211338, -0.0, 0.0, 0.0, 0.0, 1.0],
                [1.0, 0.0, 1e-06, 0.0, -1e-06, 0.475178, 0.87989, 0.694429, -0.0, -0.87989, 0.475178, -0.0, 0.0, 0.0, 0.0, 1.0],
                [1.0, 0.0, 1e-06, 0.0, -1e-06, 0.509055, 0.860734, 0.694429, -0.0, -0.860734, 0.509056, 0.0, 0.0, 0.0, 0.0, 1.0],
                [1.0, 0.0, 1e-06, -0.0, -1e-06, 0.477835, 0.87845, 0.694429, -0.0, -0.87845, 0.477835, -0.0, 0.0, 0.0, 0.0, 1.0]
            ]
        },
        {
            "name": "Torso",
            "time": [0.0, 0.0417, 0.0833, 0.125, 0.2917, 0.4167, 0.5, 0.75],
            "transform": [
                [1.0, 0.0, 0.0, 0.0, 0.0, 0.999027, -0.044109, 0.05, 0.0, 0.044109, 0.999027, 0.0, 0.0, 0.0, 0.0, 1.0],
                [1.0, 0.0, 0.0, 0.0, 0.0, 0.998176, -0.060364, 0.05, 0.0, 0.060364, 0.998176, 0.0, 0.0, 0.0, 0.0, 1.0],
                [1.0, 0.0, 0.0, 0.0, 0.0, 0.997975, -0.063613, 0.05, 0.0, 0.063613, 0.997975, -0.0, 0.0, 0.0, 0.0, 1.0],
                [1.0, 0.0, 0.0, 0.0, 0.0, 0.997975, -0.063613, 0.05, 0.0, 0.063613, 0.997975, -0.0, 0.0, 0.0, 0.0, 1.0],
                [1.0, 0.0, 0.0, 0.0, 0.0, 0.998736, -0.050272, 0.05, 0.0, 0.050272, 0.998736, -0.0, 0.0, 0.0, 0.0, 1.0],
                [1.0, 0.0, 0.0, 0.0, 0.0, 0.999981, -0.006175, 0.05, 0.0, 0.006175, 0.999981, -0.0, 0.0, 0.0, 0.0, 1.0],
                [1.0, 0.0, 0.0, 0.0, 0.0, 0.999154, 0.041131, 0.05, 0.0, -0.041131, 0.999154, -0.0, 0.0, 0.0, 0.0, 1.0],
                [1.0, 0.0, 0.0, 0.0, 0.0, 0.978072, 0.208265, 0.05, 0.0, -0.208265, 0.978072, -0.0, 0.0, 0.0, 0.0, 1.0]
            ]
        },
        {
            "name": "Chest",
            "time": [0.0, 0.0417, 0.0833, 0.125, 0.2917, 0.4167, 0.5, 0.75],