{
    "animation": [
        {
            "name": "Root",
            "time": [0.0, 0.125, 0.2917, 0.4167, 0.5833, 0.75],
            "transform": [
                [1.0, 0.0, 0.0, -5e-06, -0.0, -0.093834, -0.995588, -0.252781, 0.0, 0.995588, -0.093834, 1.497427, 0.0, 0.0, 0.0, 1.0],
                [1.0, 0.0, 0.0, -5e-06, -0.0, -0.093834, -0.995588, -0.551131, 0.0, 0.995588, -0.093834, 1.497427, 0.0, 0.0, 0.0, 1.0],
                [1.0, 0.0, 0.0, -5e-06, -0.0, -0.093834, -0.995588, -0.773153, 0.0, 0.995588, -0.093834, 1.497427, 0.0, 0.0, 0.0, 1.0],
                [1.0, 0.0, 0.0, -5e-06, -0.0, -0.093834, -0.995588, -0.898715, 0.0, 0.995588, -0.093834, 1.497427, 0.0, 0.0, 0.0, 1.0],
                [1.0, 0.0, 0.0, -5e-06, -0.0, -0.093834, -0.995588, -0.931861, 0.0, 0.995588, -0.093834, 1.497427, 0.0, 0.0, 0.0, 1.0],
                [1.0, 0.0, 0.0, -5e-06, -0.0, -0.093834, -0.995588, -0.931861, 0.0, 0.995588, -0.093834, 1.497427, 0.0, 0.0, 0.0, 1.0]
            ]
        },
        {
            "name": "Thigh_R",
            "time": [0.0, 0.125, 0.2917, 0.4167, 0.5833, 0.75],
            "transform": [
                [0.998886, 0.044623, -0.015332, 0.124994, 0.039351, -0.967156, -0.251114, -0.061515, -0.026033, 0.25023, -0.967836, -1.2e-05, 0.0, 0.0, 0.0, 1.0],
                [0.998745, 0.043657, -0.024551, 0.124994, 0.046668, -0.989104, 0.13962, -0.061515, -0.018188, -0.140591, -0.989901, -1.2e-05, 0.0, 0.0, 0.0, 1.0],
                [0.998773, 0.039754, -0.029528, 0.124994, 0.048152, -0.918834, 0.391693, -0.061515, -0.01156, -0.392634, -0.919622, -1.2e-05, 0.0, 0.0, 0.0, 1.0],
                [0.998809, 0.04242, -0.024113, 0.124994, 0.045381, -0.989161, 0.139639, -0.061515, -0.017928, -0.140567, -0.989909, -1.2e-05, 0.0, 0.0, 0.0, 1.0],
                [0.998899, 0.04433, -0.015354, 0.124994, 0.039162, -0.968129, -0.247366, -0.061515, -0.02583, 0.246492, -0.9688, -1.2e-05, 0.0, 0.0, 0.0, 1.0],
                [0.998912, 0.044346, -0.014456, 0.124994, 0.038399, -0.957806, -0.284834, -0.061515, -0.026478, 0.283969, -0.958467, -1.2e-05, 0.0, 0.0, 0.0, 1.0]
            ]
        },
        {
            "name": "Leg_R",
            "time": [0.0, 0.125, 0.2917, 0.4167, 0.5833, 0.75],
            "transform": [
                [1.0, -0.0, 1e-06, -0.0, 0.0, 0.999952, 0.009863, 0.694429, -1e-06, -0.009863, 0.999951, 0.0, 0.0, 0.0, 0.0, 1.0],
                [1.0, -0.0, 1e-06, 0.0, 0.0, 0.999952, 0.009914, 0.694429, -1e-06, -0.009914, 0.99995, 0.0, 0.0, 0.0, 0.0, 1.0],
                [1.0, -0.0, 1e-06, -0.0, 0.0, 0.999948, 0.010334, 0.694429, -1e-06, -0.010334, 0.999946, 0.0, 0.0, 0.0, 0.0, 1.0],
                [1.0, -0.0, 1e-06, -0.0, 0.0, 0.973164, 0.230114, 0.694429, -1e-06, -0.230115, 0.973163, -0.0, 0.0, 0.0, 0.0, 1.0],
                [1.0, -0.0, 1e-06, 0.0, 0.0, 0.999155, 0.04113, 0.694429, -1e-06, -0.04113, 0.999153, -0.0, 0.0, 0.0, 0.0, 1.0],
                [1.0, -0.0, 1e-06, 0.0, 0.0, 0.999956, 0.009436, 0.694429, -1e-06, -0.009436, 0.999955, 0.0, 0.0, 0.0, 0.0, 1.0]
            ]
        },
        {
            "name": "Thigh_L",
            "time": [0.0, 0.125, 0.2917, 0.4167, 0.5833, 0.75],
            "transform": [
                [1.0, -4.1e-05, 3.1e-05, -0.125006, -5e-05, -0.93758, 0.34777, -0.061515, 1.5e-05, -0.34777, -0.93758, -1.2e-05, 0.0, 0.0, 0.0, 1.0],
                [0.999999, 0.000147, 0.000885, -0.125006, -0.000506, -0.722425, 0.691448, -0.061515, 0.000741, -0.691449, -0.722425, -1.2e-05, 0.0, 0.0, 0.0, 1.0],
                [1.0, -5.5e-05, 7.9e-05, -0.125006, -5e-05, -0.997712, -0.067602, -0.061515, 8.3e-05, 0.067602, -0.997712, -1.2e-05, 0.0, 0.0, 0.0, 1.0],
                [1.0, -4.3e-05, 2.7e-05, -0.125006, -4.5e-05, -0.998126, 0.061185, -0.061515, 2.5e-05, -0.061185, -0.998126, -1.2e-05, 0.0, 0.0, 0.0, 1.0],
                [1.0, -4.3e-05, 2.8e-05, -0.125006, -4.5e-05, -0.993646, 0.112549, -0.061515, 2.3e-05, -0.112549, -0.993646, -1.2e-05, 0.0, 0.0, 0.0, 1.0],
                [1.0, -4.3e-05, 2.8e-05, -0.125006, -4.5e-05, -0.993646, 0.112549, -0.061515, 2.3e-05, -0.112549, -0.993646, -1.2e-05, 0.0, 0.0, 0.0, 1.0]
            ]
        },
        {
            "name": "Leg_L",
            "time": [0.0, 0.125, 0.2917, 0.4167, 0.5833, 0.75],
            "transform": [
                [1.0, -0.0, 0.0, 0.0, 0.0, 0.999944, 0.010523, 0.694429, -0.0, -0.010523, 0.999945, 0.0, 0.0, 0.0, 0.0, 1.0],
                [1.0, -0.0, 2e-06, 0.0, -0.0, 0.90866, 0.417536, 0.694429, -2e-06, -0.417536, 0.908661, -0.0, 0.0, 0.0, 0.0, 1.0],
                [1.0, -0.0, 1e-06, -0.0, 0.0, 0.979797, 0.199991, 0.694429, -1e-06, -0.199991, 0.979798, 0.0, 0.0, 0.0, 0.0, 1.0],
                [1.0, -0.0, 1e-06, 0.0, 0.0, 0.973112, 0.23033, 0.694429, -1e-06, -0.23033, 0.973113, -0.0, 0.0, 0.0, 0.0, 1.0],
                [1.0, -0.0, 1e-06, -0.0, 0.0, 0.969765, 0.244039, 0.694429, -1e-06, -0.244039, 0.969766, 0.0, 0.0, 0.0, 0.0, 1.0],
                [1.0, -0.0, 1e-06, 0.0, 0.0, 0.969765, 0.244039, 0.694429, -1e-06, -0.244039, 0.969766, 0.0, 0.0, 0.0, 0.0, 1.0]
            ]
        },
        {
            "name": "Torso",
            "time": [0.0, 0.75],
            "transform": [
                [1.0, 0.0, 0.0, -0.0, 0.0, 1.0, -0.0, 0.05, 0.0, 0.0, 1.0, 0.0, 0.0, 0.0, 0.0, 1.0],
                [1.0, 0.0, 0.0, -0.0, 0.0, 1.0, -0.0, 0.05, 0.0, 0.0, 1.0, 0.0, 0.0, 0.0, 0.0, 1.0]
            ]
        },
        {
            "name": "Chest",
            "time": [0.0, 0.125, 0.2917, 0.4167, 0.5833, 0.75],
            "transform": [
                [1.0, -0.0, -0.0, -0.0, 0.0, 0.757165, 0.653224, 0.3, 0.0, -0.653224, 0.757165, 0.0, 0.0, 0.0, 0.0, 1.0],
                [1.0, -0.0, -0.0, -0.0, 0.0, 0.959463, 0.281835, 0.3, -0.0, -0.281835, 0.959463, 0.0, 0.0, 0.0, 0.0, 1.0],
                [1.0, -0.0, 0.0, -0.0, 0.0, 0.960634, -0.277817, 0.3, 0.0, 0.277817, 0.960634, -0.0, 0.0, 0.0, 0.0, 1.0],
                [1.0, -0.0, 0.0, -0.0, 0.0, 0.952444, -0.304712, 0.3, -0.0, 0.304712, 0.952444, 0.0, 0.0, 0.0, 0.0, 1.0],
                [1.0, -0.0, 0.0, -0.0, 0.0, 0.999997, -0.002485, 0.3, -0.0, 0.002485, 0.999997, 0.0, 0.0, 0.0, 0.0, 1.0],
                [1.0, -0.0, 0.0, -0.0, 0.0, 0.999361, 0.035752, 0.3, -0.0, -0.035752, 0.999361, 0.0, 0.0, 0.0, 0.0, 1.0]
            ]
        },
        {
            "name": "Shoulder_R",
            "time": [0.0, 0.75],
            "transform": [
                [0.089629, 0.960607, 0.26306, 0.0, -7.2e-05, -0.264117, 0.964491, 0.399999, 0.995975, -0.086466, -0.023603, -0.0, 0.0, 0.0, 0.0, 1.0],
                [0.08963, 0.960607, 0.26306, 0.0, -7.2e-05, -0.264117, 0.964491, 0.399999, 0.995975, -0.086466, -0.023603, 0.0, 0.0, 0.0, 0.0, 1.0]
            ]
        },
        {
            "name": "Arm_R",
            "time": [0.0, 0.125, 0.2917, 0.4167, 0.5833, 0.75],
            "transform": [
                [0.159579, -0.199229, -0.966872, -0.0, 0.85612, 0.515586, 0.035061, 0.325291, 0.491521, -0.833354, 0.252841, 0.0, 0.0, 0.0, 0.0, 1.0],
                [0.146363, -0.11786, -0.982185, 0.0, 0.854757, 0.514867, 0.065591, 0.325291, 0.497964, -0.849129, 0.176099, -0.0, 0.0, 0.0, 0.0, 1.0],
                [0.105951, 0.004899, -0.994359, -0.0, 0.858084, 0.504848, 0.093918, 0.325291, 0.50246, -0.863195, 0.049285, -0.0, 0.0, 0.0, 0.0, 1.0],
                [-0.032268, 0.003126, -0.999474, 0.0, 0.887719, 0.459581, -0.027222, 0.325291, 0.459254, -0.88813, -0.017605, 0.0, 0.0, 0.0, 0.0, 1.0],
                [0.041306, 0.108478, -0.99324, -0.0, 0.924099, 0.373844, 0.07926, 0.325291, 0.379915, -0.921126, -0.084803, 0.0, 0.0, 0.0, 0.0, 1.0],
                [0.055854, 0.12106, -0.991072, -0.0, 0.926537, 0.363583, 0.096629, 0.325291, 0.372035, -0.923662, -0.091859, -0.0, 0.0, 0.0, 0.0, 1.0]
            ]
        },
        {
            "name": "Hand_R",
            "time": [0.0, 0.125, 0.2917, 0.4167, 0.5833, 0.75],