{
    "animation": [
        {
            "name": "Root",
            "time": [0.0, 0.1333, 0.2667, 0.6, 0.6833, 0.7667, 0.85, 1.5],
            "transform": [
                [0.921056, 0.006088, -0.389383, -5e-06, -0.389431, 0.014399, -0.920943, -1e-06, 0.0, 0.999878, 0.015633, 1.554242, 0.0, 0.0, 0.0, 1.0],
                [0.921056, 0.006088, -0.389383, -5e-06, -0.383977, 0.180946, -0.905439, -1e-06, 0.064945, 0.983474, 0.168999, 1.195372, 0.0, 0.0, 0.0, 1.0],
                [-0.228016, -0.538986, -0.810866, -5e-06, -0.969282, 0.046789, 0.241461, 1.316447, -0.092205, 0.841014, -0.533098, 3.074676, 0.0, 0.0, 0.0, 1.0],
                [-0.314538, -0.530631, -0.787081, -5e-06, -0.810272, 0.582028, -0.068584, 2.071795, 0.494496, 0.616177, -0.613025, 3.606872, 0.0, 0.0, 0.0, 1.0],
                [0.534897, -0.828371, -0.166394, -5e-06, -0.058245, 0.160315, -0.985346, 2.915655, 0.842907, 0.53675, 0.037503, 2.929439, 0.0, 0.0, 0.0, 1.0],
                [-0.050828, 0.193363, 0.97981, -5e-06, 0.849767, -0.507067, 0.14415, 3.72583, 0.524703, 0.839937, -0.13854, 1.704974, 0.0, 0.0, 0.0, 1.0],
                [-0.093623, -0.162604, 0.98224, -5e-06, 0.993488, -0.079614, 0.081516, 3.917471, 0.064945, 0.983474, 0.168999, 0.787702, 0.0, 0.0, 0.0, 1.0],
                [-0.093623, -0.162604, 0.98224, -5e-06, 0.993488, -0.079614, 0.081516, 3.917471, 0.064945, 0.983474, 0.168999, 0.787702, 0.0, 0.0, 0.0, 1.0]
            ]
        },
        {
            "name": "Thigh_R",
            "time": [0.0, 0.1333, 0.2667, 0.6, 0.6833, 0.7667, 0.85, 1.5],
            "transform": [
                [0.913379, 0.391389, 0.112041, 0.124994, 0.40696, -0.870294, -0.277435, -0.061515, -0.011076, 0.298999, -0.954189, -1.2e-05, 0.0, 0.0, 0.0, 1.0],
                [0.901945, 0.422345, -0.090112, 0.124994, 0.430631, -0.895272, 0.114207, -0.061515, -0.03244, -0.141814, -0.989362, -1.2e-05, 0.0, 0.0, 0.0, 1.0],
                [0.777488, 0.129725, -0.615373, 0.124994, 0.289305, -0.942589, 0.166815, -0.061515, -0.558404, -0.307727, -0.770382, -1.2e-05, 0.0, 0.0, 0.0, 1.0],
                [0.526348, 0.432191, -0.732235, 0.124994, 0.659234, 0.336459, 0.672463, -0.061515, 0.537, -0.836663, -0.107821, -1.2e-05, 0.0, 0.0, 0.0, 1.0],
                [-0.36693, 0.840183, -0.399317, 0.124994, 0.891393, 0.440328, 0.107378, -0.061515, 0.266047, -0.316548, -0.910503, -1.2e-05, 0.0, 0.0, 0.0, 1.0],
                [0.225993, 0.945529, 0.23431, 0.124994, -0.201629, 0.280727, -0.93837, -0.061515, -0.953034, 0.164821, 0.254089, -1.2e-05, 0.0, 0.0, 0.0, 1.0],
                [0.189885, 0.957167, -0.21857, 0.124993, 0.527303, -0.287211, -0.799663, -0.061515, -0.828188, 0.036591, -0.559255, -1.2e-05, 0.0, 0.0, 0.0, 1.0],
                [0.189885, 0.957167, -0.21857, 0.124993, 0.527303, -0.287211, -0.799663, -0.061515, -0.828188, 0.036591, -0.559255, -1.2e-05, 0.0, 0.0, 0.0, 1.0]
            ]
        },
        {
            "name": "Leg_R",
            "time": [0.0, 0.1333, 0.2667, 0.6, 0.7667, 0.85, 1.5],
            "transform": [
                [1.0, 0.0, 0.0, 0.0, -0.0, 0.902907, 0.429837, 0.906668, 0.0, -0.429838, 0.902906, 0.0, 0.0, 0.0, 0.0, 1.0],
                [1.0, 0.0, -0.0, 0.0, 0.0, 0.27039, 0.96275, 0.906668, 0.0, -0.962752, 0.27039, 0.0, 0.0, 0.0, 0.0, 1.0],
                [1.0, 1e-06, 1e-06, 0.0, -1e-06, 0.080616, 0.996744, 0.906668, 0.0, -0.996746, 0.080616, -0.0, 0.0, 0.0, 0.0, 1.0],
                [1.0, 0.0, 0.0, 0.0, -0.0, 0.7212, 0.692727, 0.906668, 0.0, -0.692729, 0.721198, 0.0, 0.0, 0.0, 0.0, 1.0],
                [0.999977, -6.6e-05, -0.006783, 0.0, 0.00234, 0.941952, 0.335741, 0.906668, 0.006367, -0.33575, 0.941929, 0.0, 0.0, 0.0, 0.0, 1.0],
                [1.0, 0.0, 0.0, 0.0, -0.0, 0.999978, 0.006792, 0.906668, -0.0, -0.006792, 0.999976, 0.0, 0.0, 0.0, 0.0, 1.0],
                [1.0, 0.0, 0.0, 0.0, -0.0, 0.999978, 0.006792, 0.906668, -0.0, -0.006792, 0.999976, 0.0, 0.0, 0.0, 0.0, 1.0]
            ]
        },
        {
            "name": "Knee_R",
            "time": [0.0, 0.1333, 0.2667, 0.6, 0.7667, 0.85, 1.5],
            "transform": [
                [1.0, -0.0, -0.0, 0.0, -0.0, 0.0, -1.0, 0.921029, 0.0, 1.0, 0.0, 0.0, 0.0, 0.0, 0.0, 1.0],
                [1.0, -0.0, -0.0, 0.0, -0.0, 0.0, -1.0, 0.957089, 0.0, 1.0, 0.0, 0.0, 0.0, 0.0, 0.0, 1.0],
                [1.0, -0.0, -0.0, 0.0, -0.0, 0.0, -1.0, 0.965255, 0.0, 1.0, 0.0, -0.0, 0.0, 0.0, 0.0, 1.0],
                [1.0, -0.0, -0.0, 0.0, -0.0, -0.0, -1.0, 0.934603, 0.0, 1.0, -0.0, 0.0, 0.0, 0.0, 0.0, 1.0],
                [1.0, -0.0, -0.0, -0.0, -0.0, 0.0, -1.0, 0.91672, 0.0, 1.0, 0.0, -0.0, 0.0, 0.0, 0.0, 1.0],
                [1.0, -0.0, -0.0, 0.0, -0.0, 0.0, -1.0, 0.906668, 0.0, 1.0, 0.0, 0.0, 0.0, 0.0, 0.0, 1.0],
                [1.0, -0.0, -0.0, 0.0, -0.0, 0.0, -1.0, 0.906668, 0.0, 1.0, 0.0, 0.0, 0.0, 0.0, 0.0, 1.0]
            ]
        },
        {
            "name": "Thigh_L",
            "time": [0.0, 0.1333, 0.2667, 0.6, 0.7667, 0.85, 1.5],
            "transform": [
                [0.90263, -0.395308, -0.170267, -0.125006, -0.062636, -0.512014, 0.85669, -0.061515, -0.425836, -0.762609, -0.486919, -1.2e-05, 0.0, 0.0, 0.0, 1.0],
                [0.916874, -0.350925, 0.190245, -0.125006, -0.152811, 0.131724, 0.979437, -0.061515, -0.368769, -0.927092, 0.067149, -1.2e-05, 0.0, 0.0, 0.0, 1.0],
                [0.969625, -0.241742, 0.037264, -0.125006, -0.043728, -0.021426, 0.998814, -0.061515, -0.240657, -0.970104, -0.031346, -1.2e-05, 0.0, 0.0, 0.0, 1.0],
                [0.528305, -0.214497, -0.821513, -0.125006, -0.683533, -0.681409, -0.261655, -0.061515, -0.503663, 0.699765, -0.506608, -1.2e-05, 0.0, 0.0, 0.0, 1.0],
                [0.314122, -0.925335, 0.212326, -0.125006, -0.730821, -0.092928, 0.676214, -0.061514, -0.605993, -0.367586, -0.705445, -1.2e-05, 0.0, 0.0, 0.0, 1.0],
                [0.33409, -0.71154, 0.618137, -0.125006, 0.139371, 0.685905, 0.71422, -0.061515, -0.93218, -0.152464, 0.328322, -1.2e-05, 0.0, 0.0, 0.0, 1.0],
                [0.33409, -0.71154, 0.618137, -0.125006, 0.139371, 0.685905, 0.71422, -0.061515, -0.93218, -0.152464, 0.328322, -1.2e-05, 0.0, 0.0, 0.0, 1.0]
            ]
        },
        {
            "name": "Leg_L",
            "time": [0.0, 0.1333, 0.2667, 0.6, 0.7667, 0.85, 1.5],
            "transform": [
                [1.0, -1e-06, 4e-06, 0.0, -3e-06, 0.32127, 0.946988, 0.906668, -2e-06, -0.946987, 0.32127, -0.0, 0.0, 0.0, 0.0, 1.0],
                [1.0, -1e-06, 0.000434, 0.0, -0.000413, -0.309317, 0.950959, 0.906668, 0.000134, -0.950959, -0.309317, -0.0, 0.0, 0.0, 0.0, 1.0],
                [0.999991, -0.002183, -0.003551, 0.0, 0.003809, 0.13298, 0.991112, 0.906668, -0.001692, -0.991116, 0.132987, -0.0, 0.0, 0.0, 0.0, 1.0],
                [1.0, -0.0, 1e-06, -0.0, 0.0, 0.999956, 0.009354, 0.906668, -0.0, -0.009354, 0.999956, 0.0, 0.0, 0.0, 0.0, 1.0],
                [1.0, -0.0, 9e-06, 0.0, -5e-06, 0.761456, 0.648216, 0.906668, -7e-06, -0.648216, 0.761457, 0.0, 0.0, 0.0, 0.0, 1.0],
                [0.990872, -0.133831, 0.016181, 0.0, -0.05002, -0.253543, 0.96603, 0.906668, -0.125182, -0.958022, -0.257923, -0.0, 0.0, 0.0, 0.0, 1.0],
                [0.990872, -0.133831, 0.016181, 0.0, -0.05002, -0.253543, 0.96603, 0.906668, -0.125182, -0.958022, -0.257923, -0.0, 0.0, 0.0, 0.0, 1.0]
            ]
        },
        {
            "name": "Knee_L",
            "time": [0.0, 0.1333, 0.2667, 0.6, 0.7667, 0.85, 1.5],