{
    "animation": [
        {
            "name": "Root",
            "time": [0.0, 0.1333, 0.2667, 0.6667, 0.8833, 1.0833, 1.5],
            "transform": [
                [0.921056, 0.006088, -0.389383, -5e-06, -0.389431, 0.014399, -0.920943, -1e-06, 0.0, 0.999878, 0.015633, 1.154242, 0.0, 0.0, 0.0, 1.0],
                [0.921056, 0.006088, -0.389383, -5e-06, -0.383977, 0.180946, -0.905439, -1e-06, 0.064945, 0.983474, 0.168999, 0.795372, 0.0, 0.0, 0.0, 1.0],
                [-0.228016, -0.538986, -0.810866, -5e-06, -0.969282, 0.046789, 0.241461, 1.316447, -0.092205, 0.841014, -0.533098, 2.674676, 0.0, 0.0, 0.0, 1.0],
                [-0.314538, -0.530631, -0.787081, -5e-06, -0.810272, 0.582028, -0.068584, 2.071795, 0.494496, 0.616177, -0.613025, 3.206872, 0.0, 0.0, 0.0, 1.0],
                [-0.050828, 0.193363, 0.97981, -5e-06, 0.849767, -0.507067, 0.14415, 3.72583, 0.524703, 0.839937, -0.13854, 1.304974, 0.0, 0.0, 0.0, 1.0],
                [-0.093623, -0.162604, 0.98224, -5e-06, 0.993488, -0.079614, 0.081516, 3.917471, 0.064945, 0.983474, 0.168999, 0.387702, 0.0, 0.0, 0.0, 1.0],
                [-0.093623, -0.162604, 0.98224, -5e-06, 0.993488, -0.079614, 0.081516, 3.917471, 0.064945, 0.983474, 0.168999, 0.387702, 0.0, 0.0, 0.0, 1.0]
            ]
        },
        {
            "name": "Thigh_R",
            "time": [0.0, 0.1333, 0.2667, 0.6667, 0.8833, 1.0833, 1.5],
            "transform": [
                [0.913379, 0.391389, 0.112041, 0.124994, 0.40696, -0.870294, -0.277435, -0.061515, -0.011076, 0.298999, -0.954189, -1.2e-05, 0.0, 0.0, 0.0, 1.0],
                [0.901945, 0.422345, -0.090112, 0.124994, 0.430631, -0.895272, 0.114208, -0.061515, -0.03244, -0.141814, -0.989362, -1.2e-05, 0.0, 0.0, 0.0, 1.0],
                [0.777488, 0.129725, -0.615374, 0.124994, 0.289306, -0.942589, 0.166815, -0.061515, -0.558404, -0.307727, -0.770382, -1.2e-05, 0.0, 0.0, 0.0, 1.0],
                [0.526348, 0.432191, -0.732235, 0.124994, 0.659234, 0.336459, 0.672463, -0.061515, 0.537, -0.836663, -0.107821, -1.2e-05, 0.0, 0.0, 0.0, 1.0],
                [0.157171, 0.807713, -0.56824, 0.124994, -0.327004, -0.500367, -0.801686, -0.061515, -0.931862, 0.311818, 0.185482, -1.2e-05, 0.0, 0.0, 0.0, 1.0],
                [0.189885, 0.957167, -0.21857, 0.124993, 0.527303, -0.28721, -0.799663, -0.061515, -0.828188, 0.036591, -0.559255, -1.2e-05, 0.0, 0.0, 0.0, 1.0],
                [0.189885, 0.957167, -0.21857, 0.124993, 0.527303, -0.28721, -0.799663, -0.061515, -0.828188, 0.036591, -0.559255, -1.2e-05, 0.0, 0.0, 0.0, 1.0]
            ]
        },
        {
            "name": "Leg_R",
            "time": [0.0, 0.1333, 0.2667, 0.6667, 0.8833, 1.0833, 1.5],
            "transform": [
                [1.0, -0.0, 1e-06, 0.0, -0.0, 0.902907, 0.429837, 0.694429, -1e-06, -0.429838, 0.902906, -0.0, 0.0, 0.0, 0.0, 1.0],
                [1.0, -1e-06, 0.0, 0.0, 0.0, 0.27039, 0.96275, 0.694429, -1e-06, -0.962752, 0.27039, 0.0, 0.0, 0.0, 0.0, 1.0],
                [1.0, -0.0, 1e-06, -0.0, -1e-06, 0.080616, 0.996744, 0.694429, -0.0, -0.996746, 0.080616, -0.0, 0.0, 0.0, 0.0, 1.0],
                [1.0, -0.0, 1e-06, -0.0, -0.0, 0.7212, 0.692727, 0.694429, -1e-06, -0.692729, 0.721199, 0.0, 0.0, 0.0, 0.0, 1.0],
                [0.999977, -6.7e-05, -0.006782, 0.0, 0.00234, 0.941952, 0.335741, 0.694429, 0.006366, -0.33575, 0.941929, 0.0, 0.0, 0.0, 0.0, 1.0],
                [1.0, -0.0, 1e-06, 0.0, 0.0, 0.999978, 0.006792, 0.694429, -1e-06, -0.006792, 0.999976, 0.0, 0.0, 0.0, 0.0, 1.0],
                [1.0, -0.0, 1e-06, 0.0, 0.0, 0.999978, 0.006792, 0.694429, -1e-06, -0.006792, 0.999976, 0.0, 0.0, 0.0, 0.0, 1.0]
            ]
        },
        {
            "name": "Thigh_L",
            "time": [0.0, 0.1333, 0.2667, 0.6667, 0.8833, 1.0833, 1.5],
            "transform": [
                [0.90263, -0.395308, -0.170267, -0.125006, -0.062636, -0.512013, 0.85669, -0.061515, -0.425836, -0.76261, -0.486919, -1.2e-05, 0.0, 0.0, 0.0, 1.0],
                [0.916874, -0.350925, 0.190245, -0.125006, -0.15281, 0.131724, 0.979437, -0.061515, -0.368769, -0.927092, 0.067149, -1.2e-05, 0.0, 0.0, 0.0, 1.0],
                [0.969625, -0.241742, 0.037264, -0.125006, -0.043727, -0.021426, 0.998814, -0.061515, -0.240657, -0.970104, -0.031346, -1.2e-05, 0.0, 0.0, 0.0, 1.0],
                [0.528305, -0.214497, -0.821513, -0.125006, -0.683533, -0.68141, -0.261655, -0.061515, -0.503663, 0.699766, -0.506608, -1.2e-05, 0.0, 0.0, 0.0, 1.0],
                [0.314122, -0.925335, 0.212326, -0.125006, -0.730821, -0.092928, 0.676213, -0.061514, -0.605993, -0.367586, -0.705445, -1.2e-05, 0.0, 0.0, 0.0, 1.0],
                [0.33409, -0.71154, 0.618137, -0.125006, 0.139371, 0.685904, 0.71422, -0.061515, -0.93218, -0.152464, 0.328322, -1.2e-05, 0.0, 0.0, 0.0, 1.0],
                [0.33409, -0.71154, 0.618137, -0.125006, 0.139371, 0.685904, 0.71422, -0.061515, -0.93218, -0.152464, 0.328322, -1.2e-05, 0.0, 0.0, 0.0, 1.0]
            ]
        },
        {
            "name": "Leg_L",
            "time": [0.0, 0.1333, 0.2667, 0.6667, 0.8833, 1.0833, 1.5],
            "transform": [
                [1.0, -1e-06, 4e-06, 0.0, -3e-06, 0.32127, 0.946988, 0.694429, -2e-06, -0.946988, 0.32127, 0.0, 0.0, 0.0, 0.0, 1.0],
                [1.0, -1e-06, 0.000434, 0.0, -0.000413, -0.309316, 0.95096, 0.694429, 0.000133, -0.950959, -0.309317, -0.0, 0.0, 0.0, 0.0, 1.0],
                [0.999991, -0.002184, -0.003551, 0.0, 0.003809, 0.13298, 0.991112, 0.694429, -0.001692, -0.991116, 0.132987, 0.0, 0.0, 0.0, 0.0, 1.0],
                [1.0, -0.0, 1e-06, -0.0, 0.0, 0.999956, 0.009354, 0.694429, -1e-06, -0.009354, 0.999957, 0.0, 0.0, 0.0, 0.0, 1.0],
                [1.0, -0.0, 9e-06, -0.0, -5e-06, 0.761457, 0.648216, 0.694429, -7e-06, -0.648216, 0.761457, -0.0, 0.0, 0.0, 0.0, 1.0],
                [0.990872, -0.133831, 0.016181, -0.0, -0.05002, -0.253543, 0.966031, 0.694429, -0.125182, -0.958022, -0.257923, -0.0, 0.0, 0.0, 0.0, 1.0],
                [0.990872, -0.133831, 0.016181, -0.0, -0.05002, -0.253543, 0.966031, 0.694429, -0.125182, -0.958022, -0.257923, -0.0, 0.0, 0.0, 0.0, 1.0]
            ]
        },
        {
            "name": "Torso",
            "time": [0.0, 0.2667, 0.6667, 1.5],
            "transform": [
                [1.0, -0.0, 0.0, 0.0, 0.0, 1.0, -0.0, 0.05, 0.0, -0.0, 1.0, 0.0, 0.0, 0.0, 0.0, 1.0],
                [1.0, -0.0, -0.0, -0.0, 0.0, 1.0, 0.0, 0.05, 0.0, 0.0, 1.0, 0.0, 0.0, 0.0, 0.0, 1.0],
                [1.0, 0.0, -0.0, -0.0, -0.0, 1.0, -0.0, 0.05, -0.0, -0.0, 1.0, -0.0, 0.0, 0.0, 0.0, 1.0],
                [1.0, -0.0, -0.0, -0.0, 0.0, 1.0, 0.0, 0.05, 0.0, -0.0, 1.0, -0.0, 0.0, 0.0, 0.0, 1.0]
            ]
        },
        {
            "name": "Chest",
            "time": [0.0, 0.1333, 0.2667, 0.6667, 1.5],
            "transform": [
                [1.0, -0.0, 0.0, -0.0, -0.0, 0.953871, 0.300218, 0.3, -0.0, -0.300218, 0.953871, -0.0, 0.0, 0.0, 0.0, 1.0],
                [0.997438, -0.065737, -0.028209, -0.0, 0.071363, 0.88716, 0.455911, 0.3, -0.004944, -0.456756, 0.889578, -0.0, 0.0, 0.0, 0.0, 1.0],
                [0.997438, -0.065737, -0.028209, -0.0, 0.071363, 0.88716, 0.455911, 0.3, -0.004944, -0.456756, 0.889578, -0.0, 0.0, 0.0, 0.0, 1.0],
                [0.997438, -0.065737, -0.028209, 0.0, 0.071363, 0.88716, 0.455911, 0.3, -0.004944, -0.456756, 0.889578, -0.0, 0.0, 0.0, 0.0, 1.0],
                [0.997438, -0.065737, -0.028209, 0.0, 0.071363, 0.88716, 0.455911, 0.3, -0.004944, -0.456756, 0.889578, -0.0, 0.0, 0.0, 0.0, 1.0]
            ]
        },
        {
            "name": "Shoulder_R",
            "time": [0.0, 1.5],
            "transform": [
                [-0.0, 0.963582, 0.267414, 0.0, 0.0, -0.267414, 0.963582, 0.4, 1.0, 0.0, -0.0, 0.0, 0.0, 0.0, 0.0, 1.0],
                [-0.0, 0.963582, 0.267415, -0.0, 0.0, -0.267414, 0.963582, 0.4, 1.0, 0.0, -0.0, -0.0, 0.0, 0.0, 0.0, 1.0]
            ]
        },
        {
            "name": "Arm_R",