{
    "animation": [
        {
            "name": "Root",
            "time": [0.0, 0.0833, 0.1667, 0.25, 0.3333, 0.3667, 0.6667, 1.0],
            "transform": [
                [0.883385, 0.030709, -0.467642, -5e-06, -0.468649, 0.057885, -0.881486, -1e-06, 0.0, 0.997851, 0.065526, 1.28223, 0.0, 0.0, 0.0, 1.0],
                [0.883385, 0.030709, -0.467642, -5e-06, -0.468649, 0.057885, -0.881486, -1e-06, 0.0, 0.997851, 0.065526, 1.085979, 0.0, 0.0, 0.0, 1.0],
                [0.883385, 0.030709, -0.467642, -5e-06, -0.468649, 0.057885, -0.881486, -1e-06, 0.0, 0.997851, 0.065526, 1.08153, 0.0, 0.0, 0.0, 1.0],
                [0.828057, -0.036737, 0.559439, -5e-06, 0.560644, 0.054259, -0.826277, 0.989802, -0.0, 0.997851, 0.065526, 1.440725, 0.0, 0.0, 0.0, 1.0],
                [0.828057, -0.036737, 0.559439, -5e-06, 0.559862, 0.106878, -0.821664, 1.084536, -0.029606, 0.993593, 0.109069, 1.440725, 0.0, 0.0, 0.0, 1.0],
                [0.828057, -0.036737, 0.559439, -5e-06, 0.559862, 0.106878, -0.821664, 1.084536, -0.029606, 0.993593, 0.109069, 1.440725, 0.0, 0.0, 0.0, 1.0],
                [0.956389, -0.01914, 0.291469, -5e-06, 0.292096, 0.062668, -0.954333, 1.206864, 0.0, 0.997851, 0.065526, 1.409118, 0.0, 0.0, 0.0, 1.0],
                [0.956389, -0.01914, 0.291469, -5e-06, 0.292096, 0.062668, -0.954333, 1.206864, 0.0, 0.997851, 0.065526, 1.409118, 0.0, 0.0, 0.0, 1.0]
            ]
        },
        {
            "name": "Thigh_R",
            "time": [0.0, 0.0833, 0.1667, 0.25, 0.3333, 0.3667, 0.6667, 1.0],
            "transform": [
                [0.879428, 0.396099, 0.264031, 0.124994, 0.406133, -0.913638, 0.017901, -0.061515, 0.24832, 0.091489, -0.964348, -1.2e-05, 0.0, 0.0, 0.0, 1.0],
                [0.840044, 0.492735, 0.227022, 0.124994, 0.525806, -0.842519, -0.117001, -0.061514, 0.13362, 0.217656, -0.966836, -1.2e-05, 0.0, 0.0, 0.0, 1.0],
                [0.837934, 0.496249, 0.227165, 0.124994, 0.529807, -0.83955, -0.120251, -0.061514, 0.131041, 0.221116, -0.966403, -1.2e-05, 0.0, 0.0, 0.0, 1.0],
                [0.811479, 0.576761, -0.094063, 0.124994, 0.050056, 0.091768, 0.994521, -0.061514, 0.582233, -0.811742, 0.045597, -1.2e-05, 0.0, 0.0, 0.0, 1.0],
                [0.802841, 0.575488, -0.155753, 0.124994, -0.006565, 0.269765, 0.962904, -0.061514, 0.596157, -0.772036, 0.220357, -1.1e-05, 0.0, 0.0, 0.0, 1.0],
                [0.802841, 0.575488, -0.155753, 0.124994, -0.006565, 0.269765, 0.962904, -0.061514, 0.596157, -0.772036, 0.220357, -1.1e-05, 0.0, 0.0, 0.0, 1.0],
                [0.960839, 0.162295, 0.22461, 0.124994, 0.003142, -0.816877, 0.576802, -0.061514, 0.277091, -0.553508, -0.785398, -1.1e-05, 0.0, 0.0, 0.0, 1.0],
                [0.960839, 0.162295, 0.22461, 0.124994, 0.003142, -0.816877, 0.576802, -0.061514, 0.277091, -0.553508, -0.785398, -1.1e-05, 0.0, 0.0, 0.0, 1.0]
            ]
        },
        {
            "name": "Leg_R",
            "time": [0.0, 0.0833, 0.1667, 0.25, 0.3333, 0.3667, 0.6667, 1.0],
            "transform": [
                [1.0, -0.0, 1e-06, 0.0, -0.0, 0.894185, 0.447697, 0.694429, -1e-06, -0.447697, 0.894185, 0.0, 0.0, 0.0, 0.0, 1.0],
                [1.0, -0.0, 1e-06, 0.0, -0.0, 0.858093, 0.513494, 0.694429, -1e-06, -0.513494, 0.858093, 0.0, 0.0, 0.0, 0.0, 1.0],
                [1.0, -0.0, 0.0, -0.0, -0.0, 0.845475, 0.534016, 0.694429, -1e-06, -0.534016, 0.845475, 0.0, 0.0, 0.0, 0.0, 1.0],
                [1.0, -0.0, 0.00015, 0.0, -8.1e-05, -0.84253, 0.538649, 0.694429, 0.000126, -0.538649, -0.84253, 0.0, 0.0, 0.0, 0.0, 1.0],
                [1.0, -1e-06, -0.0, -0.0, -0.0, -0.51342, 0.858137, 0.694429, -1e-06, -0.858138, -0.51342, -0.0, 0.0, 0.0, 0.0, 1.0],
                [1.0, -1e-06, -0.0, -0.0, -0.0, -0.51342, 0.858137, 0.694429, -1e-06, -0.858138, -0.51342, -0.0, 0.0, 0.0, 0.0, 1.0],
                [1.0, -0.0, 4.8e-05, 0.0, -2.4e-05, 0.866596, 0.499011, 0.694429, -4.2e-05, -0.499011, 0.866596, -0.0, 0.0, 0.0, 0.0, 1.0],
                [1.0, -0.0, 4.8e-05, 0.0, -2.4e-05, 0.866596, 0.499011, 0.694429, -4.2e-05, -0.499011, 0.866596, -0.0, 0.0, 0.0, 0.0, 1.0]
            ]
        },
        {
            "name": "Thigh_L",
            "time": [0.0, 0.0833, 0.1667, 0.25, 0.3333, 0.3667, 0.6667, 1.0],
            "transform": [
                [0.888313, -0.34413, -0.304096, -0.125006, 0.015792, -0.638893, 0.769133, -0.061515, -0.458966, -0.688033, -0.562104, -1.2e-05, 0.0, 0.0, 0.0, 1.0],
                [0.885317, -0.424539, -0.189685, -0.125006, 0.017277, -0.37762, 0.925799, -0.061514, -0.464667, -0.822903, -0.326979, -1.2e-05, 0.0, 0.0, 0.0, 1.0],
                [0.888341, -0.422177, -0.180599, -0.125006, 0.012907, -0.370191, 0.928866, -0.061514, -0.459002, -0.827481, -0.323407, -1.2e-05, 0.0, 0.0, 0.0, 1.0],
                [0.953735, -0.161676, 0.253478, -0.125006, -0.126315, -0.98056, -0.150156, -0.061514, 0.272827, 0.111191, -0.955616, -1.2e-05, 0.0, 0.0, 0.0, 1.0],
                [0.953735, -0.161678, 0.253477, -0.125006, -0.126315, -0.980558, -0.150164, -0.061514, 0.272827, 0.111199, -0.955615, -1.2e-05, 0.0, 0.0, 0.0, 1.0],
                [0.953735, -0.161678, 0.253477, -0.125006, -0.126315, -0.980558, -0.150164, -0.061514, 0.272827, 0.111199, -0.955615, -1.2e-05, 0.0, 0.0, 0.0, 1.0],
                [0.973358, -0.112307, 0.199902, -0.125006, -0.046738, -0.950709, -0.30654, -0.061514, 0.224475, 0.289031, -0.93063, -1.2e-05, 0.0, 0.0, 0.0, 1.0],
                [0.973358, -0.112307, 0.199902, -0.125006, -0.046738, -0.950709, -0.30654, -0.061514, 0.224475, 0.289031, -0.93063, -1.2e-05, 0.0, 0.0, 0.0, 1.0]
            ]
        },
        {
            "name": "Leg_L",
            "time": [0.0, 0.0833, 0.1667, 0.25, 0.3333, 0.3667, 0.6667, 1.0],
            "transform": [
                [1.0, -1e-06, 1e-06, 0.0, -0.0, 0.616548, 0.787318, 0.694429, -1e-06, -0.787318, 0.616548, -0.0, 0.0, 0.0, 0.0, 1.0],
                [1.0, -1e-06, 3e-06, -0.0, -2e-06, 0.194936, 0.980816, 0.694429, -1e-06, -0.980816, 0.194936, -0.0, 0.0, 0.0, 0.0, 1.0],
                [1.0, -1e-06, 3e-06, 0.0, -2e-06, 0.18461, 0.982812, 0.694429, -1e-06, -0.982812, 0.18461, -0.0, 0.0, 0.0, 0.0, 1.0],
                [1.0, -0.0, 2e-06, -0.0, -0.0, 0.993367, 0.114989, 0.694429, -2e-06, -0.114989, 0.993367, -0.0, 0.0, 0.0, 0.0, 1.0],
                [1.0, -0.0, 3e-06, 0.0, -0.0, 0.993367, 0.114985, 0.694429, -3e-06, -0.114985, 0.993367, -0.0, 0.0, 0.0, 0.0, 1.0],
                [1.0, -0.0, 3e-06, 0.0, -0.0, 0.993367, 0.114985, 0.694429, -3e-06, -0.114985, 0.993367, -0.0, 0.0, 0.0, 0.0, 1.0],
                [1.0, 0.0, 2e-06, -0.0, -0.0, 0.999948, 0.01016, 0.694429, -2e-06, -0.01016, 0.999948, -0.0, 0.0, 0.0, 0.0, 1.0],
                [1.0, 0.0, 2e-06, -0.0, -0.0, 0.999948, 0.01016, 0.694429, -2e-06, -0.01016, 0.999948, -0.0, 0.0, 0.0, 0.0, 1.0]
            ]
        },
        {
            "name": "Torso",
            "time": [0.0, 0.0833, 0.1667, 0.25, 0.3333, 0.3667, 0.6667, 1.0],