{
    "animation": [
        {
            "name": "Root",
            "time": [0.0, 0.6667, 1.3333, 2.0, 2.6667],
            "transform": [
                [0.981375, -0.0, -0.1921, -0.018295, -0.1921, -0.0, -0.981375, -1e-06, -0.0, 1.0, -0.0, 1.738909, 0.0, 0.0, 0.0, 1.0],
                [0.981375, -0.0, -0.1921, -5e-06, -0.1921, -0.0, -0.981375, 0.026931, -0.0, 1.0, -0.0, 1.738909, 0.0, 0.0, 0.0, 1.0],
                [0.981375, -0.0, -0.1921, 0.031351, -0.1921, -0.0, -0.981375, 0.002554, -0.0, 1.0, -0.0, 1.738909, 0.0, 0.0, 0.0, 1.0],
                [0.981375, -0.0, -0.1921, 0.007545, -0.1921, -0.0, -0.981375, -0.01272, -0.0, 1.0, -0.0, 1.738909, 0.0, 0.0, 0.0, 1.0],
                [0.981375, -0.0, -0.1921, -0.018295, -0.1921, -0.0, -0.981375, -1e-06, -0.0, 1.0, -0.0, 1.738909, 0.0, 0.0, 0.0, 1.0]
            ]
        },
        {
            "name": "Thigh_R",
            "time": [0.0, 0.6667, 1.3333, 2.0, 2.6667],
            "transform": [
                [0.3446, 0.34642, 0.872493, 0.124994, 0.449887, -0.876679, 0.170395, -0.061515, 0.823925, 0.333805, -0.457954, -1.2e-05, 0.0, 0.0, 0.0, 1.0],
                [0.3446, 0.34642, 0.872493, 0.124994, 0.449887, -0.876679, 0.170395, -0.061515, 0.823925, 0.333805, -0.457954, -1.2e-05, 0.0, 0.0, 0.0, 1.0],
                [0.343271, 0.341038, 0.875134, 0.124994, 0.445627, -0.879336, 0.167879, -0.061514, 0.82679, 0.332355, -0.453827, -1.2e-05, 0.0, 0.0, 0.0, 1.0],
                [0.342433, 0.368998, 0.864049, 0.124994, 0.439757, -0.87564, 0.199668, -0.061514, 0.830273, 0.311599, -0.462118, -1.2e-05, 0.0, 0.0, 0.0, 1.0],
                [0.3446, 0.34642, 0.872493, 0.124994, 0.449887, -0.876679, 0.170395, -0.061515, 0.823925, 0.333805, -0.457954, -1.2e-05, 0.0, 0.0, 0.0, 1.0]
            ]
        },
        {
            "name": "Leg_R",
            "time": [0.0, 0.6667, 1.3333, 2.0, 2.6667],
            "transform": [
                [1.0, 1e-06, -0.0, 0.0, -0.0, 0.96984, 0.243746, 0.906668, 0.0, -0.243746, 0.969838, 0.0, 0.0, 0.0, 0.0, 1.0],
                [1.0, 1e-06, -0.0, 0.0, -0.0, 0.96984, 0.243746, 0.906668, 0.0, -0.243746, 0.969838, -0.0, 0.0, 0.0, 0.0, 1.0],
                [1.0, 0.0, -0.0, -0.0, -0.0, 0.954297, 0.298864, 0.906668, 0.0, -0.298865, 0.954295, -0.0, 0.0, 0.0, 0.0, 1.0],
                [1.0, 0.0, -0.0, -0.0, -0.0, 0.944775, 0.327723, 0.906668, 0.0, -0.327723, 0.944773, 0.0, 0.0, 0.0, 0.0, 1.0],
                [1.0, 1e-06, -0.0, 0.0, -0.0, 0.96984, 0.243746, 0.906668, 0.0, -0.243746, 0.969838, 0.0, 0.0, 0.0, 0.0, 1.0]
            ]
        },
        {
            "name": "Knee_R",
            "time": [0.0, 2.6667],
            "transform": [
                [1.0, -0.0, -0.0, -0.0, -0.0, 0.0, -1.0, 0.912652, 0.0, 1.0, 0.0, -0.0, 0.0, 0.0, 0.0, 1.0],
                [1.0, -0.0, -0.0, -0.0, -0.0, 0.0, -1.0, 0.912652, 0.0, 1.0, 0.0, -0.0, 0.0, 0.0, 0.0, 1.0]
            ]
        },
        {
            "name": "Thigh_L",
            "time": [0.0, 0.6667, 1.3333, 2.0, 2.6667],
            "transform": [
                [0.789601, -0.37802, -0.483354, -0.125006, 0.033023, -0.760388, 0.648629, -0.061515, -0.612731, -0.52812, -0.58792, -1.2e-05, 0.0, 0.0, 0.0, 1.0],
                [0.793612, -0.389949, -0.467033, -0.125006, 0.008767, -0.760202, 0.649627, -0.061514, -0.608361, -0.519646, -0.599887, -1.2e-05, 0.0, 0.0, 0.0, 1.0],
                [0.797697, -0.396218, -0.454633, -0.125006, -0.0072, -0.760083, 0.649786, -0.061514, -0.603016, -0.515059, -0.609168, -1.2e-05, 0.0, 0.0, 0.0, 1.0],
                [0.798794, -0.382123, -0.46466, -0.125006, 0.014082, -0.760281, 0.649441, -0.061514, -0.601439, -0.525313, -0.601927, -1.2e-05, 0.0, 0.0, 0.0, 1.0],
                [0.789601, -0.37802, -0.483354, -0.125006, 0.033023, -0.760388, 0.648629, -0.061515, -0.612731, -0.52812, -0.58792, -1.2e-05, 0.0, 0.0, 0.0, 1.0]
            ]
        },
        {
            "name": "Leg_L",
            "time": [0.0, 0.6667, 1.3333, 2.0, 2.6667],
            "transform": [
                [0.999987, -0.0, 0.005031, 0.0, -0.003277, 0.758612, 0.651534, 0.906668, -0.003816, -0.651542, 0.758603, 0.0, 0.0, 0.0, 0.0, 1.0],
                [0.99994, -0.0, 0.010921, -0.0, -0.0073, 0.743718, 0.668454, 0.906668, -0.008122, -0.668494, 0.743674, 0.0, 0.0, 0.0, 0.0, 1.0],
                [0.999784, -0.0, 0.020802, 0.0, -0.013157, 0.774553, 0.632373, 0.906668, -0.016113, -0.632509, 0.774386, 0.0, 0.0, 0.0, 0.0, 1.0],
                [0.999593, -0.0, 0.028533, 0.0, -0.017934, 0.777776, 0.628286, 0.906668, -0.022193, -0.628541, 0.77746, -0.0, 0.0, 0.0, 0.0, 1.0],
                [0.999987, -0.0, 0.005031, 0.0, -0.003277, 0.758612, 0.651534, 0.906668, -0.003816, -0.651542, 0.758603, 0.0, 0.0, 0.0, 0.0, 1.0]
            ]
        },
        {
            "name": "Knee_L",
            "time": [0.0, 2.6667],
            "transform": [
                [1.0, -0.0, -0.0, 0.0, -0.0, 0.0, -1.0, 0.932249, 0.0, 1.0, 0.0, 0.0, 0.0, 0.0, 0.0, 1.0],
                [1.0, -0.0, -0.0, 0.0, -0.0, 0.0, -1.0, 0.932249, 0.0, 1.0, 0.0, 0.0, 0.0, 0.0, 0.0, 1.0]
            ]
        },
        {
            "name": "Torso",
            "time": [0.0, 0.6667, 1.3333, 2.0, 2.6667],
            "transform": [
                [0.999528, -0.030464, -0.003877, -0.0, 0.029814, 0.932338, 0.360356, 0.05, -0.007363, -0.360301, 0.932807, -0.0, 0.0, 0.0, 0.0, 1.0],
                [0.999704, -0.024273, -0.001516, 0.0, 0.023036, 0.925067, 0.379104, 0.05, -0.0078, -0.379027, 0.925353, -0.0, 0.0, 0.0, 0.0, 1.0],
                [0.99991, -0.013024, 0.003071, -0.0, 0.010905, 0.926117, 0.377079, 0.05, -0.007755, -0.377011, 0.926176, -0.0, 0.0, 0.0, 0.0, 1.0],
                [0.999803, -0.019821, 0.000324, -0.0, 0.018379, 0.932923, 0.359605, 0.05, -0.00743, -0.359529, 0.933104, 0.0, 0.0, 0.0, 0.0, 1.0],
                [0.999528, -0.030464, -0.003877, -0.0, 0.029814, 0.932338, 0.360356, 0.05, -0.007363, -0.360301, 0.932807, -0.0, 0.0, 0.0, 0.0, 1.0]
            ]
        },
        {
            "name": "Chest",
            "time": [0.0, 0.6667, 1.3333, 2.6667],
            "transform": [
                [0.999984, -0.000798, 0.005538, -0.0, -0.000694, 0.964431, 0.264334, 0.3, -0.005552, -0.264333, 0.964415, -0.0, 0.0, 0.0, 0.0, 1.0],
                [0.999984, -0.000798, 0.005538, 0.0, -0.000694, 0.964431, 0.264334, 0.3, -0.005552, -0.264334, 0.964415, -0.0, 0.0, 0.0, 0.0, 1.0],
                [0.999984, -0.000798, 0.005538, 0.0, -0.000694, 0.964431, 0.264334, 0.3, -0.005552, -0.264333, 0.964415, 0.0, 0.0, 0.0, 0.0, 1.0],
                [0.999984, -0.000798, 0.005538, -0.0, -0.000694, 0.964431, 0.264334, 0.3, -0.005552, -0.264333, 0.964415, -0.0, 0.0, 0.0, 0.0, 1.0]
            ]
        },
        {
            "name": "Shoulder_R",
            "time": [0.0, 0.6667, 1.3333, 2.0, 2.6667],
            "transform": [
                [-0.040709, 0.99484, 0.092927, 0.0, 0.006906, -0.092722, 0.995668, 0.4, 0.999147, 0.041174, -0.003095, -0.0, 0.0, 0.0, 0.0, 1.0],
                [-0.040709, 0.99484, 0.092928, 0.0, 0.006906, -0.092723, 0.995668, 0.4, 0.999147, 0.041174, -0.003095, 0.0, 0.0, 0.0, 0.0, 1.0],
                [-0.040709, 0.99484, 0.092928, 0.0, 0.006905, -0.092723, 0.995668, 0.4, 0.999147, 0.041174, -0.003095, -0.0, 0.0, 0.0, 0.0, 1.0],
                [-0.040709, 0.99484, 0.092928, -0.0, 0.006906, -0.092723, 0.995668, 0.4, 0.999147, 0.041174, -0.003095, -0.0, 0.0, 0.0, 0.0, 1.0],
                [-0.040709, 0.99484, 0.092927, 0.0, 0.006906, -0.092722, 0.995668, 0.4, 0.999147, 0.041174, -0.003095, -0.0, 0.0, 0.0, 0.0, 1.0]
            ]
        },
        {
            "name": "Arm_R",
            "time": [0.0, 2.6667],