{
    "animation": [
        {
            "name": "Root",
            "time": [0.0, 0.1, 0.2, 0.3, 0.4, 0.5, 0.6, 0.7, 0.8],
            "transform": [
                [1.0, 0.0, 0.0, -0.018295, 0.0, 0.0, -1.0, -1e-06, 0.0, 1.0, 0.0, 1.502712, 0.0, 0.0, 0.0, 1.0],
                [1.0, 0.0, 0.0, -0.018295, 0.0, 0.0, -1.0, 0.021672, 0.0, 1.0, 0.0, 1.321653, 0.0, 0.0, 0.0, 1.0],
                [1.0, 0.0, 0.0, -0.018295, 0.0, 0.0, -1.0, 0.043345, 0.0, 1.0, 0.0, 1.140594, 0.0, 0.0, 0.0, 1.0],
                [1.0, 0.0, 0.0, -0.018295, 0.0, 0.0, -1.0, 0.021672, 0.0, 1.0, 0.0, 1.321653, 0.0, 0.0, 0.0, 1.0],
                [1.0, 0.0, 0.0, -0.018295, 0.0, 0.0, -1.0, -1e-06, 0.0, 1.0, 0.0, 1.502712, 0.0, 0.0, 0.0, 1.0],
                [1.0, 0.0, 0.0, -0.018295, 0.0, 0.0, -1.0, 0.021672, 0.0, 1.0, 0.0, 1.323248, 0.0, 0.0, 0.0, 1.0],
                [1.0, 0.0, 0.0, -0.018295, 0.0, 0.0, -1.0, 0.043345, 0.0, 1.0, 0.0, 1.143784, 0.0, 0.0, 0.0, 1.0],
                [1.0, 0.0, 0.0, -0.018295, 0.0, 0.0, -1.0, 0.021672, 0.0, 1.0, 0.0, 1.323248, 0.0, 0.0, 0.0, 1.0],
                [1.0, 0.0, 0.0, -0.018295, 0.0, 0.0, -1.0, -1e-06, 0.0, 1.0, 0.0, 1.502712, 0.0, 0.0, 0.0, 1.0]
            ]
        },
        {
            "name": "Thigh_R",
            "time": [0.0, 0.1, 0.2, 0.3, 0.4, 0.5, 0.6, 0.7, 0.8],
            "transform": [
                [0.9997, 0.00013, -0.024499, 0.124994, 0.019031, -0.633913, 0.773169, -0.061515, -0.01543, -0.773403, -0.633727, -1.2e-05, 0.0, 0.0, 0.0, 1.0],
                [0.99965, -0.00197, -0.026373, 0.124994, 0.021846, -0.500547, 0.865434, -0.061515, -0.014906, -0.865706, -0.500329, -1.2e-05, 0.0, 0.0, 0.0, 1.0],
                [0.999614, -0.000882, -0.027757, 0.124994, 0.023928, -0.479979, 0.876953, -0.061515, -0.014096, -0.877278, -0.479774, -1.2e-05, 0.0, 0.0, 0.0, 1.0],
                [0.999706, 0.00395, -0.023926, 0.124994, 0.018964, -0.742252, 0.669851, -0.061515, -0.015113, -0.670107, -0.74211, -1.2e-05, 0.0, 0.0, 0.0, 1.0],
                [0.999827, 0.011454, -0.014622, 0.124994, 0.012627, -0.996489, 0.082752, -0.061515, -0.013623, -0.082922, -0.996463, -1.2e-05, 0.0, 0.0, 0.0, 1.0],
                [0.999898, 0.011101, -0.008937, 0.124994, 0.009564, -0.987602, -0.156679, -0.061515, -0.010566, 0.156578, -0.987609, -1.2e-05, 0.0, 0.0, 0.0, 1.0],
                [0.999917, 0.012437, -0.003434, 0.124994, 0.008938, -0.859613, -0.510865, -0.061515, -0.009305, 0.510792, -0.859654, -1.2e-05, 0.0, 0.0, 0.0, 1.0],
                [0.99984, 0.007515, -0.016253, 0.124994, 0.011768, -0.959892, 0.280119, -0.061515, -0.013496, -0.280264, -0.959828, -1.2e-05, 0.0, 0.0, 0.0, 1.0],
                [0.9997, 0.000131, -0.024499, 0.124994, 0.019031, -0.633913, 0.773169, -0.061515, -0.015429, -0.773403, -0.633727, -1.2e-05, 0.0, 0.0, 0.0, 1.0]
            ]
        },
        {
            "name": "Leg_R",
            "time": [0.0, 0.1, 0.2, 0.3, 0.4, 0.5, 0.6, 0.7, 0.8],
            "transform": [
                [1.0, -1e-06, 1e-06, 0.0, -1e-06, -0.129314, 0.991603, 0.694429, -1e-06, -0.991605, -0.129313, 0.0, 0.0, 0.0, 0.0, 1.0],
                [1.0, -1e-06, 0.0, -0.0, -0.0, 0.055655, 0.998449, 0.694429, -1e-06, -0.998451, 0.055655, 0.0, 0.0, 0.0, 0.0, 1.0],
                [1.0, -1e-06, 0.0, -0.0, -0.0, 0.39009, 0.920776, 0.694429, -1e-06, -0.920778, 0.390089, -0.0, 0.0, 0.0, 0.0, 1.0],
                [1.0, -1e-06, 4e-06, -0.0, -3e-06, 0.65063, 0.759395, 0.694429, -3e-06, -0.759396, 0.650629, 0.0, 0.0, 0.0, 0.0, 1.0],
                [1.0, -0.0, 5e-06, 0.0, -1e-06, 0.985275, 0.170982, 0.694429, -5e-06, -0.170982, 0.985273, 0.0, 0.0, 0.0, 0.0, 1.0],
                [1.0, -0.0, 3e-06, -0.0, -1e-06, 0.857686, 0.514175, 0.694429, -3e-06, -0.514176, 0.857684, -0.0, 0.0, 0.0, 0.0, 1.0],
                [1.0, -0.0, 1e-06, -0.0, -0.0, 0.945896, 0.324471, 0.694429, -1e-06, -0.324472, 0.945895, -0.0, 0.0, 0.0, 0.0, 1.0],
                [1.0, -1e-06, 2e-06, 0.0, -1e-06, 0.202402, 0.979302, 0.694429, -1e-06, -0.979304, 0.202401, 0.0, 0.0, 0.0, 0.0, 1.0],
                [1.0, -1e-06, 4e-06, 0.0, -4e-06, -0.129313, 0.991603, 0.694429, -0.0, -0.991605, -0.129313, -0.0, 0.0, 0.0, 0.0, 1.0]
            ]
        },
        {
            "name": "Thigh_L",
            "time": [0.0, 0.1, 0.2, 0.3, 0.4, 0.5, 0.6, 0.7, 0.8],
            "transform": [
                [0.999868, 0.013327, 0.009308, -0.125006, 0.01269, -0.997777, 0.065416, -0.061515, 0.01016, -0.065289, -0.997815, -1.2e-05, 0.0, 0.0, 0.0, 1.0],
                [0.999832, 0.017276, 0.006111, -0.125006, 0.017015, -0.999032, 0.040561, -0.061515, 0.006806, -0.04045, -0.999158, -1.2e-05, 0.0, 0.0, 0.0, 1.0],
                [0.999894, 0.01389, 0.004429, -0.125006, 0.014231, -0.863897, -0.503467, -0.061515, -0.003167, 0.503477, -0.864003, -1.2e-05, 0.0, 0.0, 0.0, 1.0],
                [0.999741, 0.02247, 0.003474, -0.125006, 0.021747, -0.989582, 0.142318, -0.061515, 0.006635, -0.142205, -0.989815, -1.2e-05, 0.0, 0.0, 0.0, 1.0],
                [0.999481, 0.032197, 0.001272, -0.125006, 0.019445, -0.634142, 0.772971, -0.061515, 0.025694, -0.772545, -0.63444, -1.2e-05, 0.0, 0.0, 0.0, 1.0],
                [0.998982, 0.040881, 0.019097, -0.125006, 0.000967, -0.442534, 0.896751, -0.061515, 0.045111, -0.895819, -0.442123, -1.2e-05, 0.0, 0.0, 0.0, 1.0],
                [0.999884, 0.011645, -0.009818, -0.125006, 0.014231, -0.484469, 0.874692, -0.061515, 0.005429, -0.87473, -0.484579, -1.2e-05, 0.0, 0.0, 0.0, 1.0],
                [0.999771, 0.020034, 0.007538, -0.125006, 0.010571, -0.768311, 0.639989, -0.061515, 0.018613, -0.639763, -0.768347, -1.2e-05, 0.0, 0.0, 0.0, 1.0],
                [0.999731, 0.01393, 0.018517, -0.125006, 0.012689, -0.997769, 0.065534, -0.061515, 0.019389, -0.065281, -0.997678, -1.2e-05, 0.0, 0.0, 0.0, 1.0]
            ]
        },
        {
            "name": "Leg_L",
            "time": [0.0, 0.1, 0.2, 0.3, 0.4, 0.5, 0.6, 0.7, 0.8],
            "transform": [
                [0.99966, -0.0, 0.026068, 0.0, -0.003268, 0.992111, 0.125315, 0.694429, -0.025863, -0.125358, 0.991775, -0.0, 0.0, 0.0, 0.0, 1.0],
                [0.999627, -0.0, 0.027331, 0.0, -0.018727, 0.728354, 0.684945, 0.694429, -0.019907, -0.6852, 0.728083, 0.0, 0.0, 0.0, 0.0, 1.0],
                [0.999698, -0.0, 0.024589, -0.0, -0.008424, 0.939477, 0.342508, 0.694429, -0.0231, -0.342611, 0.939193, 0.0, 0.0, 0.0, 0.0, 1.0],
                [0.999132, -1e-06, 0.041662, -0.0, -0.039654, 0.306699, 0.95098, 0.694429, -0.012778, -0.951806, 0.306433, -0.0, 0.0, 0.0, 0.0, 1.0],
                [0.99699, -1e-06, 0.077525, -0.0, -0.076874, -0.129331, 0.988618, 0.694429, 0.010026, -0.991601, -0.128942, -0.0, 0.0, 0.0, 0.0, 1.0],
                [0.99058, -1e-06, 0.136939, 0.0, -0.135713, 0.133493, 0.981714, 0.694429, -0.018281, -0.991049, 0.132235, 0.0, 0.0, 0.0, 0.0, 1.0],
                [0.999732, -1e-06, 0.023148, 0.0, -0.021276, 0.393919, 0.918899, 0.694429, -0.009119, -0.919145, 0.393814, 0.0, 0.0, 0.0, 0.0, 1.0],
                [0.999297, -1e-06, 0.037493, 0.0, -0.030157, 0.594173, 0.803772, 0.694429, -0.022278, -0.804337, 0.593755, 0.0, 0.0, 0.0, 0.0, 1.0],
                [0.999569, -0.0, 0.029351, -0.0, -0.003679, 0.992111, 0.125303, 0.694429, -0.02912, -0.125357, 0.991684, -0.0, 0.0, 0.0, 0.0, 1.0]
            ]
        },
        {
            "name": "Torso",
            "time": [0.0, 0.1, 0.2, 0.3, 0.4, 0.5, 0.6, 0.7, 0.8],