{
    "animation": [
        {
            "name": "Root",
            "time": [0.0, 0.0833, 0.1667, 0.25, 0.4167, 0.6667, 0.9167, 1.0417],
            "transform": [
                [0.861885, -0.480586, -0.161838, -0.123031, -0.303324, -0.232821, -0.924007, 0.551767, 0.406386, 0.845477, -0.346438, 1.54518, 0.0, 0.0, 0.0, 1.0],
                [0.483106, -0.236762, 0.842943, -0.126581, 0.649066, -0.549311, -0.52628, 0.639909, 0.587641, 0.801375, -0.111701, 1.564943, 0.0, 0.0, 0.0, 1.0],
                [0.124225, -0.058225, 0.990544, -0.127912, 0.731755, -0.668843, -0.131085, 0.67297, 0.670151, 0.74112, -0.04048, 1.572357, 0.0, 0.0, 0.0, 1.0],
                [0.066641, -0.018009, 0.997614, -0.120745, 0.449725, -0.891974, -0.046144, 0.64318, 0.890678, 0.451727, -0.051343, 1.573603, 0.0, 0.0, 0.0, 1.0],
                [0.04242, -0.003859, 0.999093, -0.168422, 0.253463, -0.967237, -0.014498, 0.623344, 0.966415, 0.253848, -0.040052, 1.582049, 0.0, 0.0, 0.0, 1.0],
                [0.535682, -0.277424, 0.797547, -0.133164, 0.596785, -0.543822, -0.590005, 0.731139, 0.597405, 0.792019, -0.125753, 1.560608, 0.0, 0.0, 0.0, 1.0],
                [0.319293, 0.008119, 0.947621, -0.133164, 0.947644, 0.002333, -0.319321, 1.266891, -0.004804, 0.999964, -0.006949, 1.423687, 0.0, 0.0, 0.0, 1.0],
                [0.319293, 0.008119, 0.947621, -0.133164, 0.947644, 0.002333, -0.319321, 1.266891, -0.004804, 0.999964, -0.006949, 1.423687, 0.0, 0.0, 0.0, 1.0]
            ]
        },
        {
            "name": "Thigh_R",
            "time": [0.0, 0.0833, 0.1667, 0.25, 0.4167, 0.6667, 0.9167, 1.0417],
            "transform": [
                [0.662987, -0.079766, -0.744369, 0.124994, 0.711874, -0.240558, 0.659823, -0.061515, -0.231696, -0.967351, -0.102703, -1.2e-05, 0.0, 0.0, 0.0, 1.0],
                [0.628244, -0.589836, -0.507348, 0.124994, 0.693166, 0.12821, 0.709283, -0.061515, -0.353314, -0.797279, 0.489402, -1.2e-05, 0.0, 0.0, 0.0, 1.0],
                [0.600419, -0.718266, -0.351554, 0.124994, 0.698189, 0.256495, 0.668387, -0.061515, -0.389908, -0.646764, 0.65549, -1.2e-05, 0.0, 0.0, 0.0, 1.0],
                [0.879676, -0.065183, -0.471086, 0.124994, 0.326287, -0.637928, 0.697555, -0.061515, -0.345988, -0.767331, -0.539902, -1.2e-05, 0.0, 0.0, 0.0, 1.0],
                [0.966117, 0.257884, -0.010662, 0.124994, 0.258065, -0.965871, 0.022221, -0.061515, -0.004567, -0.02422, -0.999696, -1.2e-05, 0.0, 0.0, 0.0, 1.0],
                [0.96632, 0.124246, -0.225362, 0.124994, 0.255099, -0.347096, 0.902468, -0.061515, 0.033906, -0.929562, -0.367102, -1.2e-05, 0.0, 0.0, 0.0, 1.0],
                [0.295442, 0.454403, 0.840376, 0.124994, 0.004653, -0.880316, 0.474364, -0.061515, 0.955349, -0.136237, -0.262197, -1.2e-05, 0.0, 0.0, 0.0, 1.0],
                [0.295442, 0.454403, 0.840376, 0.124994, 0.004653, -0.880316, 0.474364, -0.061515, 0.955349, -0.136237, -0.262197, -1.2e-05, 0.0, 0.0, 0.0, 1.0]
            ]
        },
        {
            "name": "Leg_R",
            "time": [0.0, 0.0833, 0.1667, 0.25, 0.4167, 0.6667, 0.9167, 1.0417],
            "transform": [
                [1.0, -1e-06, 0.0, -0.0, -0.0, 0.008986, 0.999959, 0.694429, -1e-06, -0.99996, 0.008986, -0.0, 0.0, 0.0, 0.0, 1.0],
                [1.0, -1e-06, 0.0, 0.0, -0.0, -0.074746, 0.997202, 0.694429, -1e-06, -0.997203, -0.074746, 0.0, 0.0, 0.0, 0.0, 1.0],
                [1.0, -1e-06, 0.0, 0.0, -0.0, -0.105729, 0.994395, 0.694429, -1e-06, -0.994396, -0.105728, 0.0, 0.0, 0.0, 0.0, 1.0],
                [1.0, -0.0, 1e-06, -0.0, -0.0, 0.739812, 0.672814, 0.694429, -1e-06, -0.672815, 0.73981, -0.0, 0.0, 0.0, 0.0, 1.0],
                [1.0, 0.0, 1e-06, 0.0, -0.0, 0.999769, 0.021514, 0.694429, -1e-06, -0.021514, 0.999768, 0.0, 0.0, 0.0, 0.0, 1.0],
                [1.0, -1e-06, 1e-06, -0.0, -1e-06, 0.015097, 0.999885, 0.694429, -1e-06, -0.999887, 0.015097, 0.0, 0.0, 0.0, 0.0, 1.0],
                [0.999668, -0.02029, -0.015899, 0.0, 0.025372, 0.883378, 0.467975, 0.694429, 0.00455, -0.468224, 0.883598, -0.0, 0.0, 0.0, 0.0, 1.0],
                [0.999668, -0.02029, -0.015899, 0.0, 0.025372, 0.883378, 0.467975, 0.694429, 0.00455, -0.468224, 0.883598, -0.0, 0.0, 0.0, 0.0, 1.0]
            ]
        },
        {
            "name": "Thigh_L",
            "time": [0.0, 0.0833, 0.1667, 0.25, 0.4167, 0.6667, 0.9167, 1.0417],
            "transform": [
                [0.912797, -0.408357, 0.00672, -0.125006, -0.385862, -0.867673, -0.313456, -0.061515, 0.133833, 0.283529, -0.949579, -1.2e-05, 0.0, 0.0, 0.0, 1.0],
                [0.85749, -0.514471, 0.005527, -0.125006, -0.513199, -0.856034, -0.061899, -0.061514, 0.036577, 0.050241, -0.998067, -1.2e-05, 0.0, 0.0, 0.0, 1.0],
                [0.755935, -0.654472, 0.015066, -0.125006, -0.654566, -0.755284, 0.033004, -0.061515, -0.010221, -0.034811, -0.999341, -1.2e-05, 0.0, 0.0, 0.0, 1.0],
                [0.446309, -0.894621, 0.021489, -0.125006, -0.894831, -0.44591, 0.020996, -0.061515, -0.009201, -0.0286, -0.999548, -1.2e-05, 0.0, 0.0, 0.0, 1.0],
                [0.247436, -0.968768, 0.01623, -0.125006, -0.968893, -0.247479, -0.000672, -0.061515, 0.004668, -0.015559, -0.999868, -1.2e-05, 0.0, 0.0, 0.0, 1.0],
                [0.754609, -0.630561, -0.181541, -0.125006, -0.639099, -0.768989, 0.014456, -0.061515, -0.148719, 0.105115, -0.983277, -1.2e-05, 0.0, 0.0, 0.0, 1.0],
                [0.912937, -0.357887, -0.19612, -0.125006, -0.353156, -0.93365, 0.059819, -0.061515, -0.204516, 0.01465, -0.978753, -1.2e-05, 0.0, 0.0, 0.0, 1.0],
                [0.912937, -0.357887, -0.19612, -0.125006, -0.353156, -0.93365, 0.059819, -0.061515, -0.204516, 0.01465, -0.978753, -1.2e-05, 0.0, 0.0, 0.0, 1.0]
            ]
        },
        {
            "name": "Leg_L",
            "time": [0.0, 1.0417],
            "transform": [
                [1.0, 0.000182, 6.9e-05, 0.0, -0.000187, 0.996648, 0.081803, 0.694429, -5.4e-05, -0.081803, 0.996649, -0.0, 0.0, 0.0, 0.0, 1.0],
                [1.0, 0.000182, 6.9e-05, -0.0, -0.000187, 0.996648, 0.081803, 0.694429, -5.4e-05, -0.081803, 0.996649, 0.0, 0.0, 0.0, 0.0, 1.0]
            ]
        },
        {
            "name": "Torso",
            "time": [0.0, 0.0833, 0.1667, 0.25, 0.4167, 0.6667, 0.9167, 1.0417],
            "transform": [
                [0.999817, -0.019119, -0.000421, -0.0, 0.019119, 0.998848, 0.044004, 0.05, -0.000421, -0.044004, 0.999031, 0.0, 0.0, 0.0, 0.0, 1.0],
                [0.999792, -0.020386, -0.000273, 0.0, 0.020387, 0.999433, 0.026796, 0.05, -0.000273, -0.026797, 0.999641, 0.0, 0.0, 0.0, 0.0, 1.0],
                [0.999782, -0.020861, -0.000212, 0.0, 0.020861, 0.999575, 0.020342, 0.05, -0.000212, -0.020342, 0.999793, 0.0, 0.0, 0.0, 0.0, 1.0],
                [0.99978, -0.020972, -0.000198, 0.0, 0.020971, 0.999603, 0.018837, 0.05, -0.000198, -0.018837, 0.999822, -0.0, 0.0, 0.0, 0.0, 1.0],
                [0.99978, -0.020971, -0.000198, -0.0, 0.020971, 0.999602, 0.018837, 0.05, -0.000198, -0.018837, 0.999823, 0.0, 0.0, 0.0, 0.0, 1.0],
                [0.999961, -0.008825, -3.5e-05, 0.0, 0.008825, 0.99993, 0.007918, 0.05, -3.5e-05, -0.007918, 0.999969, 0.0, 0.0, 0.0, 0.0, 1.0],
                [0.999961, -0.008825, -3.5e-05, 0.0, 0.008825, 0.99993, 0.007918, 0.05, -3.5e-05, -0.007918, 0.999969, -0.0, 0.0, 0.0, 0.0, 1.0],
                [0.999961, -0.008825, -3.5e-05, 0.0, 0.008825, 0.99993, 0.007918, 0.05, -3.5e-05, -0.007918, 0.999969, -0.0, 0.0, 0.0, 0.0, 1.0]
            ]
        },
        {
            "name": "Chest",
            "time": [0.0, 0.0833, 0.1667, 0.25, 0.4167, 0.6667, 0.9167, 1.0417],