{
    "animation": [
        {
            "name": "Root",
            "time": [0.0, 0.125, 0.2917, 0.5833, 1.0],
            "transform": [
                [1.0, 0.0, 0.0, -5e-06, -0.0, -0.29528, -0.955411, -1e-06, 0.0, 0.955411, -0.29528, 2.144354, 0.0, 0.0, 0.0, 1.0],
                [1.0, 0.0, 0.0, -5e-06, -0.0, -0.347439, -0.937703, 0.254304, 0.0, 0.937703, -0.347439, 2.355649, 0.0, 0.0, 0.0, 1.0],
                [1.0, 0.0, 0.0, -5e-06, -0.0, -0.017911, -0.99984, 1.141152, 0.0, 0.99984, -0.017911, 1.067512, 0.0, 0.0, 0.0, 1.0],
                [1.0, 0.0, 0.0, -5e-06, -0.0, 0.099796, -0.995008, 1.408512, 0.0, 0.995008, 0.099796, 0.476373, 0.0, 0.0, 0.0, 1.0],
                [1.0, 0.0, 0.0, -5e-06, -0.0, 0.099796, -0.995008, 1.408512, 0.0, 0.995008, 0.099796, 0.476373, 0.0, 0.0, 0.0, 1.0]
            ]
        },
        {
            "name": "Thigh_R",
            "time": [0.0, 0.125, 0.2917, 0.5833, 1.0],
            "transform": [
                [1.0, -1e-06, 1e-06, 0.124994, -1e-06, 0.453591, 0.891209, -0.061515, -1e-06, -0.891209, 0.453592, -1.2e-05, 0.0, 0.0, 0.0, 1.0],
                [1.0, -1e-06, 1e-06, 0.124994, -1e-06, 0.583209, 0.812322, -0.061515, -1e-06, -0.812322, 0.583209, -1.2e-05, 0.0, 0.0, 0.0, 1.0],
                [1.0, -1e-06, 1e-06, 0.124994, -1e-06, -0.015336, 0.999882, -0.061515, -1e-06, -0.999882, -0.015335, -1.2e-05, 0.0, 0.0, 0.0, 1.0],
                [1.0, -1e-06, 1e-06, 0.124994, -1e-06, -0.170658, 0.98533, -0.061515, -0.0, -0.98533, -0.170658, -1.2e-05, 0.0, 0.0, 0.0, 1.0],
                [1.0, -1e-06, 1e-06, 0.124994, -1e-06, -0.170658, 0.98533, -0.061515, -0.0, -0.98533, -0.170658, -1.2e-05, 0.0, 0.0, 0.0, 1.0]
            ]
        },
        {
            "name": "Leg_R",
            "time": [0.0, 0.125, 0.2917, 1.0],
            "transform": [
                [1.0, 1e-06, 1e-06, -0.0, -1e-06, 0.868556, 0.495592, 0.694429, -1e-06, -0.495593, 0.868554, -0.0, 0.0, 0.0, 0.0, 1.0],
                [1.0, 0.0, 1e-06, -0.0, -0.0, 0.991681, 0.128724, 0.694429, -1e-06, -0.128724, 0.99168, 0.0, 0.0, 0.0, 0.0, 1.0],
                [1.0, 0.0, 1e-06, -0.0, -0.0, 1.000001, -0.0, 0.694429, -1e-06, 0.0, 0.999999, -0.0, 0.0, 0.0, 0.0, 1.0],
                [1.0, 0.0, 1e-06, -0.0, -0.0, 1.000001, -0.0, 0.694429, -1e-06, 0.0, 0.999999, 0.0, 0.0, 0.0, 0.0, 1.0]
            ]
        },
        {
            "name": "Thigh_L",
            "time": [0.0, 0.125, 0.2917, 0.5833, 1.0],
            "transform": [
                [1.0, 0.0, 0.0, -0.125006, -0.0, -0.985828, -0.167756, -0.061515, 0.0, 0.167756, -0.985828, -1.2e-05, 0.0, 0.0, 0.0, 1.0],
                [1.0, 0.0, 0.0, -0.125006, 0.0, -0.946708, -0.322093, -0.061515, 0.0, 0.322093, -0.946708, -1.2e-05, 0.0, 0.0, 0.0, 1.0],
                [1.0, 0.0, 0.0, -0.125006, 0.0, -0.663496, -0.74818, -0.061515, 0.0, 0.74818, -0.663495, -1.2e-05, 0.0, 0.0, 0.0, 1.0],
                [1.0, 0.0, 0.0, -0.125006, 0.0, -0.473157, -0.880978, -0.061515, 0.0, 0.880978, -0.473157, -1.2e-05, 0.0, 0.0, 0.0, 1.0],
                [1.0, 0.0, 0.0, -0.125006, 0.0, -0.473157, -0.880978, -0.061515, 0.0, 0.880978, -0.473157, -1.2e-05, 0.0, 0.0, 0.0, 1.0]
            ]
        },
        {
            "name": "Leg_L",
            "time": [0.0, 0.125, 0.2917, 0.5833, 1.0],
            "transform": [
                [1.0, 0.0, 1e-06, 0.0, -1e-06, 0.054524, 0.998513, 0.694429, 0.0, -0.998512, 0.054524, 0.0, 0.0, 0.0, 0.0, 1.0],
                [1.0, 0.0, 1e-06, 0.0, -1e-06, -0.08792, 0.996128, 0.694429, 0.0, -0.996127, -0.08792, 0.0, 0.0, 0.0, 0.0, 1.0],
                [1.0, 0.0, 0.0, 0.0, -0.0, 0.83873, 0.544547, 0.694429, -0.0, -0.544547, 0.838731, 0.0, 0.0, 0.0, 0.0, 1.0],
                [1.0, -0.0, 0.0, 0.0, 0.0, 0.976581, 0.215151, 0.694429, -0.0, -0.215151, 0.976581, -0.0, 0.0, 0.0, 0.0, 1.0],
                [1.0, -0.0, 0.0, 0.0, 0.0, 0.976581, 0.215151, 0.694429, -0.0, -0.215151, 0.976581, -0.0, 0.0, 0.0, 0.0, 1.0]
            ]
        },
        {
            "name": "Torso",
            "time": [0.0, 0.125, 0.2917, 1.0],
            "transform": [
                [1.0, 0.0, 0.0, 0.0, 0.0, 0.998221, 0.059626, 0.05, 0.0, -0.059626, 0.998221, 0.0, 0.0, 0.0, 0.0, 1.0],
                [1.0, 0.0, 0.0, 0.0, 0.0, 0.999889, 0.014914, 0.05, 0.0, -0.014914, 0.999889, 0.0, 0.0, 0.0, 0.0, 1.0],
                [1.0, 0.0, 0.0, 0.0, 0.0, 1.0, 0.0, 0.05, 0.0, -0.0, 1.0, 0.0, 0.0, 0.0, 0.0, 1.0],
                [1.0, 0.0, 0.0, -0.0, 0.0, 1.0, 0.0, 0.05, 0.0, 0.0, 1.0, -0.0, 0.0, 0.0, 0.0, 1.0]
            ]
        },
        {
            "name": "Chest",
            "time": [0.0, 0.125, 0.2917, 1.0],
            "transform": [
                [1.0, -0.0, 0.0, -0.0, 0.0, 0.933909, 0.357511, 0.3, -0.0, -0.357511, 0.933909, 0.0, 0.0, 0.0, 0.0, 1.0],
                [1.0, -0.0, 0.0, 0.0, 0.0, 0.927621, 0.373524, 0.3, -0.0, -0.373524, 0.927621, 0.0, 0.0, 0.0, 0.0, 1.0],
                [1.0, -0.0, 0.0, 0.0, 0.0, 0.925463, 0.378837, 0.3, -0.0, -0.378837, 0.925463, -0.0, 0.0, 0.0, 0.0, 1.0],
                [1.0, -0.0, 0.0, 0.0, 0.0, 0.925463, 0.378837, 0.3, -0.0, -0.378837, 0.925463, -0.0, 0.0, 0.0, 0.0, 1.0]
            ]
        },
        {
            "name": "Shoulder_R",
            "time": [0.0, 1.0],
            "transform": [
                [0.0, 0.963581, 0.267415, 0.0, 1e-06, -0.267415, 0.963581, 0.399999, 1.0, -0.0, -1e-06, 0.0, 0.0, 0.0, 0.0, 1.0],
                [0.0, 0.963581, 0.267415, 0.0, 1e-06, -0.267415, 0.963582, 0.399999, 1.0, -0.0, -1e-06, 0.0, 0.0, 0.0, 0.0, 1.0]
            ]
        },
        {
            "name": "Arm_R",
            "time": [0.0, 0.125, 0.2917, 0.5833, 1.0],
            "transform": [
                [0.893197, 0.324318, -0.311476, 0.0, 0.254291, 0.206976, 0.944721, 0.325291, 0.370858, -0.923027, 0.102399, 0.0, 0.0, 0.0, 0.0, 1.0],
                [0.893197, 0.324318, -0.311476, 0.0, 0.254291, 0.206976, 0.94472, 0.325291, 0.370858, -0.923027, 0.102399, 0.0, 0.0, 0.0, 0.0, 1.0],
                [0.096305, 0.641802, -0.760799, -0.0, 0.865939, 0.322865, 0.381979, 0.325291, 0.49079, -0.695592, -0.524668, 0.0, 0.0, 0.0, 0.0, 1.0],
                [-0.219812, 0.67482, -0.704486, 0.0, 0.899265, 0.420099, 0.121822, 0.325291, 0.378161, -0.606741, -0.699185, 0.0, 0.0, 0.0, 0.0, 1.0],
                [-0.219812, 0.67482, -0.704486, 0.0, 0.899265, 0.420099, 0.121822, 0.325291, 0.378161, -0.606741, -0.699185, 0.0, 0.0, 0.0, 0.0, 1.0]
            ]
        },
        {
            "name": "Hand_R",
            "time": [0.0, 0.125, 0.2917, 0.5833, 1.0],
            "transform": [
                [1.0, -0.0, -0.0, -0.0, -0.0, 0.954122, -0.29942, 0.79918, 0.0, 0.29942, 0.954122, 0.0, 0.0, 0.0, 0.0, 1.0],
                [1.0, -0.0, -0.0, 0.0, 0.0, 0.954121, -0.29942, 0.799181, 0.0, 0.29942, 0.954121, 0.0, 0.0, 0.0, 0.0, 1.0],
                [1.0, -0.0, -0.0, -0.0, 0.0, 0.936896, -0.349608, 0.799181, 0.0, 0.349608, 0.936896, 0.0, 0.0, 0.0, 0.0, 1.0],
                [1.0, 0.0, -0.0, 0.0, -0.0, 0.930566, -0.366123, 0.799181, 0.0, 0.366123, 0.930566, 0.0, 0.0, 0.0, 0.0, 1.0],
                [1.0, 0.0, -0.0, 0.0, -0.0, 0.930566, -0.366123, 0.799181, 0.0, 0.366123, 0.930566, 0.0, 0.0, 0.0, 0.0, 1.0]
            ]
        },
        {
            "name": "Tool_R",
            "time": [0.0, 1.0],
            "transform": [
                [1.0, 0.0, 0.0, -0.0, 0.0, -0.999524, -0.030857, 0.781441, 0.0, 0.030857, -0.999542, -0.0, 0.0, 0.0, 0.0, 1.0],
                [1.0, 0.0, 0.0, -0.0, 0.0, -0.999524, -0.030857, 0.78144, 0.0, 0.030857, -0.999542, 0.0, 0.0, 0.0, 0.0, 1.0]
            ]
        },
        {
            "name": "Shoulder_L",
            "time": [0.0, 1.0],