{
    "animation": [
        {
            "name": "Root",
            "time": [0.0, 0.2167, 0.4333, 0.65, 0.8667],
            "transform": [
                [0.854689, 0.0, -0.51914, -5e-06, -0.51914, 0.0, -0.854689, 0.000946, 0.0, 1.0, 0.0, 0.755725, 0.0, 0.0, 0.0, 1.0],
                [0.854689, 0.0, -0.51914, -5e-06, -0.51914, 0.0, -0.854689, 0.000946, 0.0, 1.0, 0.0, 0.680471, 0.0, 0.0, 0.0, 1.0],
                [0.854689, 0.0, -0.51914, -5e-06, -0.51914, 0.0, -0.854689, 0.000946, 0.0, 1.0, 0.0, 0.76325, 0.0, 0.0, 0.0, 1.0],
                [0.854689, 0.0, -0.51914, -5e-06, -0.51914, 0.0, -0.854689, 0.000946, 0.0, 1.0, 0.0, 0.680471, 0.0, 0.0, 0.0, 1.0],
                [0.854689, 0.0, -0.51914, -5e-06, -0.51914, 0.0, -0.854689, 0.000946, 0.0, 1.0, 0.0, 0.755725, 0.0, 0.0, 0.0, 1.0]
            ]
        },
        {
            "name": "Thigh_R",
            "time": [0.0, 0.2167, 0.4333, 0.65, 0.8667],
            "transform": [
                [0.852956, -0.29777, -0.428719, 0.124994, 0.0, -0.821326, 0.570459, -0.002831, -0.521983, -0.486575, -0.700555, -1.2e-05, 0.0, 0.0, 0.0, 1.0],
                [0.857643, -0.326021, -0.397691, 0.124994, 0.0, -0.773348, 0.633981, -0.002831, -0.514245, -0.543729, -0.663258, -1.2e-05, 0.0, 0.0, 0.0, 1.0],
                [0.861129, -0.022176, -0.507902, 0.124994, 0.0, -0.999047, 0.04362, -0.002831, -0.508386, -0.037562, -0.86031, -1.2e-05, 0.0, 0.0, 0.0, 1.0],
                [0.852305, 0.211348, -0.478444, 0.124994, 0.0, -0.914727, -0.404072, -0.002831, -0.523045, 0.344392, -0.779626, -1.2e-05, 0.0, 0.0, 0.0, 1.0],
                [0.852956, -0.29777, -0.428719, 0.124994, 0.0, -0.821326, 0.570459, -0.002831, -0.521983, -0.486575, -0.700555, -1.2e-05, 0.0, 0.0, 0.0, 1.0]
            ]
        },
        {
            "name": "Leg_R",
            "time": [0.0, 0.2167, 0.4333, 0.65, 0.8667],
            "transform": [
                [1.0, 0.0, 1e-06, 0.0, -1e-06, 0.375306, 0.9269, 0.37472, -0.0, -0.926902, 0.375306, 0.0, 0.0, 0.0, 0.0, 1.0],
                [1.0, 0.0, 1e-06, 0.0, -1e-06, 0.773965, 0.633228, 0.37472, -1e-06, -0.633229, 0.773964, 0.0, 0.0, 0.0, 0.0, 1.0],
                [1.0, 0.0, 1e-06, -0.0, -0.0, 0.996195, 0.087156, 0.37472, -1e-06, -0.087156, 0.996194, 0.0, 0.0, 0.0, 0.0, 1.0],
                [1.0, 0.0, 1e-06, -0.0, -0.0, 0.996195, 0.087156, 0.37472, -1e-06, -0.087156, 0.996194, 0.0, 0.0, 0.0, 0.0, 1.0],
                [1.0, 0.0, 1e-06, 0.0, -1e-06, 0.375306, 0.9269, 0.37472, -0.0, -0.926902, 0.375306, 0.0, 0.0, 0.0, 0.0, 1.0]
            ]
        },
        {
            "name": "Thigh_L",
            "time": [0.0, 0.2167, 0.4333, 0.65, 0.8667],
            "transform": [
                [0.856145, -0.02254, -0.516244, -0.125006, 0.0, -0.999048, 0.04362, -0.002831, -0.516736, -0.037345, -0.85533, -1.2e-05, 0.0, 0.0, 0.0, 1.0],
                [0.854489, 0.208365, -0.475849, -0.125006, 0.0, -0.916029, -0.401112, -0.002831, -0.519469, 0.342746, -0.782737, -1.2e-05, 0.0, 0.0, 0.0, 1.0],
                [0.855669, -0.198048, -0.47813, -0.125006, 0.0, -0.923879, 0.382684, -0.002831, -0.517524, -0.32745, -0.790534, -1.2e-05, 0.0, 0.0, 0.0, 1.0],
                [0.854509, -0.331522, -0.399884, -0.125006, 0.0, -0.769842, 0.638235, -0.002831, -0.519436, -0.545377, -0.657837, -1.2e-05, 0.0, 0.0, 0.0, 1.0],
                [0.856145, -0.02254, -0.516244, -0.125006, 0.0, -0.999048, 0.04362, -0.002831, -0.516736, -0.037345, -0.85533, -1.2e-05, 0.0, 0.0, 0.0, 1.0]
            ]
        },
        {
            "name": "Leg_L",
            "time": [0.0, 0.2167, 0.4333, 0.65, 0.8667],
            "transform": [
                [1.0, 0.0, 1e-06, 0.0, -0.0, 0.996194, 0.087156, 0.37472, -1e-06, -0.087156, 0.996195, -0.0, 0.0, 0.0, 0.0, 1.0],
                [1.0, 0.0, 1e-06, -0.0, -0.0, 0.996194, 0.087156, 0.37472, -1e-06, -0.087156, 0.996195, 0.0, 0.0, 0.0, 0.0, 1.0],
                [1.0, -0.0, 1e-06, 0.0, -1e-06, 0.573576, 0.819152, 0.37472, -0.0, -0.819152, 0.573577, 0.0, 0.0, 0.0, 0.0, 1.0],
                [1.0, 0.0, 1e-06, -0.0, -1e-06, 0.769068, 0.639167, 0.37472, -1e-06, -0.639166, 0.769069, -0.0, 0.0, 0.0, 0.0, 1.0],
                [1.0, 0.0, 1e-06, 0.0, -0.0, 0.996194, 0.087156, 0.37472, -1e-06, -0.087156, 0.996195, -0.0, 0.0, 0.0, 0.0, 1.0]
            ]
        },
        {
            "name": "Torso",
            "time": [0.0, 0.2167, 0.4333, 0.65, 0.8667],
            "transform": [
                [0.99978, -0.020971, -0.000197, -0.0, 0.020971, 0.999603, 0.018833, 0.05, -0.000198, -0.018833, 0.999823, 0.0, 0.0, 0.0, 0.0, 1.0],
                [0.999301, -0.037365, -0.000728, -0.0, 0.037359, 0.998251, 0.045828, 0.05, -0.000986, -0.045823, 0.998949, 0.0, 0.0, 0.0, 0.0, 1.0],
                [0.99978, -0.020971, -0.000197, -0.0, 0.020971, 0.999603, 0.018833, 0.05, -0.000198, -0.018833, 0.999823, 0.0, 0.0, 0.0, 0.0, 1.0],
                [0.999301, -0.037365, -0.000728, -0.0, 0.037359, 0.998251, 0.045828, 0.05, -0.000986, -0.045823, 0.998949, 0.0, 0.0, 0.0, 0.0, 1.0],
                [0.99978, -0.020971, -0.000197, -0.0, 0.020971, 0.999603, 0.018833, 0.05, -0.000198, -0.018833, 0.999823, 0.0, 0.0, 0.0, 0.0, 1.0]
            ]
        },
        {
            "name": "Chest",
            "time": [0.0, 0.8667],
            "transform": [
                [0.999021, -0.044237, -0.000716, -0.0, 0.044206, 0.997407, 0.056784, 0.3, -0.001798, -0.05676, 0.998386, 0.0, 0.0, 0.0, 0.0, 1.0],
                [0.999021, -0.044237, -0.000716, -0.0, 0.044206, 0.997407, 0.056784, 0.3, -0.001798, -0.05676, 0.998386, 0.0, 0.0, 0.0, 0.0, 1.0]
            ]
        },
        {
            "name": "Head",
            "time": [0.0, 0.2167, 0.4333, 0.65, 0.8667],
            "transform": [
                [0.853071, 0.033857, 0.520696, 0.0, -0.006316, 0.99849, -0.054577, 0.4, -0.521757, 0.043269, 0.851996, -0.0, 0.0, 0.0, 0.0, 1.0],
                [0.852897, 0.016808, 0.521809, -0.0, -0.006408, 0.999743, -0.021729, 0.4, -0.52204, 0.015189, 0.852786, 0.0, 0.0, 0.0, 0.0, 1.0],
                [0.853071, 0.033857, 0.520696, 0.0, -0.006316, 0.99849, -0.054577, 0.4, -0.521757, 0.043269, 0.851996, -0.0, 0.0, 0.0, 0.0, 1.0],
                [0.852897, 0.016808, 0.521809, -0.0, -0.006408, 0.999743, -0.021729, 0.4, -0.52204, 0.015189, 0.852786, 0.0, 0.0, 0.0, 0.0, 1.0],
                [0.853071, 0.033857, 0.520696, 0.0, -0.006316, 0.99849, -0.054577, 0.4, -0.521757, 0.043269, 0.851996, -0.0, 0.0, 0.0, 0.0, 1.0]
            ]
        },
        {
            "name": "Shoulder_R",
            "time": [0.0, 0.8667],
            "transform": [
                [-0.399223, 0.841406, 0.36422, 0.0, 0.029255, -0.385358, 0.922303, 0.4, 0.916387, 0.37886, 0.129228, -0.0, 0.0, 0.0, 0.0, 1.0],
                [-0.399223, 0.841406, 0.36422, 0.0, 0.029255, -0.385358, 0.922303, 0.4, 0.916387, 0.37886, 0.129228, -0.0, 0.0, 0.0, 0.0, 1.0]
            ]
        },
        {
            "name": "Arm_R",
            "time": [0.0, 0.8667],
            "transform": [
                [0.109069, -0.989172, -0.098203, -0.0, -0.303099, 0.060994, -0.951005, 0.335032, 0.946697, 0.13349, -0.293164, 0.0, 0.0, 0.0, 0.0, 1.0],
                [0.109069, -0.989172, -0.098203, -0.0, -0.303099, 0.060994, -0.951005, 0.335032, 0.946697, 0.13349, -0.293164, 0.0, 0.0, 0.0, 0.0, 1.0]
            ]
        },
        {
            "name": "Hand_R",
            "time": [0.0, 0.8667],
            "transform": [
                [0.99876, 0.025959, 0.042482, -0.0, 0.029973, 0.367799, -0.929423, 0.3, -0.039752, 0.929543, 0.366564, -0.0, 0.0, 0.0, 0.0, 1.0],
                [0.99876, 0.025959, 0.042482, -0.0, 0.029973, 0.367799, -0.929423, 0.3, -0.039752, 0.929543, 0.366564, -0.0, 0.0, 0.0, 0.0, 1.0]
            ]
        },
        {
            "name": "Tool_R",
            "time": [0.0, 0.8667],