{
    "animation": [
        {
            "name": "Root",
            "time": [0.0, 0.2167, 0.3167, 0.4167, 0.75],
            "transform": [
                [0.854689, 0.0, -0.51914, -5e-06, -0.51914, 0.0, -0.854689, 0.000946, 0.0, 1.0, 0.0, 0.680471, 0.0, 0.0, 0.0, 1.0],
                [0.245107, 0.0, -0.969496, -5e-06, -0.969496, 0.0, -0.245107, 0.000946, 0.0, 1.0, 0.0, 0.680471, 0.0, 0.0, 0.0, 1.0],
                [0.907789, 0.0, -0.419426, -5e-06, -0.419426, 0.0, -0.907789, 0.39794, 0.0, 1.0, 0.0, 0.731024, 0.0, 0.0, 0.0, 1.0],
                [0.996046, 0.0, 0.08884, -5e-06, 0.08884, 0.0, -0.996046, 0.892182, 0.0, 1.0, 0.0, 0.566015, 0.0, 0.0, 0.0, 1.0],
                [0.996046, 0.0, 0.08884, -5e-06, 0.08884, 0.0, -0.996046, 0.892182, 0.0, 1.0, 0.0, 0.566015, 0.0, 0.0, 0.0, 1.0]
            ]
        },
        {
            "name": "Thigh_R",
            "time": [0.0, 0.2167, 0.3167, 0.4167, 0.75],
            "transform": [
                [0.852305, 0.211348, -0.478444, 0.124994, 0.0, -0.914727, -0.404072, -0.002831, -0.523045, 0.344392, -0.779626, -1.2e-05, 0.0, 0.0, 0.0, 1.0],
                [0.318682, 0.40117, -0.858781, 0.124994, 0.081158, -0.914239, -0.396961, -0.002831, -0.944381, 0.056807, -0.32391, -1.2e-05, 0.0, 0.0, 0.0, 1.0],
                [0.898882, -0.108774, -0.424475, 0.124994, 0.007197, -0.964904, 0.262501, -0.002831, -0.438131, -0.239012, -0.866553, -1.2e-05, 0.0, 0.0, 0.0, 1.0],
                [0.995789, 0.08068, 0.043528, 0.124994, -0.001207, -0.463232, 0.886236, -0.002831, 0.091665, -0.882556, -0.461184, -1.2e-05, 0.0, 0.0, 0.0, 1.0],
                [0.995789, 0.08068, 0.043528, 0.124994, -0.001207, -0.463232, 0.886236, -0.002831, 0.091665, -0.882556, -0.461184, -1.2e-05, 0.0, 0.0, 0.0, 1.0]
            ]
        },
        {
            "name": "Leg_R",
            "time": [0.0, 0.2167, 0.4167, 0.75],
            "transform": [
                [1.0, 0.0, 1e-06, -0.0, -0.0, 0.996195, 0.087156, 0.37472, -1e-06, -0.087156, 0.996194, 0.0, 0.0, 0.0, 0.0, 1.0],
                [1.0, 0.0, 1e-06, 0.0, -0.0, 0.996195, 0.087156, 0.37472, -1e-06, -0.087156, 0.996194, -0.0, 0.0, 0.0, 0.0, 1.0],
                [0.999999, 0.001221, 0.000251, -0.0, -0.000785, 0.460134, 0.887849, 0.37472, 0.000968, -0.88785, 0.460134, 0.0, 0.0, 0.0, 0.0, 1.0],
                [0.999999, 0.001221, 0.000251, -0.0, -0.000785, 0.460134, 0.887849, 0.37472, 0.000968, -0.88785, 0.460134, 0.0, 0.0, 0.0, 0.0, 1.0]
            ]
        },
        {
            "name": "Thigh_L",
            "time": [0.0, 0.2167, 0.3167, 0.4167, 0.75],
            "transform": [
                [0.854509, -0.331522, -0.399883, -0.125006, 0.0, -0.769842, 0.638235, -0.002831, -0.519436, -0.545377, -0.657837, -1.2e-05, 0.0, 0.0, 0.0, 1.0],
                [0.263055, -0.615757, -0.742728, -0.125006, 0.0, -0.769842, 0.638234, -0.002831, -0.964781, -0.167891, -0.202511, -1.2e-05, 0.0, 0.0, 0.0, 1.0],
                [0.913895, -0.0026, -0.405941, -0.125006, 0.009286, -0.999584, 0.027308, -0.002831, -0.405843, -0.028726, -0.913491, -1.2e-05, 0.0, 0.0, 0.0, 1.0],
                [0.990098, -0.083393, 0.112921, -0.125006, 0.018904, -0.717884, -0.695906, -0.002831, 0.139098, 0.69115, -0.709198, -1.2e-05, 0.0, 0.0, 0.0, 1.0],
                [0.990098, -0.083393, 0.112921, -0.125006, 0.018904, -0.717884, -0.695906, -0.002831, 0.139098, 0.69115, -0.709198, -1.2e-05, 0.0, 0.0, 0.0, 1.0]
            ]
        },
        {
            "name": "Leg_L",
            "time": [0.0, 0.2167, 0.4167, 0.75],
            "transform": [
                [1.0, 0.0, 1e-06, -0.0, -1e-06, 0.769068, 0.639167, 0.37472, -1e-06, -0.639166, 0.769069, -0.0, 0.0, 0.0, 0.0, 1.0],
                [1.0, 0.0, 1e-06, 0.0, -1e-06, 0.769068, 0.639167, 0.37472, -1e-06, -0.639166, 0.769069, -0.0, 0.0, 0.0, 0.0, 1.0],
                [1.0, 0.0, 1e-06, 0.0, -0.0, 0.996194, 0.087156, 0.37472, -1e-06, -0.087156, 0.996195, -0.0, 0.0, 0.0, 0.0, 1.0],
                [1.0, 0.0, 1e-06, 0.0, -0.0, 0.996194, 0.087156, 0.37472, -1e-06, -0.087156, 0.996195, -0.0, 0.0, 0.0, 0.0, 1.0]
            ]
        },
        {
            "name": "Torso",
            "time": [0.0, 0.2167, 0.4167, 0.75],
            "transform": [
                [0.999301, -0.037365, -0.000728, -0.0, 0.037359, 0.998251, 0.045828, 0.05, -0.000986, -0.045823, 0.998949, 0.0, 0.0, 0.0, 0.0, 1.0],
                [0.999301, -0.037365, -0.000728, -0.0, 0.037359, 0.998251, 0.045828, 0.05, -0.000986, -0.045823, 0.998949, 0.0, 0.0, 0.0, 0.0, 1.0],
                [0.999871, 0.015969, 0.001441, 0.0, -0.015969, 0.983712, 0.179039, 0.05, 0.001441, -0.179039, 0.983841, 0.0, 0.0, 0.0, 0.0, 1.0],
                [0.999871, 0.015969, 0.001441, 0.0, -0.015969, 0.983712, 0.179039, 0.05, 0.001441, -0.179039, 0.983841, 0.0, 0.0, 0.0, 0.0, 1.0]
            ]
        },
        {
            "name": "Chest",
            "time": [0.0, 0.2167, 0.4167, 0.75],
            "transform": [
                [0.999021, -0.044237, -0.000716, 0.0, 0.044206, 0.997407, 0.056784, 0.3, -0.001798, -0.05676, 0.998386, 0.0, 0.0, 0.0, 0.0, 1.0],
                [0.999021, -0.044237, -0.000716, -0.0, 0.044206, 0.997407, 0.056784, 0.3, -0.001798, -0.05676, 0.998386, -0.0, 0.0, 0.0, 0.0, 1.0],
                [0.999998, 0.001802, 1.8e-05, 0.0, -0.001802, 0.999794, 0.020204, 0.3, 1.8e-05, -0.020204, 0.999796, -0.0, 0.0, 0.0, 0.0, 1.0],
                [0.999998, 0.001802, 1.8e-05, 0.0, -0.001802, 0.999794, 0.020204, 0.3, 1.8e-05, -0.020204, 0.999796, -0.0, 0.0, 0.0, 0.0, 1.0]
            ]
        },
        {
            "name": "Head",
            "time": [0.0, 0.2167, 0.3167, 0.4167, 0.75],
            "transform": [
                [0.852897, 0.016808, 0.521809, -0.0, -0.006408, 0.999743, -0.021729, 0.4, -0.52204, 0.015189, 0.852786, 0.0, 0.0, 0.0, 0.0, 1.0],
                [0.243207, 0.04369, 0.96899, -0.0, 0.088786, 0.993789, -0.067093, 0.4, -0.965902, 0.10235, 0.237817, 0.0, 0.0, 0.0, 0.0, 1.0],
                [0.884804, 0.029665, 0.465018, 0.0, 0.035109, 0.99089, -0.130014, 0.4, -0.464639, 0.131363, 0.875702, 0.0, 0.0, 0.0, 0.0, 1.0],
                [0.996142, -0.004156, -0.087658, 0.0, -0.007166, 0.99169, -0.128448, 0.4, 0.087464, 0.12858, 0.987835, -0.0, 0.0, 0.0, 0.0, 1.0],
                [0.996142, -0.004156, -0.087658, 0.0, -0.007166, 0.99169, -0.128448, 0.4, 0.087464, 0.12858, 0.987835, -0.0, 0.0, 0.0, 0.0, 1.0]
            ]
        },
        {
            "name": "Shoulder_R",
            "time": [0.0, 0.2167, 0.4167, 0.75],
            "transform": [
                [-0.399223, 0.841406, 0.36422, -0.0, 0.029255, -0.385358, 0.922303, 0.4, 0.916387, 0.37886, 0.129228, 0.0, 0.0, 0.0, 0.0, 1.0],
                [-0.399223, 0.841406, 0.36422, -0.0, 0.029255, -0.385358, 0.922304, 0.4, 0.916387, 0.37886, 0.129228, 0.0, 0.0, 0.0, 0.0, 1.0],
                [0.393614, 0.869119, 0.299499, 0.0, 0.009512, -0.329632, 0.944062, 0.4, 0.919226, -0.368748, -0.138014, -0.0, 0.0, 0.0, 0.0, 1.0],
                [0.393614, 0.869119, 0.299499, 0.0, 0.009512, -0.329632, 0.944062, 0.4, 0.919226, -0.368748, -0.138014, -0.0, 0.0, 0.0, 0.0, 1.0]
            ]
        },
        {
            "name": "Arm_R",
            "time": [0.0, 0.2167, 0.4167, 0.75],
            "transform": [
                [0.109069, -0.989172, -0.098203, 0.0, -0.303099, 0.060994, -0.951005, 0.335032, 0.946697, 0.13349, -0.293164, 0.0, 0.0, 0.0, 0.0, 1.0],
                [0.199826, -0.695253, -0.69043, -0.0, -0.401972, 0.584447, -0.704869, 0.335032, 0.893582, 0.418385, -0.162685, -0.0, 0.0, 0.0, 0.0, 1.0],
                [0.177017, -0.798425, -0.575485, 0.0, -0.400005, 0.475885, -0.783281, 0.335032, 0.899256, 0.368851, -0.235134, 0.0, 0.0, 0.0, 0.0, 1.0],
                [0.177017, -0.798425, -0.575485, 0.0, -0.400005, 0.475885, -0.783281, 0.335032, 0.899256, 0.368851, -0.235134, 0.0, 0.0, 0.0, 0.0, 1.0]
            ]
        },
        {
            "name": "Hand_R",
            "time": [0.0, 0.2167, 0.4167, 0.75],