{
    "animation": [
        {
            "name": "Root",
            "time": [0.0, 0.3333, 0.5, 0.7167, 1.2167, 1.4],
            "transform": [
                [1.0, 0.0, 0.0, -6.8e-05, 0.0, -0.190119, -0.981761, 0.0, 0.0, 0.981761, -0.190119, 0.988865, 0.0, 0.0, 0.0, 1.0],
                [1.0, 0.0, 0.0, -6.8e-05, 0.0, -0.285413, -0.958405, 0.0, 0.0, 0.958405, -0.285413, 0.988865, 0.0, 0.0, 0.0, 1.0],
                [1.0, 0.0, 0.0, -6.8e-05, 0.0, 0.503254, -0.864138, 0.461693, 0.0, 0.864138, 0.503254, 0.886022, 0.0, 0.0, 0.0, 1.0],
                [1.0, 0.0, 0.0, -6.8e-05, 0.0, 0.503254, -0.864138, 0.461693, 0.0, 0.864138, 0.503254, 0.886022, 0.0, 0.0, 0.0, 1.0],
                [1.0, 0.0, 0.0, -6.8e-05, 0.0, 0.072335, -0.99738, 0.513228, 0.0, 0.99738, 0.072335, 0.974643, 0.0, 0.0, 0.0, 1.0],
                [1.0, 0.0, 0.0, -6.8e-05, 0.0, 0.008167, -0.999967, 0.542259, 0.0, 0.999967, 0.008167, 0.984159, 0.0, 0.0, 0.0, 1.0]
            ]
        },
        {
            "name": "Chest",
            "time": [0.0, 0.3333, 0.5, 0.7167, 1.2167, 1.4],
            "transform": [
                [1.0, 0.0, 0.0, 0.0, 0.0, 0.980308, -0.197475, 0.297671, 0.0, 0.197475, 0.980308, -0.0, 0.0, 0.0, 0.0, 1.0],
                [1.0, 0.0, 0.0, 0.0, 0.0, 0.955186, -0.296008, 0.297671, 0.0, 0.296008, 0.955186, 0.0, 0.0, 0.0, 0.0, 1.0],
                [1.0, 0.0, 0.0, -0.0, 0.0, 0.897891, 0.440218, 0.297671, 0.0, -0.440218, 0.897891, 0.0, 0.0, 0.0, 0.0, 1.0],
                [1.0, 0.0, 0.0, -0.0, 0.0, 0.897891, 0.440218, 0.297671, 0.0, -0.440218, 0.897891, 0.0, 0.0, 0.0, 0.0, 1.0],
                [1.0, 0.0, 0.0, 0.0, 0.0, 0.971935, 0.235251, 0.297671, 0.0, -0.235251, 0.971935, 0.0, 0.0, 0.0, 0.0, 1.0],
                [1.0, 0.0, 0.0, 0.0, 0.0, 0.996279, 0.086183, 0.297671, 0.0, -0.086183, 0.996279, 0.0, 0.0, 0.0, 0.0, 1.0]
            ]
        },
        {
            "name": "Head",
            "time": [0.0, 0.3333, 0.5, 0.7167, 1.2167, 1.4],
            "transform": [
                [1.0, -0.0, 0.0, 0.0, 0.0, 1.0, 0.0, 0.8349, 0.0, 0.0, 1.0, -0.0, 0.0, 0.0, 0.0, 1.0],
                [1.0, -0.0, 0.0, 0.0, 0.0, 1.0, 0.0, 0.8349, 0.0, 0.0, 1.0, 0.0, 0.0, 0.0, 0.0, 1.0],
                [1.0, -0.0, -0.0, 0.0, 0.0, 0.980698, 0.195531, 0.8349, 0.0, -0.195531, 0.980698, -0.0, 0.0, 0.0, 0.0, 1.0],
                [1.0, -0.0, -0.0, 0.0, 0.0, 0.980698, 0.195531, 0.8349, 0.0, -0.195531, 0.980698, -0.0, 0.0, 0.0, 0.0, 1.0],
                [1.0, -0.0, -0.0, 0.0, 0.0, 0.99963, 0.027183, 0.8349, -0.0, -0.027183, 0.99963, -0.0, 0.0, 0.0, 0.0, 1.0],
                [1.0, -0.0, -0.0, 0.0, 0.0, 0.999995, 0.003077, 0.8349, 0.0, -0.003077, 0.999995, 0.0, 0.0, 0.0, 0.0, 1.0]
            ]
        },
        {
            "name": "LA1",
            "time": [0.0, 0.3333, 0.5, 0.7167, 1.2167, 1.4],
            "transform": [
                [1.0, 0.0, -0.0, -0.725955, 0.0, 0.836562, 0.547872, 0.728668, 0.0, -0.547872, 0.836562, -0.0, 0.0, 0.0, 0.0, 1.0],
                [1.0, 0.0, -0.0, -0.725955, 0.0, 0.985776, 0.168065, 0.728668, 0.0, -0.168065, 0.985776, -0.0, 0.0, 0.0, 0.0, 1.0],
                [0.954775, 0.197437, 0.222313, -0.725955, -0.24746, 0.113172, 0.962266, 0.728668, 0.164827, -0.973761, 0.156911, 0.0, 0.0, 0.0, 0.0, 1.0],
                [0.954775, 0.197437, 0.222313, -0.725955, -0.24746, 0.113172, 0.962266, 0.728668, 0.164827, -0.973761, 0.156911, 0.0, 0.0, 0.0, 0.0, 1.0],
                [0.999056, -0.000892, 0.043426, -0.725955, -0.032399, -0.681202, 0.731378, 0.728668, 0.02893, -0.732095, -0.680588, -0.0, 0.0, 0.0, 0.0, 1.0],
                [0.999971, -0.005526, 0.005242, -0.725955, -0.006778, -0.959578, 0.28136, 0.728668, 0.003476, -0.281388, -0.959588, -0.0, 0.0, 0.0, 0.0, 1.0]
            ]
        },
        {
            "name": "LA2",
            "time": [0.0, 0.3333, 0.5, 0.7167, 1.4],
            "transform": [
                [1.0, 0.0, 0.0, 0.0, 0.0, 0.991681, -0.128719, 0.201938, -0.0, 0.128719, 0.991681, -0.0, 0.0, 0.0, 0.0, 1.0],
                [1.0, 0.0, 0.0, 0.0, -0.0, 0.980984, -0.194087, 0.201938, -0.0, 0.194087, 0.980984, -0.0, 0.0, 0.0, 0.0, 1.0],
                [1.0, 0.0, 0.0, -0.0, -0.0, 0.999531, -0.030632, 0.201938, -0.0, 0.030632, 0.999531, -0.0, 0.0, 0.0, 0.0, 1.0],
                [1.0, 0.0, 0.0, -0.0, -0.0, 1.0, -0.0, 0.201938, -0.0, -0.0, 1.0, -0.0, 0.0, 0.0, 0.0, 1.0],
                [1.0, -0.0, 0.0, -0.0, 0.0, 1.0, -0.0, 0.201938, -0.0, -0.0, 1.0, -0.0, 0.0, 0.0, 0.0, 1.0]
            ]
        },
        {
            "name": "LA3",
            "time": [0.0, 0.3333, 0.5, 0.7167, 1.2167, 1.4],
            "transform": [
                [1.0, 0.0, 0.0, -0.0, -0.0, 0.978269, -0.207339, 0.484, 0.0, 0.207339, 0.978269, -0.0, 0.0, 0.0, 0.0, 1.0],
                [1.0, 0.0, 0.0, -0.0, 0.0, 0.950493, -0.310746, 0.484, -0.0, 0.310746, 0.950493, 0.0, 0.0, 0.0, 0.0, 1.0],
                [1.0, 0.0, 0.0, 0.0, -0.0, 0.996388, -0.08492, 0.484, 0.0, 0.084919, 0.996388, -0.0, 0.0, 0.0, 0.0, 1.0],
                [1.0, 0.0, 0.0, 0.0, 0.0, 0.999416, -0.034159, 0.484, 0.0, 0.034159, 0.999416, -0.0, 0.0, 0.0, 0.0, 1.0],
                [1.0, 0.0, 0.0, -0.0, -0.0, 0.999416, -0.034159, 0.484, 0.0, 0.034159, 0.999417, -0.0, 0.0, 0.0, 0.0, 1.0],
                [1.0, 0.0, 0.0, -0.0, 0.0, 0.999861, -0.016656, 0.484, 0.0, 0.016656, 0.999861, 0.0, 0.0, 0.0, 0.0, 1.0]
            ]
        },
        {
            "name": "LA4",
            "time": [0.0, 0.3333, 0.5, 0.7167, 1.4],
            "transform": [
                [1.0, 0.0, -0.0, -0.0, -0.0, 0.93139, -0.364023, 0.605, 0.0, 0.364023, 0.93139, 0.0, 0.0, 0.0, 0.0, 1.0],
                [1.0, 0.0, 0.0, -0.0, 0.0, 0.845528, -0.533931, 0.605, 0.0, 0.533931, 0.845528, -0.0, 0.0, 0.0, 0.0, 1.0],
                [1.0, 0.0, 0.0, 0.0, -0.0, 0.996158, -0.087577, 0.605, 0.0, 0.087577, 0.996158, -0.0, 0.0, 0.0, 0.0, 1.0],
                [1.0, 0.0, 0.0, 0.0, -0.0, 1.0, 0.0, 0.605, -0.0, 0.0, 1.0, 0.0, 0.0, 0.0, 0.0, 1.0],
                [1.0, -0.0, 0.0, 0.0, -0.0, 1.0, 0.0, 0.605, 0.0, -0.0, 1.0, -0.0, 0.0, 0.0, 0.0, 1.0]
            ]
        },
        {
            "name": "RA1",
            "time": [0.0, 0.3333, 0.5, 0.7167, 1.2167, 1.4],
            "transform": [
                [1.0, 0.0, -0.0, 0.726045, 0.0, 0.836562, 0.547872, 0.728668, 0.0, -0.547872, 0.836562, -0.0, 0.0, 0.0, 0.0, 1.0],
                [1.0, 0.0, -0.0, 0.726045, 0.0, 0.985776, 0.168065, 0.728668, 0.0, -0.168065, 0.985776, -0.0, 0.0, 0.0, 0.0, 1.0],
                [0.947776, -0.211785, -0.238469, 0.726045, 0.265444, 0.109304, 0.957911, 0.728668, -0.176806, -0.971185, 0.159812, 0.0, 0.0, 0.0, 0.0, 1.0],
                [0.947776, -0.211785, -0.238469, 0.726045, 0.265444, 0.109304, 0.957911, 0.728668, -0.176806, -0.971185, 0.159812, 0.0, 0.0, 0.0, 0.0, 1.0],
                [0.99891, 0.000966, -0.046671, 0.726045, 0.034815, -0.681454, 0.731032, 0.728668, -0.031098, -0.73186, -0.680745, -0.0, 0.0, 0.0, 0.0, 1.0],
                [0.999967, 0.005938, -0.005633, 0.726045, 0.007283, -0.959596, 0.281288, 0.728668, -0.003735, -0.281319, -0.959607, -0.0, 0.0, 0.0, 0.0, 1.0]
            ]
        },
        {
            "name": "RA2",
            "time": [0.0, 0.3333, 0.5, 0.7167, 1.4],
            "transform": [
                [1.0, 0.0, 0.0, 0.0, 0.0, 0.990721, -0.135912, 0.201938, -0.0, 0.135912, 0.990721, -0.0, 0.0, 0.0, 0.0, 1.0],
                [1.0, 0.0, 0.0, -0.0, -0.0, 0.978795, -0.204844, 0.201938, -0.0, 0.204844, 0.978795, -0.0, 0.0, 0.0, 0.0, 1.0],
                [1.0, 0.0, 0.0, -0.0, 0.0, 0.999477, -0.032349, 0.201938, -0.0, 0.032349, 0.999477, -0.0, 0.0, 0.0, 0.0, 1.0],
                [1.0, -0.0, 0.0, -0.0, 0.0, 1.0, 0.0, 0.201938, -0.0, 0.0, 1.0, -0.0, 0.0, 0.0, 0.0, 1.0],
                [1.0, 0.0, 0.0, -0.0, 0.0, 1.0, 0.0, 0.201938, -0.0, 0.0, 1.0, -0.0, 0.0, 0.0, 0.0, 1.0]
            ]
        },
        {
            "name": "RA3",
            "time": [0.0, 0.3333, 0.5, 0.7167, 1.2167, 1.4],