{
    "animation": [
        {
            "name": "Root",
            "time": [0.0, 0.1667, 0.3333, 0.4667, 1.0],
            "transform": [
                [1.0, 0.0, 0.0, -6.8e-05, 0.0, -0.325139, -0.945666, 0.01255, 0.0, 0.945666, -0.325139, 0.976599, 0.0, 0.0, 0.0, 1.0],
                [1.0, 0.0, 0.0, -6.8e-05, 0.0, -0.369253, -0.929329, 0.0, 0.0, 0.929329, -0.369253, 0.977047, 0.0, 0.0, 0.0, 1.0],
                [1.0, 0.0, 0.0, -6.8e-05, 0.0, 0.21607, -0.976378, 0.156633, 0.0, 0.976378, 0.21607, 0.971453, 0.0, 0.0, 0.0, 1.0],
                [1.0, 0.0, 0.0, -6.8e-05, 0.0, 0.2644, -0.964413, 0.169913, 0.0, 0.964413, 0.2644, 0.970979, 0.0, 0.0, 0.0, 1.0],
                [1.0, 0.0, 0.0, -6.8e-05, 0.0, 0.0, -1.0, 0.134142, 0.0, 1.0, 0.0, 0.988865, 0.0, 0.0, 0.0, 1.0]
            ]
        },
        {
            "name": "Chest",
            "time": [0.0, 0.1667, 0.3333, 0.4667, 1.0],
            "transform": [
                [1.0, 0.0, 0.0, 0.0, 0.0, 0.977969, -0.208749, 0.297671, 0.0, 0.208749, 0.977969, 0.0, 0.0, 0.0, 0.0, 1.0],
                [1.0, 0.0, 0.0, 0.0, 0.0, 0.955508, -0.294967, 0.297671, 0.0, 0.294967, 0.955508, 0.0, 0.0, 0.0, 0.0, 1.0],
                [1.0, 0.0, 0.0, 0.0, 0.0, 0.63765, 0.770326, 0.297671, 0.0, -0.770326, 0.63765, -0.0, 0.0, 0.0, 0.0, 1.0],
                [1.0, 0.0, 0.0, 0.0, 0.0, 0.562373, 0.826884, 0.297671, 0.0, -0.826884, 0.562373, -0.0, 0.0, 0.0, 0.0, 1.0],
                [1.0, 0.0, 0.0, 0.0, 0.0, 1.0, 0.0, 0.297671, 0.0, 0.0, 1.0, 0.0, 0.0, 0.0, 0.0, 1.0]
            ]
        },
        {
            "name": "Head",
            "time": [0.0, 0.1667, 0.25, 0.4667, 1.0],
            "transform": [
                [1.0, -0.0, 0.0, 0.0, 0.0, 0.848831, -0.528665, 0.8349, 0.0, 0.528665, 0.848831, -0.0, 0.0, 0.0, 0.0, 1.0],
                [1.0, -0.0, 0.0, 0.0, 0.0, 0.5736, -0.819135, 0.8349, 0.0, 0.819135, 0.5736, -0.0, 0.0, 0.0, 0.0, 1.0],
                [1.0, -0.0, 0.0, 0.0, 0.0, 0.947406, 0.320035, 0.8349, -0.0, -0.320035, 0.947406, 0.0, 0.0, 0.0, 0.0, 1.0],
                [1.0, -0.0, 0.0, 0.0, 0.0, 0.947406, 0.320035, 0.8349, -0.0, -0.320035, 0.947406, -0.0, 0.0, 0.0, 0.0, 1.0],
                [1.0, -0.0, 0.0, 0.0, 0.0, 1.0, 0.0, 0.8349, 0.0, 0.0, 1.0, 0.0, 0.0, 0.0, 0.0, 1.0]
            ]
        },
        {
            "name": "LA1",
            "time": [0.0, 0.1667, 0.3333, 0.4667, 0.6667, 1.0],
            "transform": [
                [0.984998, -0.022546, 0.171089, -0.725955, -0.000964, -0.992132, -0.125193, 0.728668, 0.172566, 0.12315, -0.977269, 0.0, 0.0, 0.0, 0.0, 1.0],
                [0.985345, -0.009431, 0.170314, -0.725955, -0.043114, -0.97982, 0.195176, 0.728668, 0.165036, -0.199658, -0.965867, 0.0, 0.0, 0.0, 0.0, 1.0],
                [0.979519, -0.18921, 0.068864, -0.725955, -0.049958, -0.559691, -0.827194, 0.728668, 0.195056, 0.806812, -0.55768, 0.0, 0.0, 0.0, 0.0, 1.0],
                [0.964856, -0.249661, -0.081988, -0.725955, -0.206239, -0.526107, -0.825031, 0.728668, 0.162844, 0.812946, -0.559107, 0.0, 0.0, 0.0, 0.0, 1.0],
                [0.964856, -0.249661, -0.081988, -0.725955, -0.261984, -0.938165, -0.226297, 0.728668, -0.020421, 0.239824, -0.970602, -0.0, 0.0, 0.0, 0.0, 1.0],
                [1.0, 0.0, -0.0, -0.725955, 0.0, -1.0, 0.0, 0.728668, -0.0, 0.0, -1.0, 0.0, 0.0, 0.0, 0.0, 1.0]
            ]
        },
        {
            "name": "LA2",
            "time": [0.0, 0.1667, 0.3333, 0.4667, 1.0],
            "transform": [
                [1.0, -0.0, 0.0, 0.0, 0.0, 0.999996, -0.002784, 0.201938, -0.0, 0.002784, 0.999996, -0.0, 0.0, 0.0, 0.0, 1.0],
                [1.0, 0.0, 0.0, 0.0, -0.0, 1.0, 0.0, 0.201938, -0.0, -0.0, 1.0, 0.0, 0.0, 0.0, 0.0, 1.0],
                [1.0, 0.0, 0.0, -0.0, -0.0, 0.999509, -0.031315, 0.201938, -0.0, 0.031315, 0.99951, 0.0, 0.0, 0.0, 0.0, 1.0],
                [1.0, 0.0, 0.0, 0.0, -0.0, 0.99951, -0.031315, 0.201938, -0.0, 0.031315, 0.99951, 0.0, 0.0, 0.0, 0.0, 1.0],
                [1.0, 0.0, 0.0, 0.0, 0.0, 1.0, 0.0, 0.201938, -0.0, 0.0, 1.0, 0.0, 0.0, 0.0, 0.0, 1.0]
            ]
        },
        {
            "name": "LA3",
            "time": [0.0, 0.1667, 0.3333, 0.4667, 1.0],
            "transform": [
                [1.0, 0.0, -0.0, -0.0, -0.0, 0.999984, -0.005678, 0.484, 0.0, 0.005679, 0.999984, 0.0, 0.0, 0.0, 0.0, 1.0],
                [1.0, 0.0, 0.0, -0.0, 0.0, 1.0, -0.0, 0.484, -0.0, -0.0, 1.0, -0.0, 0.0, 0.0, 0.0, 1.0],
                [1.0, -0.0, -0.0, -0.0, -0.0, 0.99796, -0.063848, 0.484, 0.0, 0.063848, 0.99796, 0.0, 0.0, 0.0, 0.0, 1.0],
                [1.0, 0.0, 0.0, 0.0, 0.0, 0.99796, -0.063848, 0.484, 0.0, 0.063848, 0.99796, -0.0, 0.0, 0.0, 0.0, 1.0],
                [1.0, 0.0, 0.0, 0.0, 0.0, 1.0, 0.0, 0.484, 0.0, 0.0, 1.0, 0.0, 0.0, 0.0, 0.0, 1.0]
            ]
        },
        {
            "name": "LA4",
            "time": [0.0, 0.1667, 0.3333, 0.4667, 1.0],
            "transform": [
                [1.0, 0.0, 0.0, 0.0, -0.0, 0.999873, -0.01595, 0.605, -0.0, 0.01595, 0.999873, 0.0, 0.0, 0.0, 0.0, 1.0],
                [1.0, 0.0, 0.0, 0.0, 0.0, 1.0, -0.0, 0.605, -0.0, -0.0, 1.0, 0.0, 0.0, 0.0, 0.0, 1.0],
                [1.0, 0.0, 0.0, 0.0, -0.0, 0.983911, -0.17866, 0.605, -0.0, 0.17866, 0.983911, 0.0, 0.0, 0.0, 0.0, 1.0],
                [1.0, -0.0, -0.0, -0.0, 0.0, 0.983911, -0.17866, 0.605, 0.0, 0.17866, 0.983911, -0.0, 0.0, 0.0, 0.0, 1.0],
                [1.0, 0.0, 0.0, 0.0, 0.0, 1.0, 0.0, 0.605, 0.0, 0.0, 1.0, 0.0, 0.0, 0.0, 0.0, 1.0]
            ]
        },
        {
            "name": "RA1",
            "time": [0.0, 0.1667, 0.3333, 0.4667, 0.6667, 1.0],
            "transform": [
                [0.989319, 0.034579, 0.141603, 0.726045, 0.050299, -0.99277, -0.108987, 0.728668, 0.13681, 0.114945, -0.983906, 0.0, 0.0, 0.0, 0.0, 1.0],
                [0.988949, 0.030929, 0.144995, 0.726045, -0.000396, -0.977443, 0.211198, 0.728668, 0.148256, -0.208922, -0.966629, 0.0, 0.0, 0.0, 0.0, 1.0],
                [0.983321, 0.120853, 0.135923, 0.726045, 0.180098, -0.542613, -0.820449, 0.728668, -0.0254, 0.831244, -0.555328, 0.0, 0.0, 0.0, 0.0, 1.0],
                [0.971154, 0.177743, 0.15896, 0.726045, 0.228726, -0.505885, -0.831724, 0.728668, -0.067418, 0.84409, -0.531947, 0.0, 0.0, 0.0, 0.0, 1.0],
                [0.971154, 0.177743, 0.15896, 0.726045, 0.21372, -0.944457, -0.249648, 0.728668, 0.105757, 0.276419, -0.9552, -0.0, 0.0, 0.0, 0.0, 1.0],
                [1.0, 0.0, -0.0, 0.726045, 0.0, -1.0, 0.0, 0.728668, -0.0, 0.0, -1.0, 0.0, 0.0, 0.0, 0.0, 1.0]
            ]
        },
        {
            "name": "RA2",
            "time": [0.0, 0.1667, 0.3333, 0.4667, 1.0],
            "transform": [
                [1.0, -0.0, 0.0, -0.0, -0.0, 0.999994, -0.003504, 0.201938, -0.0, 0.003504, 0.999994, 0.0, 0.0, 0.0, 0.0, 1.0],
                [1.0, 0.0, 0.0, -0.0, 0.0, 1.0, 0.0, 0.201938, -0.0, -0.0, 1.0, 0.0, 0.0, 0.0, 0.0, 1.0],
                [1.0, 0.0, 0.0, -0.0, 0.0, 0.999223, -0.039407, 0.201938, -0.0, 0.039407, 0.999223, -0.0, 0.0, 0.0, 0.0, 1.0],
                [1.0, 0.0, 0.0, -0.0, -0.0, 0.999223, -0.039407, 0.201938, -0.0, 0.039407, 0.999223, 0.0, 0.0, 0.0, 0.0, 1.0],
                [1.0, 0.0, 0.0, 0.0, 0.0, 1.0, 0.0, 0.201938, -0.0, 0.0, 1.0, -0.0, 0.0, 0.0, 0.0, 1.0]
            ]
        },
        {
            "name": "RA3",
            "time": [0.0, 0.1667, 0.3333, 0.4667, 1.0],