{
    "animation": [
        {
            "name": "Root",
            "time": [0.0, 0.1667, 0.3333, 1.0],
            "transform": [
                [1.0, -0.000461, 0.00046, 3e-05, -0.000616, -0.899257, 0.437421, -0.01725, 0.000212, -0.437421, -0.899257, 0.881631, 0.0, 0.0, 0.0, 1.0],
                [1.0, -0.000461, 0.00046, 3e-05, -0.000644, -0.598864, 0.800851, -0.849658, -9.4e-05, -0.800851, -0.598864, 0.592479, 0.0, 0.0, 0.0, 1.0],
                [1.0, -0.000461, 0.00046, 3e-05, -0.000456, 0.007707, 0.99997, -1.156334, -0.000464, -0.99997, 0.007706, 0.268278, 0.0, 0.0, 0.0, 1.0],
                [1.0, -0.000461, 0.00046, 3e-05, -0.000456, 0.007707, 0.99997, -1.156334, -0.000464, -0.99997, 0.007706, 0.268278, 0.0, 0.0, 0.0, 1.0]
            ]
        },
        {
            "name": "Head",
            "time": [0.0, 0.0833, 0.3333, 1.0],
            "transform": [
                [1.0, 0.000647, -7.1e-05, 7e-05, -0.000461, 0.780385, 0.625299, 0.019902, 0.00046, -0.625299, 0.780385, -0.198131, 0.0, 0.0, 0.0, 1.0],
                [1.0, 0.000647, -7.1e-05, 7e-05, -0.000461, 0.780385, 0.6253, 0.019902, 0.00046, -0.625299, 0.780385, -0.198131, 0.0, 0.0, 0.0, 1.0],
                [0.949038, 0.296598, 0.106562, 7e-05, -0.294448, 0.954999, -0.035738, 0.019902, -0.112367, 0.00254, 0.993663, -0.198131, 0.0, 0.0, 0.0, 1.0],
                [0.949038, 0.296598, 0.106562, 7e-05, -0.294448, 0.954999, -0.035738, 0.019902, -0.112367, 0.00254, 0.993663, -0.198131, 0.0, 0.0, 0.0, 1.0]
            ]
        },
        {
            "name": "Stomach",
            "time": [0.0, 0.1667, 0.3333, 1.0],
            "transform": [
                [1.0, 0.00046, -0.000461, -2.7e-05, -0.000461, 0.999998, -0.001814, 0.017649, 0.00046, 0.001814, 0.999998, 0.010542, 0.0, 0.0, 0.0, 1.0],
                [1.0, 0.000325, -0.000565, -2.7e-05, -0.000461, 0.965202, -0.261506, 0.017649, 0.00046, 0.261506, 0.965202, 0.010542, 0.0, 0.0, 0.0, 1.0],
                [1.0, 0.00046, -0.000461, -2.7e-05, -0.000461, 0.999998, -0.001814, 0.017649, 0.00046, 0.001814, 0.999998, 0.010542, 0.0, 0.0, 0.0, 1.0],
                [1.0, 0.00046, -0.000461, -2.7e-05, -0.000461, 0.999998, -0.001814, 0.017649, 0.00046, 0.001814, 0.999998, 0.010542, 0.0, 0.0, 0.0, 1.0]
            ]
        },
        {
            "name": "RL4",
            "time": [0.0, 0.1667, 0.2333, 0.3333, 1.0],
            "transform": [
                [-0.526589, 0.30514, -0.793469, 0.254106, -0.638821, -0.757858, 0.132511, -0.042367, -0.560902, 0.576663, 0.59401, -0.03184, 0.0, 0.0, 0.0, 1.0],
                [-0.526589, 0.30514, -0.793469, 0.254106, -0.638821, -0.757858, 0.132511, -0.042367, -0.560902, 0.576663, 0.59401, -0.031841, 0.0, 0.0, 0.0, 1.0],
                [-0.074275, 0.541057, -0.8377, 0.253977, -0.826929, -0.502923, -0.251509, -0.043126, -0.557379, 0.674037, 0.48477, -0.031849, 0.0, 0.0, 0.0, 1.0],
                [0.795309, 0.493698, -0.351776, 0.253726, -0.487144, 0.175119, -0.855584, -0.044606, -0.360797, 0.851819, 0.379776, -0.031867, 0.0, 0.0, 0.0, 1.0],
                [0.795309, 0.493698, -0.351776, 0.253726, -0.487144, 0.175119, -0.855584, -0.044606, -0.360797, 0.851819, 0.379776, -0.031867, 0.0, 0.0, 0.0, 1.0]
            ]
        },
        {
            "name": "RL2",
            "time": [0.0, 0.1667, 0.2333, 0.3333, 1.0],
            "transform": [
                [-0.749315, 0.355161, -0.558917, 0.254148, -0.092203, -0.891747, -0.443042, -0.039614, -0.655764, -0.280444, 0.700946, -0.126074, 0.0, 0.0, 0.0, 1.0],
                [-0.749315, 0.355161, -0.558917, 0.254148, -0.092203, -0.891747, -0.443042, -0.039614, -0.655764, -0.280444, 0.700946, -0.126074, 0.0, 0.0, 0.0, 1.0],
                [-0.566046, 0.758489, -0.322933, 0.253341, -0.446726, -0.611453, -0.653117, -0.040715, -0.692841, -0.225432, 0.684947, -0.126084, 0.0, 0.0, 0.0, 1.0],
                [0.171627, 0.940869, 0.292077, 0.25177, -0.702037, 0.3248, -0.633758, -0.042859, -0.69115, -0.096279, 0.71627, -0.126105, 0.0, 0.0, 0.0, 1.0],
                [0.171627, 0.940869, 0.292077, 0.25177, -0.702037, 0.3248, -0.633758, -0.042859, -0.69115, -0.096279, 0.71627, -0.126105, 0.0, 0.0, 0.0, 1.0]
            ]
        },
        {
            "name": "RL3",
            "time": [0.0, 0.1667, 0.2333, 0.3333, 1.0],
            "transform": [
                [-0.608454, 0.370685, -0.701695, 0.25472, -0.438735, -0.893916, -0.091793, -0.039523, -0.661282, 0.252006, 0.70654, -0.10391, 0.0, 0.0, 0.0, 1.0],
                [-0.608454, 0.370685, -0.701695, 0.25472, -0.438735, -0.893916, -0.091793, -0.039523, -0.661282, 0.252006, 0.70654, -0.10391, 0.0, 0.0, 0.0, 1.0],
                [-0.359077, 0.768338, -0.529831, 0.253635, -0.668297, -0.607945, -0.428697, -0.040584, -0.651492, 0.200149, 0.731777, -0.103919, 0.0, 0.0, 0.0, 1.0],
                [0.300185, 0.93937, 0.165748, 0.251522, -0.659321, 0.329902, -0.675618, -0.04265, -0.689336, 0.093529, 0.718378, -0.103936, 0.0, 0.0, 0.0, 1.0],
                [0.300185, 0.93937, 0.165748, 0.251522, -0.659321, 0.329902, -0.675618, -0.04265, -0.689336, 0.093529, 0.718378, -0.103936, 0.0, 0.0, 0.0, 1.0]
            ]
        },
        {
            "name": "RL1",
            "time": [0.0, 0.1667, 0.2333, 0.3333, 1.0],
            "transform": [
                [-0.831504, 0.287272, -0.475475, 0.255883, 0.117302, -0.745816, -0.655743, -0.048977, -0.542993, -0.601026, 0.586452, -0.200905, 0.0, 0.0, 0.0, 1.0],
                [-0.831504, 0.287272, -0.475475, 0.255883, 0.117302, -0.745816, -0.655743, -0.048977, -0.542993, -0.601027, 0.586452, -0.200905, 0.0, 0.0, 0.0, 1.0],
                [-0.834951, 0.548348, -0.046593, 0.257903, -0.282323, -0.499477, -0.819034, -0.046056, -0.472388, -0.670699, 0.57185, -0.200877, 0.0, 0.0, 0.0, 1.0],
                [-0.29302, 0.570705, 0.767095, 0.261838, -0.855814, 0.201159, -0.476568, -0.040366, -0.426288, -0.796135, 0.429474, -0.200823, 0.0, 0.0, 0.0, 1.0],
                [-0.29302, 0.570705, 0.767095, 0.261838, -0.855814, 0.201159, -0.476568, -0.040366, -0.426288, -0.796135, 0.429474, -0.200823, 0.0, 0.0, 0.0, 1.0]
            ]
        },
        {
            "name": "LL4",
            "time": [0.0, 0.1667, 0.2333, 0.3333, 1.0],
            "transform": [
                [0.351433, -0.445536, -0.823403, -0.255207, -0.727656, -0.683383, 0.059205, -0.042623, -0.589077, 0.578347, -0.56436, -0.032088, 0.0, 0.0, 0.0, 1.0],
                [0.351433, -0.445536, -0.823403, -0.255207, -0.727656, -0.683383, 0.059205, -0.042623, -0.589078, 0.578347, -0.56436, -0.032088, 0.0, 0.0, 0.0, 1.0],
                [-0.046677, -0.61945, -0.783647, -0.255363, -0.812074, -0.433298, 0.39088, -0.042937, -0.581684, 0.654625, -0.482815, -0.032092, 0.0, 0.0, 0.0, 1.0],
                [-0.754344, -0.575709, -0.315476, -0.255665, -0.481529, 0.158606, 0.861959, -0.043548, -0.446201, 0.802124, -0.396864, -0.0321, 0.0, 0.0, 0.0, 1.0],
                [-0.754344, -0.575709, -0.315476, -0.255665, -0.481529, 0.158606, 0.861959, -0.043548, -0.446201, 0.802124, -0.396864, -0.0321, 0.0, 0.0, 0.0, 1.0]
            ]
        },
        {
            "name": "LL2",
            "time": [0.0, 0.1667, 0.2333, 0.3333, 1.0],