{
    "animation": [
        {
            "name": "Root",
            "time": [0.0, 0.1667, 0.2667, 0.3667, 0.45, 0.6333, 1.2833],
            "transform": [
                [0.794546, 0.14816, -0.588851, -5e-06, -0.607204, 0.193873, -0.77053, -0.83025, -0.0, 0.969774, 0.244004, 0.367577, 0.0, 0.0, 0.0, 1.0],
                [0.694554, 0.175547, -0.697695, -5e-06, -0.719441, 0.169474, -0.67356, -1.935651, -0.0, 0.969774, 0.244004, 0.367577, 0.0, 0.0, 0.0, 1.0],
                [0.694554, 0.175547, -0.697695, -5e-06, -0.719441, 0.169474, -0.67356, -0.000927, -0.0, 0.969774, 0.244004, 0.367577, 0.0, 0.0, 0.0, 1.0],
                [0.85315, 0.029693, 0.52082, -5e-06, 0.41383, 0.56934, -0.71035, 4.917619, -0.317616, 0.821566, 0.473444, 0.367577, 0.0, 0.0, 0.0, 1.0],
                [0.866202, 0.076588, 0.49379, -5e-06, 0.378115, 0.545584, -0.747908, 7.922557, -0.326684, 0.834549, 0.443627, 0.367577, 0.0, 0.0, 0.0, 1.0],
                [0.716731, 0.0, 0.697349, -5e-06, 0.565041, 0.586057, -0.580746, 8.854324, -0.408686, 0.81027, 0.420045, 0.367577, 0.0, 0.0, 0.0, 1.0],
                [0.716731, 0.0, 0.697349, -5e-06, 0.565041, 0.586057, -0.580746, 8.854324, -0.408686, 0.81027, 0.420045, 0.367577, 0.0, 0.0, 0.0, 1.0]
            ]
        },
        {
            "name": "Thigh_R",
            "time": [0.0, 0.1667, 0.2667, 0.3667, 0.45, 0.6333, 1.2833],
            "transform": [
                [0.932934, -0.355527, -0.056875, 0.054709, -0.30852, -0.870814, 0.382752, -0.024709, -0.185607, -0.339535, -0.922099, -0.01362, 0.0, 0.0, 0.0, 1.0],
                [0.899452, -0.434241, -0.0492, 0.052882, -0.363766, -0.80632, 0.466393, -0.030172, -0.242198, -0.401601, -0.883208, -0.016812, 0.0, 0.0, 0.0, 1.0],
                [0.993584, 0.111538, -0.01872, 0.062497, 0.109185, -0.989139, -0.098397, -0.001415, -0.029491, 0.095721, -0.994971, -6e-06, 0.0, 0.0, 0.0, 1.0],
                [0.957845, -0.282338, -0.053096, 0.061184, -0.283805, -0.901246, -0.327431, -0.012866, 0.044593, 0.328697, -0.943382, 0.001343, 0.0, 0.0, 0.0, 1.0],
                [0.957845, -0.282338, -0.053096, 0.061184, -0.283805, -0.901246, -0.327431, -0.012866, 0.044593, 0.328697, -0.943382, 0.001343, 0.0, 0.0, 0.0, 1.0],
                [0.929379, -0.36192, -0.072583, 0.060898, -0.36192, -0.854779, -0.371978, -0.015368, 0.072583, 0.371978, -0.925399, 0.001638, 0.0, 0.0, 0.0, 1.0],
                [0.929379, -0.36192, -0.072583, 0.060898, -0.36192, -0.854779, -0.371978, -0.015368, 0.072583, 0.371978, -0.925399, 0.001638, 0.0, 0.0, 0.0, 1.0]
            ]
        },
        {
            "name": "Leg_R",
            "time": [0.0, 1.2833],
            "transform": [
                [1.0, 0.0, 1e-06, 0.0, -0.0, 1.0, 0.0, 0.18736, -1e-06, -0.0, 1.0, -0.0, 0.0, 0.0, 0.0, 1.0],
                [1.0, 0.0, 1e-06, 0.0, -1e-06, 1.0, 0.0, 0.18736, -1e-06, -0.0, 1.0, -0.0, 0.0, 0.0, 0.0, 1.0]
            ]
        },
        {
            "name": "Thigh_L",
            "time": [0.0, 0.1667, 0.2667, 0.3667, 0.45, 0.6333, 1.2833],
            "transform": [
                [0.776288, -0.268494, -0.57034, -0.054715, 0.125864, -0.820524, 0.557583, 0.021878, -0.617685, -0.504631, -0.603169, 0.013608, 0.0, 0.0, 0.0, 1.0],
                [0.675582, -0.366843, -0.639542, -0.052889, 0.205038, -0.739731, 0.640904, 0.027341, -0.7082, -0.564114, -0.424532, 0.016801, 0.0, 0.0, 0.0, 1.0],
                [0.667757, 0.181631, -0.72188, -0.062503, 0.181631, -0.980219, -0.078618, -0.001415, -0.72188, -0.078618, -0.687538, -6e-06, 0.0, 0.0, 0.0, 1.0],
                [0.894447, -0.3752, -0.243289, -0.06119, -0.446045, -0.787228, -0.425813, 0.010035, -0.031759, 0.489385, -0.87149, -0.001355, 0.0, 0.0, 0.0, 1.0],
                [0.894447, -0.3752, -0.243289, -0.06119, -0.446045, -0.787228, -0.425813, 0.010035, -0.031759, 0.489385, -0.87149, -0.001356, 0.0, 0.0, 0.0, 1.0],
                [0.843665, -0.512261, -0.16068, -0.060903, -0.512261, -0.678519, -0.526498, 0.012538, 0.16068, 0.526498, -0.834854, -0.00165, 0.0, 0.0, 0.0, 1.0],
                [0.843665, -0.512261, -0.16068, -0.060903, -0.512261, -0.678519, -0.526498, 0.012538, 0.16068, 0.526498, -0.834854, -0.00165, 0.0, 0.0, 0.0, 1.0]
            ]
        },
        {
            "name": "Leg_L",
            "time": [0.0, 1.2833],
            "transform": [
                [1.0, 0.0, 1e-06, 0.0, -0.0, 1.0, 0.0, 0.18736, -1e-06, -0.0, 1.0, 0.0, 0.0, 0.0, 0.0, 1.0],
                [1.0, 0.0, 1e-06, -0.0, -0.0, 1.0, 0.0, 0.187362, -1e-06, -0.0, 1.0, -0.0, 0.0, 0.0, 0.0, 1.0]
            ]
        },
        {
            "name": "Torso",
            "time": [0.0, 1.2833],
            "transform": [
                [1.0, 0.0, -0.0, -0.0, -0.0, 1.0, 0.0, 0.025, -0.0, 0.0, 1.0, 0.0, 0.0, 0.0, 0.0, 1.0],
                [1.0, 0.0, 0.0, -0.0, 0.0, 1.0, 0.0, 0.025, -0.0, 0.0, 1.0, 0.0, 0.0, 0.0, 0.0, 1.0]
            ]
        },
        {
            "name": "Chest",
            "time": [0.0, 0.1667, 0.2667, 1.2833],
            "transform": [
                [0.924308, -0.345434, -0.162266, -0.0, 0.381094, 0.858269, 0.343717, 0.15, 0.020536, -0.379539, 0.924948, -0.0, 0.0, 0.0, 0.0, 1.0],
                [0.886647, -0.40903, -0.215759, 0.0, 0.462434, 0.787749, 0.406948, 0.15, 0.00351, -0.460593, 0.887605, -0.0, 0.0, 0.0, 0.0, 1.0],
                [1.0, -0.0, -0.0, 0.0, -0.0, 1.0, 0.0, 0.15, 0.0, 0.0, 1.0, 0.0, 0.0, 0.0, 0.0, 1.0],
                [1.0, 0.0, 0.0, 0.0, 0.0, 1.0, 0.0, 0.15, -0.0, 0.0, 1.0, -0.0, 0.0, 0.0, 0.0, 1.0]
            ]
        },
        {
            "name": "Head",
            "time": [0.0, 0.1667, 0.2667, 0.3667, 0.45, 0.6333, 1.2833],
            "transform": [
                [0.861318, 0.331181, 0.385293, 0.0, -0.000219, 0.758593, -0.651565, 0.2, -0.508067, 0.56112, 0.653462, 0.0, 0.0, 0.0, 0.0, 1.0],
                [0.794658, 0.421385, 0.436982, 0.0, 0.034452, 0.687371, -0.725489, 0.2, -0.606079, 0.59157, 0.531708, 0.0, 0.0, 0.0, 0.0, 1.0],
                [0.821407, -0.001769, 0.57034, -0.0, 0.139166, 0.970391, -0.197417, 0.2, -0.553103, 0.241532, 0.797332, -0.0, 0.0, 0.0, 0.0, 1.0],
                [0.840322, -0.330188, -0.429924, 0.0, 0.070576, 0.852978, -0.517153, 0.2, 0.537473, 0.404233, 0.74008, -0.0, 0.0, 0.0, 0.0, 1.0],
                [0.840322, -0.330188, -0.429924, 0.0, 0.070576, 0.852978, -0.517153, 0.2, 0.537473, 0.404233, 0.74008, -0.0, 0.0, 0.0, 0.0, 1.0],
                [0.706179, -0.384245, -0.594699, 0.0, -0.009883, 0.8345, -0.55092, 0.2, 0.707965, 0.394925, 0.585509, 0.0, 0.0, 0.0, 0.0, 1.0],
                [0.706179, -0.384245, -0.594699, 0.0, -0.009883, 0.8345, -0.55092, 0.2, 0.707965, 0.394925, 0.585509, 0.0, 0.0, 0.0, 0.0, 1.0]
            ]
        },
        {
            "name": "Shoulder_R",
            "time": [0.0, 0.1667, 0.2667, 0.3667, 0.45, 0.6333, 1.2833],
            "transform": [
                [0.182247, 0.94917, 0.256637, 0.0, 0.004216, -0.26176, 0.965124, 0.2, 0.983244, -0.174809, -0.051707, 0.0, 0.0, 0.0, 0.0, 1.0],
                [0.224221, 0.943564, 0.243744, 0.0, 0.006412, -0.251535, 0.967827, 0.2, 0.974517, -0.215444, -0.062449, 0.0, 0.0, 0.0, 0.0, 1.0],
                [0.224221, 0.943564, 0.243744, -0.0, 0.006412, -0.251535, 0.967827, 0.2, 0.974517, -0.215445, -0.062449, -0.0, 0.0, 0.0, 0.0, 1.0],
                [-0.0, 0.952114, 0.305743, 0.0, 0.0, -0.305743, 0.952114, 0.2, 1.0, -0.0, -0.0, -0.0, 0.0, 0.0, 0.0, 1.0],
                [-0.0, 0.952114, 0.305743, 0.0, 0.0, -0.305743, 0.952114, 0.2, 1.0, 0.0, -0.0, -0.0, 0.0, 0.0, 0.0, 1.0],
                [-0.20315, 0.899776, 0.386176, 0.0, -0.089529, -0.409818, 0.907763, 0.2, 0.975046, 0.149838, 0.163811, 0.0, 0.0, 0.0, 0.0, 1.0],
                [-0.20315, 0.899776, 0.386176, 0.0, -0.089529, -0.409818, 0.907763, 0.2, 0.975046, 0.149838, 0.163811, 0.0, 0.0, 0.0, 0.0, 1.0]
            ]
        },
        {
            "name": "Arm_R",
            "time": [0.0, 0.1667, 0.2667, 0.3667, 1.2833],