{
    "animation": [
        {
            "name": "Root",
            "time": [0.0, 0.1667, 0.2667, 0.3667, 0.45, 0.6333, 1.2833],
            "transform": [
                [0.794546, 0.14816, -0.588851, -5e-06, -0.607204, 0.193873, -0.77053, -1.995315, -0.0, 0.969774, 0.244004, 0.74875, 0.0, 0.0, 0.0, 1.0],
                [0.694554, 0.175547, -0.697695, -5e-06, -0.719441, 0.169474, -0.67356, -4.745315, -0.0, 0.969774, 0.244004, 0.74875, 0.0, 0.0, 0.0, 1.0],
                [0.694554, 0.175547, -0.697695, -5e-06, -0.719441, 0.169474, -0.67356, 0.004685, -0.0, 0.969774, 0.244004, 0.74875, 0.0, 0.0, 0.0, 1.0],
                [0.85315, 0.029693, 0.52082, -5e-06, 0.41383, 0.56934, -0.71035, 12.254684, -0.317616, 0.821566, 0.473444, 0.74875, 0.0, 0.0, 0.0, 1.0],
                [0.866202, 0.076588, 0.49379, -5e-06, 0.378115, 0.545584, -0.747908, 18.052237, -0.326684, 0.834549, 0.443627, 0.74875, 0.0, 0.0, 0.0, 1.0],
                [0.716731, 0.0, 0.697349, -5e-06, 0.565041, 0.586057, -0.580746, 20.004684, -0.408686, 0.81027, 0.420045, 0.74875, 0.0, 0.0, 0.0, 1.0],
                [0.716731, 0.0, 0.697349, -5e-06, 0.565041, 0.586057, -0.580746, 20.004684, -0.408686, 0.81027, 0.420045, 0.74875, 0.0, 0.0, 0.0, 1.0]
            ]
        },
        {
            "name": "Thigh_R",
            "time": [0.0, 0.1667, 0.2667, 0.3667, 0.45, 0.6333, 1.2833],
            "transform": [
                [0.932934, -0.355527, -0.056875, 0.0925, -0.30852, -0.870814, 0.382752, 0.024839, -0.185607, -0.339535, -0.922099, -0.011103, 0.0, 0.0, 0.0, 1.0],
                [0.899452, -0.434241, -0.0492, 0.090674, -0.363766, -0.80632, 0.466393, 0.019377, -0.242198, -0.401601, -0.883208, -0.014296, 0.0, 0.0, 0.0, 1.0],
                [0.993584, 0.111538, -0.01872, 0.100288, 0.109185, -0.989139, -0.098397, 0.048133, -0.029491, 0.095721, -0.994971, 0.002511, 0.0, 0.0, 0.0, 1.0],
                [0.957845, -0.282338, -0.053096, 0.098975, -0.283805, -0.901246, -0.327431, 0.036682, 0.044593, 0.328697, -0.943382, 0.00386, 0.0, 0.0, 0.0, 1.0],
                [0.957845, -0.282338, -0.053096, 0.098975, -0.283805, -0.901246, -0.327431, 0.036682, 0.044593, 0.328697, -0.943382, 0.00386, 0.0, 0.0, 0.0, 1.0],
                [0.929379, -0.36192, -0.072583, 0.098689, -0.36192, -0.854779, -0.371978, 0.03418, 0.072583, 0.371978, -0.925399, 0.004154, 0.0, 0.0, 0.0, 1.0],
                [0.929379, -0.36192, -0.072583, 0.098689, -0.36192, -0.854779, -0.371978, 0.03418, 0.072583, 0.371978, -0.925399, 0.004154, 0.0, 0.0, 0.0, 1.0]
            ]
        },
        {
            "name": "Leg_R",
            "time": [0.0, 1.2833],
            "transform": [
                [1.0, 0.0, 0.0, 0.0, -0.0, 1.0, 0.0, 0.300655, -0.0, -0.0, 1.0, 0.0, 0.0, 0.0, 0.0, 1.0],
                [1.0, 0.0, 0.0, -0.0, -1e-06, 1.0, 0.0, 0.300653, -0.0, -0.0, 1.0, 0.0, 0.0, 0.0, 0.0, 1.0]
            ]
        },
        {
            "name": "Thigh_L",
            "time": [0.0, 0.1667, 0.2667, 0.3667, 0.45, 0.6333, 1.2833],
            "transform": [
                [0.776288, -0.268494, -0.57034, -0.09251, 0.125864, -0.820524, 0.557583, 0.071426, -0.617685, -0.504631, -0.603169, 0.016125, 0.0, 0.0, 0.0, 1.0],
                [0.675582, -0.366843, -0.639543, -0.090684, 0.205038, -0.739731, 0.640904, 0.076889, -0.7082, -0.564114, -0.424532, 0.019317, 0.0, 0.0, 0.0, 1.0],
                [0.667757, 0.181631, -0.72188, -0.100298, 0.181631, -0.980219, -0.078618, 0.048133, -0.72188, -0.078618, -0.687538, 0.002511, 0.0, 0.0, 0.0, 1.0],
                [0.894447, -0.3752, -0.243289, -0.098986, -0.446045, -0.787228, -0.425813, 0.059584, -0.031759, 0.489385, -0.87149, 0.001162, 0.0, 0.0, 0.0, 1.0],
                [0.894447, -0.3752, -0.243289, -0.098985, -0.446045, -0.787228, -0.425813, 0.059583, -0.031759, 0.489385, -0.87149, 0.001161, 0.0, 0.0, 0.0, 1.0],
                [0.843665, -0.512261, -0.16068, -0.098699, -0.512261, -0.678519, -0.526498, 0.062084, 0.16068, 0.526498, -0.834854, 0.000867, 0.0, 0.0, 0.0, 1.0],
                [0.843665, -0.512261, -0.16068, -0.098699, -0.512261, -0.678519, -0.526498, 0.062084, 0.16068, 0.526498, -0.834854, 0.000867, 0.0, 0.0, 0.0, 1.0]
            ]
        },
        {
            "name": "Leg_L",
            "time": [0.0, 1.2833],
            "transform": [
                [1.0, 0.0, 0.0, 0.0, -0.0, 1.0, 0.0, 0.300655, -0.0, -0.0, 1.0, -0.0, 0.0, 0.0, 0.0, 1.0],
                [1.0, 0.0, 0.0, 0.0, -0.0, 1.0, 0.0, 0.300652, -0.0, -0.0, 1.0, 0.0, 0.0, 0.0, 0.0, 1.0]
            ]
        },
        {
            "name": "Torso",
            "time": [0.0, 1.2833],
            "transform": [
                [1.0, 0.0, -0.0, -0.0, -0.0, 1.0, 0.0, 0.049699, -0.0, 0.0, 1.0, -0.0, 0.0, 0.0, 0.0, 1.0],
                [1.0, 0.0, 0.0, -0.0, 0.0, 1.0, 0.0, 0.049699, -0.0, 0.0, 1.0, -2e-06, 0.0, 0.0, 0.0, 1.0]
            ]
        },
        {
            "name": "Chest",
            "time": [0.0, 0.1667, 0.2667, 1.2833],
            "transform": [
                [0.924308, -0.345434, -0.162266, -0.0, 0.381094, 0.858269, 0.343717, 0.298195, 0.020536, -0.379539, 0.924948, -0.0, 0.0, 0.0, 0.0, 1.0],
                [0.886647, -0.40903, -0.215759, 0.0, 0.462434, 0.787749, 0.406948, 0.298195, 0.00351, -0.460593, 0.887605, 0.0, 0.0, 0.0, 0.0, 1.0],
                [1.0, -0.0, -0.0, -0.0, -0.0, 1.0, 0.0, 0.298195, 0.0, 0.0, 1.0, 0.0, 0.0, 0.0, 0.0, 1.0],
                [1.0, 0.0, 0.0, -0.0, 0.0, 1.0, 0.0, 0.298195, -0.0, 0.0, 1.0, -0.0, 0.0, 0.0, 0.0, 1.0]
            ]
        },
        {
            "name": "Head",
            "time": [0.0, 0.1667, 0.2667, 0.3667, 0.45, 0.6333, 1.2833],
            "transform": [
                [0.861318, 0.331181, 0.385293, -0.0, -0.000219, 0.758593, -0.651565, 0.397593, -0.508066, 0.56112, 0.653462, 0.0, 0.0, 0.0, 0.0, 1.0],
                [0.794658, 0.421385, 0.436982, 0.0, 0.034452, 0.687371, -0.725489, 0.397593, -0.606079, 0.59157, 0.531708, 0.0, 0.0, 0.0, 0.0, 1.0],
                [0.821407, -0.001769, 0.57034, -0.0, 0.139166, 0.970391, -0.197417, 0.397594, -0.553103, 0.241532, 0.797333, -0.0, 0.0, 0.0, 0.0, 1.0],
                [0.840322, -0.330188, -0.429924, 0.0, 0.070576, 0.852978, -0.517153, 0.397594, 0.537473, 0.404233, 0.74008, 0.0, 0.0, 0.0, 0.0, 1.0],
                [0.840322, -0.330188, -0.429924, -0.0, 0.070576, 0.852978, -0.517153, 0.397594, 0.537473, 0.404233, 0.74008, -1e-06, 0.0, 0.0, 0.0, 1.0],
                [0.706179, -0.384245, -0.594699, 1e-06, -0.009883, 0.8345, -0.55092, 0.397594, 0.707965, 0.394925, 0.585509, -1e-06, 0.0, 0.0, 0.0, 1.0],
                [0.706179, -0.384245, -0.594699, 1e-06, -0.009883, 0.8345, -0.55092, 0.397594, 0.707965, 0.394925, 0.585509, -1e-06, 0.0, 0.0, 0.0, 1.0]
            ]
        },
        {
            "name": "Shoulder_R",
            "time": [0.0, 0.1667, 0.2667, 0.3667, 0.45, 0.6333, 1.2833],