{
    "animation": [
        {
            "name": "Root",
            "time": [0.0, 0.0833, 0.2833, 0.45, 1.3],
            "transform": [
                [0.866202, 0.076588, 0.49379, -5e-06, 0.378115, 0.545584, -0.747908, 0.004685, -0.326684, 0.834549, 0.443627, 0.74875, 0.0, 0.0, 0.0, 1.0],
                [0.896361, 0.013666, 0.443115, -5e-06, 0.421576, 0.282954, -0.861517, -0.436336, -0.137154, 0.959036, 0.247867, 0.74875, 0.0, 0.0, 0.0, 1.0],
                [1.0, 0.0, -0.0, -5e-06, 0.0, -0.162142, -0.986767, -1.385532, -0.0, 0.986767, -0.162142, 0.74875, 0.0, 0.0, 0.0, 1.0],
                [1.0, 0.0, -0.0, -5e-06, 0.0, -0.162142, -0.986767, -1.65342, -0.0, 0.986767, -0.162142, 0.74875, 0.0, 0.0, 0.0, 1.0],
                [1.0, 0.0, -0.0, -5e-06, 0.0, -0.162142, -0.986767, -1.65342, -0.0, 0.986767, -0.162142, 0.74875, 0.0, 0.0, 0.0, 1.0]
            ]
        },
        {
            "name": "Thigh_R",
            "time": [0.0, 0.0833, 0.2833, 0.45, 1.3],
            "transform": [
                [0.957845, -0.282338, -0.053096, 0.098976, -0.283805, -0.901246, -0.327431, 0.036682, 0.044593, 0.328697, -0.943382, 0.00386, 0.0, 0.0, 0.0, 1.0],
                [0.969907, -0.242154, -0.025322, 0.099177, -0.242395, -0.950584, -0.193995, 0.03844, 0.022906, 0.194295, -0.980676, 0.003653, 0.0, 0.0, 0.0, 1.0],
                [0.999895, 0.002222, 0.014341, 0.100171, -0.005187, -0.868232, 0.496131, 0.047115, 0.013554, -0.496153, -0.868129, 0.002631, 0.0, 0.0, 0.0, 1.0],
                [0.99952, 0.030057, 0.007563, 0.100288, 0.020553, -0.825429, 0.564132, 0.048133, 0.023198, -0.563705, -0.82565, 0.002511, 0.0, 0.0, 0.0, 1.0],
                [0.99952, 0.030057, 0.007563, 0.100288, 0.020553, -0.825429, 0.564132, 0.048133, 0.023198, -0.563705, -0.82565, 0.002511, 0.0, 0.0, 0.0, 1.0]
            ]
        },
        {
            "name": "Leg_R",
            "time": [0.0, 1.3],
            "transform": [
                [1.0, 1e-06, 0.0, -0.0, -1e-06, 1.0, 0.0, 0.300655, -0.0, -0.0, 1.0, 0.0, 0.0, 0.0, 0.0, 1.0],
                [1.0, 0.0, 0.0, -0.0, -0.0, 1.0, 0.0, 0.300654, -0.0, -0.0, 1.0, -0.0, 0.0, 0.0, 0.0, 1.0]
            ]
        },
        {
            "name": "Thigh_L",
            "time": [0.0, 0.0833, 0.2833, 0.45, 1.3],
            "transform": [
                [0.894447, -0.3752, -0.243289, -0.098985, -0.446045, -0.787228, -0.425813, 0.059583, -0.031759, 0.489385, -0.87149, 0.001162, 0.0, 0.0, 0.0, 1.0],
                [0.917949, -0.34923, -0.188168, -0.099187, -0.391479, -0.874165, -0.287367, 0.057826, -0.064133, 0.337452, -0.939155, 0.001369, 0.0, 0.0, 0.0, 1.0],
                [0.995609, -0.091812, -0.018235, -0.100181, -0.071247, -0.869635, 0.488528, 0.04915, -0.06071, -0.485084, -0.872358, 0.002391, 0.0, 0.0, 0.0, 1.0],
                [0.9983, -0.056528, -0.014223, -0.100298, -0.038655, -0.824644, 0.564329, 0.048133, -0.04363, -0.56282, -0.825427, 0.002511, 0.0, 0.0, 0.0, 1.0],
                [0.9983, -0.056528, -0.014223, -0.100298, -0.038655, -0.824644, 0.564329, 0.048133, -0.04363, -0.56282, -0.825427, 0.002511, 0.0, 0.0, 0.0, 1.0]
            ]
        },
        {
            "name": "Leg_L",
            "time": [0.0, 1.3],
            "transform": [
                [1.0, 0.0, 0.0, -0.0, -0.0, 1.0, 0.0, 0.300655, -0.0, -0.0, 1.0, -0.0, 0.0, 0.0, 0.0, 1.0],
                [1.0, 0.0, 0.0, 0.0, -0.0, 1.0, 0.0, 0.300654, -0.0, -0.0, 1.0, -0.0, 0.0, 0.0, 0.0, 1.0]
            ]
        },
        {
            "name": "Torso",
            "time": [0.0, 0.0833, 0.2833, 1.3],
            "transform": [
                [1.0, 0.0, 0.0, -0.0, 0.0, 1.0, -0.0, 0.049699, -0.0, -0.0, 1.0, -0.0, 0.0, 0.0, 0.0, 1.0],
                [1.0, 0.0, -0.0, -0.0, -0.0, 1.0, 0.0, 0.049699, -0.0, -0.0, 1.0, 0.0, 0.0, 0.0, 0.0, 1.0],
                [1.0, -0.0, 0.0, -0.0, 0.0, 0.996207, -0.087009, 0.049699, 0.0, 0.087009, 0.996207, 0.0, 0.0, 0.0, 0.0, 1.0],
                [1.0, -0.0, 0.0, -0.0, 0.0, 0.996207, -0.087009, 0.049699, 0.0, 0.087009, 0.996207, -0.0, 0.0, 0.0, 0.0, 1.0]
            ]
        },
        {
            "name": "Chest",
            "time": [0.0, 1.3],
            "transform": [
                [1.0, 0.0, 0.0, 0.0, 0.0, 1.0, -0.0, 0.298195, -0.0, -0.0, 1.0, -0.0, 0.0, 0.0, 0.0, 1.0],
                [1.0, -0.0, 0.0, -0.0, 0.0, 1.0, 0.0, 0.298195, -0.0, 0.0, 1.0, 0.0, 0.0, 0.0, 0.0, 1.0]
            ]
        },
        {
            "name": "Head",
            "time": [0.0, 0.0833, 0.1333, 0.35, 1.3],
            "transform": [
                [0.840322, -0.330188, -0.429924, 0.0, 0.070576, 0.852978, -0.517153, 0.397594, 0.537473, 0.404233, 0.74008, 0.0, 0.0, 0.0, 0.0, 1.0],
                [0.88406, 0.003629, -0.46736, -0.0, 0.060882, 0.990555, 0.122855, 0.397594, 0.463392, -0.137065, 0.875489, -0.0, 0.0, 0.0, 0.0, 1.0],
                [0.911553, 0.160511, -0.378559, -0.0, 0.00561, 0.915719, 0.40178, 0.397594, 0.411144, -0.368367, 0.833826, 0.0, 0.0, 0.0, 0.0, 1.0],
                [0.981375, 0.084746, -0.172397, -0.0, -0.186619, 0.633443, -0.750948, 0.397594, 0.045564, 0.769134, 0.637461, -0.0, 0.0, 0.0, 0.0, 1.0],
                [0.981375, 0.084746, -0.172397, -0.0, -0.186619, 0.633443, -0.750948, 0.397594, 0.045564, 0.769134, 0.637461, 0.0, 0.0, 0.0, 0.0, 1.0]
            ]
        },
        {
            "name": "Shoulder_R",
            "time": [0.0, 0.0833, 0.2833, 1.3],
            "transform": [
                [0.093479, 0.952114, 0.291102, 0.0, 0.291103, -0.305743, 0.906521, 0.397594, 0.952114, -0.0, -0.305743, 0.0, 0.0, 0.0, 0.0, 1.0],
                [-0.380381, 0.797743, 0.467886, -0.0, 0.149821, -0.446079, 0.882365, 0.397594, 0.912614, 0.405733, 0.050162, -0.0, 0.0, 0.0, 0.0, 1.0],
                [-0.378773, 0.896477, 0.229915, -0.0, 0.254814, -0.137806, 0.95712, 0.397594, 0.88972, 0.421116, -0.176238, -0.0, 0.0, 0.0, 0.0, 1.0],
                [-0.378773, 0.896477, 0.229915, -0.0, 0.254814, -0.137806, 0.95712, 0.397594, 0.88972, 0.421116, -0.176238, 0.0, 0.0, 0.0, 0.0, 1.0]
            ]
        },
        {
            "name": "Arm_R",
            "time": [0.0, 0.0833, 0.2167, 0.45, 1.3],
            "transform": [
                [0.805125, -0.283614, -0.5209, -0.0, -0.551247, -0.033741, -0.83366, 0.391491, 0.218862, 0.958345, -0.183507, -0.0, 0.0, 0.0, 0.0, 1.0],
                [0.595704, -0.541966, -0.592799, 0.0, -0.634823, 0.134464, -0.760868, 0.391491, 0.492074, 0.829574, -0.263951, -0.0, 0.0, 0.0, 0.0, 1.0],
                [0.089604, -0.241019, -0.966375, -0.0, -0.437143, 0.862309, -0.255597, 0.391491, 0.894918, 0.445346, -0.028094, -0.0, 0.0, 0.0, 0.0, 1.0],
                [0.021715, -0.102619, -0.994483, -0.0, -0.333152, 0.937122, -0.103975, 0.391491, 0.942623, 0.333572, -0.013838, -0.0, 0.0, 0.0, 0.0, 1.0],
                [0.021715, -0.102619, -0.994483, -0.0, -0.333152, 0.937122, -0.103975, 0.391491, 0.942623, 0.333572, -0.013838, -0.0, 0.0, 0.0, 0.0, 1.0]
            ]
        },
        {
            "name": "Hand_R",
            "time": [0.0, 0.0833, 0.2167, 0.45, 1.3],
            "transform": [
                [0.999963, -0.000234, -0.008568, 0.0, -0.003912, 0.877012, -0.480453, 0.298195, 0.007626, 0.480469, 0.876978, 0.0, 0.0, 0.0, 0.0, 1.0],
                [0.999955, -0.003778, -0.008742, -0.0, -0.005872, 0.478117, -0.878277, 0.298195, 0.007498, 0.878288, 0.478073, -0.0, 0.0, 0.0, 0.0, 1.0],
                [0.999997, -3e-05, -0.002354, 0.0, -0.000366, 0.985788, -0.167994, 0.298195, 0.002326, 0.167994, 0.985785, 0.0, 0.0, 0.0, 0.0, 1.0],
                [1.0, 0.0, -0.0, 0.0, -0.0, 0.993937, 0.109947, 0.298195, 0.0, -0.109947, 0.993937, -0.0, 0.0, 0.0, 0.0, 1.0],
                [1.0, 0.0, -0.0, 0.0, -0.0, 0.993937, 0.109947, 0.298195, 0.0, -0.109947, 0.993937, -0.0, 0.0, 0.0, 0.0, 1.0]
            ]
        },
        {
            "name": "Tool_R",
            "time": [0.0, 0.0833, 0.2167, 0.45, 1.3],