{
    "animation": [
        {
            "name": "Root",
            "time": [0.0, 0.2, 0.3, 0.4, 0.7],
            "transform": [
                [0.629385, 0.0, 0.777094, -5e-06, 0.777094, 0.0, -0.629385, 0.000946, 0.0, 1.0, 0.0, 0.763785, 0.0, 0.0, 0.0, 1.0],
                [0.302421, 0.0, 0.953174, -5e-06, 0.953174, 0.0, -0.302421, 0.000946, 0.0, 1.0, 0.0, 0.763246, 0.0, 0.0, 0.0, 1.0],
                [0.961014, 0.038371, 0.273826, -5e-06, 0.272835, 0.029125, -0.96162, 1.411241, -0.044874, 0.998839, 0.01752, 0.73575, 0.0, 0.0, 0.0, 1.0],
                [0.755734, 0.083761, -0.649501, -5e-06, -0.652571, 0.01313, -0.757613, 2.821537, -0.05493, 0.996399, 0.064583, 0.708658, 0.0, 0.0, 0.0, 1.0],
                [0.755734, 0.083761, -0.649501, -5e-06, -0.652571, 0.01313, -0.757613, 2.821537, -0.05493, 0.996399, 0.064583, 0.708658, 0.0, 0.0, 0.0, 1.0]
            ]
        },
        {
            "name": "Thigh_R",
            "time": [0.0, 0.2, 0.3, 0.4, 0.7],
            "transform": [
                [0.649266, 0.24551, 0.719846, 0.124994, 0.06013, -0.960073, 0.273208, -0.002831, 0.75818, -0.1341, -0.638106, -1.2e-05, 0.0, 0.0, 0.0, 1.0],
                [0.330908, 0.399755, 0.854807, 0.124994, 0.052996, -0.912282, 0.406118, -0.002831, 0.942173, -0.089086, -0.323068, -1.2e-05, 0.0, 0.0, 0.0, 1.0],
                [0.956317, 0.016033, 0.291892, 0.124994, 0.080153, -0.97461, -0.209069, -0.002831, 0.281129, 0.223333, -0.933321, -1.2e-05, 0.0, 0.0, 0.0, 1.0],
                [0.900427, 0.385512, -0.201522, 0.124994, 0.412344, -0.903982, 0.113083, -0.002831, -0.138577, -0.184919, -0.972934, -1.2e-05, 0.0, 0.0, 0.0, 1.0],
                [0.900427, 0.385512, -0.201522, 0.124994, 0.412344, -0.903982, 0.113083, -0.002831, -0.138577, -0.184919, -0.972934, -1.2e-05, 0.0, 0.0, 0.0, 1.0]
            ]
        },
        {
            "name": "Leg_R",
            "time": [0.0, 0.2, 0.3, 0.4, 0.7],
            "transform": [
                [0.999941, -0.007169, -0.008211, -0.0, 0.009211, 0.958521, 0.284875, 0.37472, 0.005828, -0.284934, 0.958529, -0.0, 0.0, 0.0, 0.0, 1.0],
                [0.99988, -0.009469, -0.012312, -0.0, 0.013615, 0.915782, 0.401447, 0.37472, 0.007474, -0.401566, 0.915799, 0.0, 0.0, 0.0, 0.0, 1.0],
                [0.999745, -0.018799, -0.012496, 0.0, 0.022459, 0.884038, 0.466876, 0.37472, 0.002271, -0.467038, 0.884234, 0.0, 0.0, 0.0, 0.0, 1.0],
                [1.0, -0.0, 1e-06, 0.0, -0.0, 0.987402, 0.158235, 0.37472, -1e-06, -0.158235, 0.987401, 0.0, 0.0, 0.0, 0.0, 1.0],
                [1.0, -0.0, 1e-06, 0.0, -0.0, 0.987402, 0.158235, 0.37472, -1e-06, -0.158235, 0.987401, 0.0, 0.0, 0.0, 0.0, 1.0]
            ]
        },
        {
            "name": "Knee_R",
            "time": [0.0, 0.7],
            "transform": [
                [1.0, 0.0, -0.0, -0.0, -0.0, 1e-06, -1.0, 0.438968, -0.0, 1.0, 1e-06, 0.000847, 0.0, 0.0, 0.0, 1.0],
                [1.0, 0.0, -0.0, 0.0, -0.0, 1e-06, -1.0, 0.438968, -0.0, 1.0, 1e-06, 0.000847, 0.0, 0.0, 0.0, 1.0]
            ]
        },
        {
            "name": "Thigh_L",
            "time": [0.0, 0.2, 0.3, 0.4, 0.7],
            "transform": [
                [0.912518, -0.161776, 0.375684, -0.125006, -0.147665, -0.986815, -0.066268, -0.002831, 0.381451, 0.004996, -0.924375, -1.2e-05, 0.0, 0.0, 0.0, 1.0],
                [0.821321, -0.230151, 0.521979, -0.125006, -0.201329, -0.973069, -0.112258, -0.002831, 0.533758, -0.012889, -0.845539, -1.2e-05, 0.0, 0.0, 0.0, 1.0],
                [0.977916, 0.098408, 0.184382, -0.125006, 0.032328, -0.942817, 0.33174, -0.002831, 0.206485, -0.318453, -0.925176, -1.2e-05, 0.0, 0.0, 0.0, 1.0],
                [0.725809, -0.269873, -0.632747, -0.125006, 0.051586, -0.895887, 0.441277, -0.002831, -0.685959, -0.352923, -0.636322, -1.2e-05, 0.0, 0.0, 0.0, 1.0],
                [0.725809, -0.269873, -0.632747, -0.125006, 0.051586, -0.895887, 0.441277, -0.002831, -0.685959, -0.352923, -0.636322, -1.2e-05, 0.0, 0.0, 0.0, 1.0]
            ]
        },
        {
            "name": "Leg_L",
            "time": [0.0, 0.2, 0.7],
            "transform": [
                [0.999927, -0.012005, -0.001454, 0.0, 0.012005, 0.970971, 0.238897, 0.37472, -0.001456, -0.238897, 0.971044, 0.0, 0.0, 0.0, 0.0, 1.0],
                [0.999851, -0.016998, -0.002962, 0.0, 0.016998, 0.940899, 0.338259, 0.37472, -0.002963, -0.338259, 0.941049, 0.0, 0.0, 0.0, 0.0, 1.0],
                [0.999851, -0.016998, -0.002962, -0.0, 0.016998, 0.940899, 0.338259, 0.37472, -0.002963, -0.338259, 0.941049, -0.0, 0.0, 0.0, 0.0, 1.0]
            ]
        },
        {
            "name": "Knee_L",
            "time": [0.0, 0.7],
            "transform": [
                [1.0, 0.0, -0.0, 0.0, -0.0, 1e-06, -1.0, 0.37472, -0.0, 1.0, 1e-06, 0.0, 0.0, 0.0, 0.0, 1.0],
                [1.0, 0.0, -0.0, -0.0, -0.0, 1e-06, -1.0, 0.37472, -0.0, 1.0, 1e-06, -0.0, 0.0, 0.0, 0.0, 1.0]
            ]
        },
        {
            "name": "Torso",
            "time": [0.0, 0.7],
            "transform": [
                [1.0, 0.0, 0.0, 0.0, 0.0, 1.0, 0.0, 0.05, 0.0, 0.0, 1.0, -0.0, 0.0, 0.0, 0.0, 1.0],
                [1.0, 0.0, 0.0, -0.0, -0.0, 1.0, 0.0, 0.05, 0.0, 0.0, 1.0, 0.0, 0.0, 0.0, 0.0, 1.0]
            ]
        },
        {
            "name": "Chest",
            "time": [0.0, 0.2, 0.3, 0.4, 0.7],
            "transform": [
                [0.999949, -0.010107, 6e-05, 0.0, 0.010107, 0.999879, -0.011815, 0.3, 6e-05, 0.011815, 0.99993, -0.0, 0.0, 0.0, 0.0, 1.0],
                [0.993705, -0.111977, 0.003289, -0.0, 0.112006, 0.992558, -0.047781, 0.3, 0.002086, 0.047849, 0.998852, -0.0, 0.0, 0.0, 0.0, 1.0],
                [0.997993, -0.063309, 0.001328, -0.0, 0.063319, 0.997468, -0.032389, 0.3, 0.000726, 0.032408, 0.999474, -0.0, 0.0, 0.0, 0.0, 1.0],
                [0.999895, -0.014466, 0.000122, -0.0, 0.014466, 0.999752, -0.016911, 0.3, 0.000122, 0.016911, 0.999857, 0.0, 0.0, 0.0, 0.0, 1.0],
                [0.999895, -0.014466, 0.000122, -0.0, 0.014466, 0.999752, -0.016911, 0.3, 0.000122, 0.016911, 0.999857, 0.0, 0.0, 0.0, 0.0, 1.0]
            ]
        },
        {
            "name": "Head",
            "time": [0.0, 0.2, 0.3, 0.4, 0.7],
            "transform": [
                [0.661921, 0.003411, -0.749566, -0.0, 0.003869, 0.999961, 0.007967, 0.4, 0.749564, -0.008174, 0.661882, 0.0, 0.0, 0.0, 0.0, 1.0],
                [0.358368, 0.096156, -0.928616, 0.0, 0.005428, 0.99445, 0.105068, 0.4, 0.933565, -0.042694, 0.355857, -0.0, 0.0, 0.0, 0.0, 1.0],
                [0.97261, -0.005277, -0.232384, -0.0, 0.02312, 0.996981, 0.074127, 0.4, 0.231291, -0.077469, 0.969795, 0.0, 0.0, 0.0, 0.0, 1.0],
                [0.738768, -0.091239, 0.667755, 0.0, 0.058703, 0.99574, 0.071108, 0.4, -0.671398, -0.013333, 0.740977, -0.0, 0.0, 0.0, 0.0, 1.0],
                [0.738768, -0.091239, 0.667755, 0.0, 0.058703, 0.99574, 0.071108, 0.4, -0.671398, -0.013333, 0.740977, -0.0, 0.0, 0.0, 0.0, 1.0]
            ]
        },
        {
            "name": "Shoulder_R",
            "time": [0.0, 0.7],
            "transform": [
                [0.0, 0.952114, 0.305743, -0.0, 0.0, -0.305743, 0.952114, 0.4, 1.0, -0.0, -0.0, 0.0, 0.0, 0.0, 0.0, 1.0],
                [0.0, 0.952114, 0.305743, 0.0, 0.0, -0.305743, 0.952114, 0.4, 1.0, 0.0, -0.0, -0.0, 0.0, 0.0, 0.0, 1.0]
            ]
        },
        {
            "name": "Arm_R",
            "time": [0.0, 0.2, 0.3, 0.4, 0.7],