{
    "animation": [
        {
            "name": "Coord",
            "time": [0.0, 0.2, 0.4, 0.5, 0.7, 0.95],
            "transform": [
                [1.0, -0.000116, 0.000116, 0.0, 0.000116, 0.001062, -0.999999, 0.0, 0.000116, 0.999999, 0.001062, 0.0, 0.0, 0.0, 0.0, 1.0],
                [1.0, -0.000116, 0.000116, 0.0, 0.000116, 0.001062, -0.999999, 0.0, 0.000116, 0.999999, 0.001062, 0.0, 0.0, 0.0, 0.0, 1.0],
                [1.0, -0.000116, 0.000116, 0.0, 0.000116, 0.001062, -0.999999, 2.739799, 0.000116, 0.999999, 0.001062, 0.0, 0.0, 0.0, 0.0, 1.0],
                [1.0, -0.000116, 0.000116, 0.0, 0.000116, 0.001062, -0.999999, 2.981705, 0.000116, 0.999999, 0.001062, -0.0, 0.0, 0.0, 0.0, 1.0],
                [1.0, -0.000116, 0.000116, 0.0, 0.000116, 0.001062, -0.999999, 2.981705, 0.000116, 0.999999, 0.001062, -0.0, 0.0, 0.0, 0.0, 1.0],
                [1.0, -0.000116, 0.000116, 0.0, 0.000116, 0.001062, -0.999999, 3.003977, 0.000116, 0.999999, 0.001062, -0.0, 0.0, 0.0, 0.0, 1.0]
            ]
        },
        {
            "name": "Root",
            "time": [0.0, 0.1, 0.2, 0.3, 0.5, 0.7, 0.95],
            "transform": [
                [0.629475, 0.000116, 0.777021, 8.2e-05, 0.000753, 0.999999, -0.000759, 0.747337, -0.77702, 0.001062, 0.629474, -0.000152, 0.0, 0.0, 0.0, 1.0],
                [0.55195, 0.000116, 0.833877, 6.9e-05, 0.000822, 0.999999, -0.000683, 0.638159, -0.833877, 0.001062, 0.55195, -0.000268, 0.0, 0.0, 0.0, 1.0],
                [0.552033, 0.000116, 0.833823, 6.3e-05, 0.000822, 0.999999, -0.000683, 0.584554, -0.833822, 0.001062, 0.552032, -0.000325, 0.0, 0.0, 0.0, 1.0],
                [0.990646, 0.027252, 0.13371, 7e-05, -0.020273, 0.998374, -0.053283, 0.642746, -0.134945, 0.050074, 0.989587, -0.000264, 0.0, 0.0, 0.0, 1.0],
                [0.462198, -0.080152, -0.883147, 6.6e-05, -0.004992, 0.995656, -0.092975, 0.611741, 0.886763, 0.047381, 0.45979, -0.000296, 0.0, 0.0, 0.0, 1.0],
                [0.462198, -0.080152, -0.883147, 6.6e-05, -0.004992, 0.995656, -0.092975, 0.611741, 0.886763, 0.047381, 0.45979, -0.000296, 0.0, 0.0, 0.0, 1.0],
                [1.0, 0.000116, -0.000116, 6.2e-05, -0.000116, 0.999999, -0.001062, 0.566787, 0.000116, 0.001062, 0.999999, -0.011063, 0.0, 0.0, 0.0, 1.0]
            ]
        },
        {
            "name": "Thigh_R",
            "time": [0.0, 0.1, 0.2, 0.4, 0.7, 0.95],
            "transform": [
                [0.638831, 0.226331, 0.735302, 0.155189, -0.000317, -0.955669, 0.294438, -0.002831, 0.769347, -0.188327, -0.61044, 0.037269, 0.0, 0.0, 0.0, 1.0],
                [0.638577, 0.551563, 0.536653, 0.140091, 0.069152, -0.735657, 0.673813, -0.002831, 0.766444, -0.39317, -0.507917, 0.018629, 0.0, 0.0, 0.0, 1.0],
                [0.620564, 0.681035, 0.388705, 0.124994, 0.123432, -0.574352, 0.809248, -0.002831, 0.77438, -0.454211, -0.440486, -1.2e-05, 0.0, 0.0, 0.0, 1.0],
                [0.864558, 0.481274, 0.144617, 0.124994, 0.486715, -0.873556, -0.002568, -0.002831, 0.125093, 0.072609, -0.989484, -1.2e-05, 0.0, 0.0, 0.0, 1.0],
                [0.853338, 0.520354, -0.032324, 0.124993, 0.510454, -0.82127, 0.254857, -0.002831, 0.106068, -0.233977, -0.966439, -1.2e-05, 0.0, 0.0, 0.0, 1.0],
                [0.971744, 0.105415, 0.211188, 0.124994, 0.186001, -0.892834, -0.410181, -0.002831, 0.145316, 0.437874, -0.887215, -1.2e-05, 0.0, 0.0, 0.0, 1.0]
            ]
        },
        {
            "name": "Leg_R",
            "time": [0.0, 0.1, 0.2, 0.4, 0.7, 0.95],
            "transform": [
                [1.0, -0.0, 1e-06, -0.0, -0.0, 0.959039, 0.283276, 0.37472, -1e-06, -0.283275, 0.959038, 0.0, 0.0, 0.0, 0.0, 1.0],
                [1.0, -1e-06, 0.0, 0.0, -0.0, 0.449556, 0.893252, 0.37472, -1e-06, -0.893253, 0.449554, -0.0, 0.0, 0.0, 0.0, 1.0],
                [1.0, -1e-06, 0.0, -0.0, -0.0, 0.317879, 0.948131, 0.37472, -1e-06, -0.948133, 0.317876, 0.0, 0.0, 0.0, 0.0, 1.0],
                [1.0, 0.0, 1e-06, -0.0, -0.0, 0.81266, 0.582739, 0.37472, -1e-06, -0.582738, 0.81266, 0.0, 0.0, 0.0, 0.0, 1.0],
                [1.0, -0.0, 0.0, -0.0, -0.0, 0.703949, 0.710251, 0.37472, -1e-06, -0.710251, 0.703948, -0.0, 0.0, 0.0, 0.0, 1.0],
                [1.0, 0.0, 1e-06, 0.0, 0.0, 0.887958, 0.459926, 0.37472, -1e-06, -0.459925, 0.887957, -0.0, 0.0, 0.0, 0.0, 1.0]
            ]
        },
        {
            "name": "Knee_R",
            "time": [0.0, 0.1, 0.2, 0.4, 0.7, 0.95],
            "transform": [
                [1.0, 0.0, -0.0, -0.0, -0.0, 1e-06, -1.0, 0.37472, -0.0, 1.0, 1e-06, 0.0, 0.0, 0.0, 0.0, 1.0],
                [1.0, 0.0, -0.0, 0.0, -0.0, 1e-06, -1.0, 0.437853, -0.0, 1.0, 1e-06, -0.0, 0.0, 0.0, 0.0, 1.0],
                [1.0, 0.0, -0.0, 0.0, -0.0, 1e-06, -1.0, 0.450673, -0.0, 1.0, 1e-06, -0.0, 0.0, 0.0, 0.0, 1.0],
                [1.0, 0.0, -0.0, 0.0, -0.0, 1e-06, -1.0, 0.394534, -0.0, 1.0, 1e-06, -0.0, 0.0, 0.0, 0.0, 1.0],
                [1.0, 0.0, -0.0, -0.0, -0.0, 1e-06, -1.0, 0.409598, 0.0, 1.0, 1e-06, -0.0, 0.0, 0.0, 0.0, 1.0],
                [1.0, 0.0, -0.0, 0.0, -0.0, 0.0, -1.0, 0.381588, -0.0, 1.0, 0.0, -0.0, 0.0, 0.0, 0.0, 1.0]
            ]
        },
        {
            "name": "Thigh_L",
            "time": [0.0, 0.1, 0.2, 0.3, 0.4, 0.5, 0.7, 0.95],
            "transform": [
                [0.930059, -0.106441, 0.351655, -0.153044, -0.094, -0.994196, -0.052314, -0.002831, 0.355183, 0.015602, -0.934666, -0.03463, 0.0, 0.0, 0.0, 1.0],
                [0.960491, -0.220864, 0.169342, -0.139025, -0.26806, -0.897768, 0.349507, -0.002831, 0.074836, -0.38109, -0.921503, -0.017321, 0.0, 0.0, 0.0, 1.0],
                [0.830661, -0.545438, -0.111806, -0.125006, -0.428469, -0.75445, 0.49721, -0.002831, -0.355549, -0.365106, -0.860396, -1.2e-05, 0.0, 0.0, 0.0, 1.0],
                [0.990881, 0.092729, 0.097752, -0.125006, 0.028274, -0.852441, 0.522056, -0.002831, 0.131738, -0.514531, -0.847291, -1.2e-05, 0.0, 0.0, 0.0, 1.0],
                [0.719826, -0.523251, -0.456134, -0.125006, -0.042921, -0.689402, 0.723106, -0.002831, -0.692826, -0.500932, -0.518709, -1.2e-05, 0.0, 0.0, 0.0, 1.0],
                [0.421056, -0.725642, -0.544203, -0.125007, -0.091631, -0.630941, 0.7704, -0.002831, -0.902394, -0.274514, -0.332154, -1.2e-05, 0.0, 0.0, 0.0, 1.0],
                [0.421057, -0.725642, -0.544201, -0.125007, -0.091632, -0.63094, 0.770401, -0.002831, -0.902394, -0.274515, -0.332155, -1.2e-05, 0.0, 0.0, 0.0, 1.0],
                [0.924993, -0.12707, -0.358107, -0.125006, 0.249546, -0.507572, 0.82468, -0.002831, -0.286558, -0.852186, -0.437792, -1.2e-05, 0.0, 0.0, 0.0, 1.0]
            ]
        },
        {
            "name": "Leg_L",
            "time": [0.0, 0.1, 0.2, 0.3, 0.4, 0.7, 0.95],
            "transform": [
                [1.0, 0.0, 1e-06, 0.0, -0.0, 0.979793, 0.200014, 0.37472, -1e-06, -0.200013, 0.979794, -0.0, 0.0, 0.0, 0.0, 1.0],
                [1.0, -0.0, 1e-06, 0.0, 0.0, 0.540731, 0.841197, 0.37472, -1e-06, -0.841195, 0.540732, -0.0, 0.0, 0.0, 0.0, 1.0],
                [1.0, -0.0, 1e-06, 0.0, 0.0, 0.442457, 0.89679, 0.37472, -1e-06, -0.896789, 0.442458, 0.0, 0.0, 0.0, 0.0, 1.0],
                [1.0, -0.0, 1e-06, 0.0, -0.0, 0.432067, 0.901842, 0.37472, -1e-06, -0.901842, 0.432067, 0.0, 0.0, 0.0, 0.0, 1.0],
                [1.0, 0.0, 1e-06, -0.0, 0.0, 0.645254, 0.763968, 0.37472, -1e-06, -0.763968, 0.645254, -0.0, 0.0, 0.0, 0.0, 1.0],
                [1.0, -0.0, 1e-06, 0.0, 0.0, 0.522169, 0.852842, 0.37472, -1e-06, -0.852842, 0.522169, -0.0, 0.0, 0.0, 0.0, 1.0],
                [1.0, -0.0, 1e-06, 0.0, 0.0, 0.504635, 0.863333, 0.37472, -1e-06, -0.863333, 0.504633, 0.0, 0.0, 0.0, 0.0, 1.0]
            ]
        },
        {
            "name": "Knee_L",
            "time": [0.0, 0.1, 0.2, 0.3, 0.4, 0.7, 0.95],