{
    "animation": [
        {
            "name": "Coord",
            "time": [0.0, 0.2, 0.2833, 0.3667, 0.95],
            "transform": [
                [1.0, -0.000116, 0.000116, 0.0, 0.000116, 0.001062, -0.999999, 0.0, 0.000116, 0.999999, 0.001062, 0.0, 0.0, 0.0, 0.0, 1.0],
                [1.0, -0.000116, 0.000116, 0.0, 0.000116, 0.001062, -0.999999, 0.0, 0.000116, 0.999999, 0.001062, 0.0, 0.0, 0.0, 0.0, 1.0],
                [1.0, -0.000116, 0.000116, 0.0, 0.000116, 0.001062, -0.999999, 1.420207, 0.000116, 0.999999, 0.001062, -0.0, 0.0, 0.0, 0.0, 1.0],
                [1.0, -0.000116, 0.000116, 0.0, 0.000116, 0.001062, -0.999999, 3.003977, 0.000116, 0.999999, 0.001062, -0.0, 0.0, 0.0, 0.0, 1.0],
                [1.0, -0.000116, 0.000116, 0.0, 0.000116, 0.001062, -0.999999, 3.003977, 0.000116, 0.999999, 0.001062, -0.0, 0.0, 0.0, 0.0, 1.0]
            ]
        },
        {
            "name": "Root",
            "time": [0.0, 0.2, 0.2833, 0.3667, 0.7, 0.95],
            "transform": [
                [0.86172, 0.000116, -0.507385, 8.4e-05, -0.000639, 0.999999, -0.000857, 0.763247, 0.507385, 0.001062, 0.861719, -0.000136, 0.0, 0.0, 0.0, 1.0],
                [0.86172, 0.000116, -0.507385, 8.5e-05, -0.000639, 0.999999, -0.000857, 0.774931, 0.507385, 0.001062, 0.861719, -0.000123, 0.0, 0.0, 0.0, 1.0],
                [0.996187, 0.01368, 0.086162, 8.4e-05, -0.017182, 0.999051, 0.040035, 0.763972, -0.085533, -0.041363, 0.995476, -0.000135, 0.0, 0.0, 0.0, 1.0],
                [0.761804, 0.000125, 0.647807, 7.6e-05, -0.054332, 0.996489, 0.063701, 0.695757, -0.645525, -0.083725, 0.759136, -0.000207, 0.0, 0.0, 0.0, 1.0],
                [0.761804, 0.000125, 0.647807, 7.6e-05, -0.054332, 0.996489, 0.063701, 0.695757, -0.645525, -0.083725, 0.759136, -0.000207, 0.0, 0.0, 0.0, 1.0],
                [1.0, 0.000116, -0.000116, 8.1e-05, -0.000116, 0.999999, -0.001062, 0.732546, 0.000116, 0.001062, 0.999999, -0.010887, 0.0, 0.0, 0.0, 1.0]
            ]
        },
        {
            "name": "Thigh_R",
            "time": [0.0, 0.2, 0.2833, 0.3667, 0.7, 0.95],
            "transform": [
                [0.997651, 0.034778, -0.059015, 0.124994, 0.041797, -0.991624, 0.1222, -0.002831, -0.054271, -0.124379, -0.990749, -1.2e-05, 0.0, 0.0, 0.0, 1.0],
                [1.0, -0.0, -0.0, 0.124994, 0.0, -0.999999, 1e-06, -0.002831, -0.0, -0.0, -1.0, -1.2e-05, 0.0, 0.0, 0.0, 1.0],
                [0.996902, 0.004912, 0.078504, 0.124994, 0.00418, -0.999945, 0.009488, -0.002831, 0.078546, -0.00913, -0.996869, -1.2e-05, 0.0, 0.0, 0.0, 1.0],
                [0.763664, 0.43279, 0.479071, 0.124994, 0.002681, -0.744159, 0.667997, -0.002831, 0.645608, -0.508841, -0.569448, -1.2e-05, 0.0, 0.0, 0.0, 1.0],
                [0.763664, 0.43279, 0.479071, 0.124994, 0.002681, -0.744159, 0.667997, -0.002831, 0.645608, -0.508841, -0.569448, -1.2e-05, 0.0, 0.0, 0.0, 1.0],
                [0.970128, 0.189199, 0.151837, 0.124994, 0.110585, -0.901981, 0.417373, -0.002831, 0.215921, -0.388114, -0.895961, -1.2e-05, 0.0, 0.0, 0.0, 1.0]
            ]
        },
        {
            "name": "Leg_R",
            "time": [0.0, 0.2, 0.2833, 0.3667, 0.7, 0.95],
            "transform": [
                [1.0, -0.0, 1e-06, -0.0, -0.0, 0.987402, 0.158236, 0.37472, -1e-06, -0.158236, 0.987401, -0.0, 0.0, 0.0, 0.0, 1.0],
                [1.0, 0.0, 1e-06, -0.0, -0.0, 1.000001, 0.0, 0.37472, -1e-06, -0.0, 0.999999, -0.0, 0.0, 0.0, 0.0, 1.0],
                [0.999999, -0.001243, -0.000196, -0.0, 0.001242, 0.950845, 0.309666, 0.37472, -0.000198, -0.309667, 0.950845, -0.0, 0.0, 0.0, 0.0, 1.0],
                [0.999997, -0.002363, -0.000769, -0.0, 0.002363, 0.808211, 0.588889, 0.37472, -0.00077, -0.58889, 0.808213, 0.0, 0.0, 0.0, 0.0, 1.0],
                [0.999997, -0.002363, -0.000769, -0.0, 0.002363, 0.808211, 0.588889, 0.37472, -0.00077, -0.58889, 0.808213, 0.0, 0.0, 0.0, 0.0, 1.0],
                [1.0, -0.0, 1e-06, -0.0, -0.0, 0.903817, 0.427921, 0.37472, -1e-06, -0.427922, 0.903815, -0.0, 0.0, 0.0, 0.0, 1.0]
            ]
        },
        {
            "name": "Knee_R",
            "time": [0.0, 0.2, 0.2833, 0.3667, 0.7, 0.95],
            "transform": [
                [1.0, 0.0, -0.0, 0.0, -0.0, 1e-06, -1.0, 0.37472, -0.0, 1.0, 1e-06, -0.0, 0.0, 0.0, 0.0, 1.0],
                [1.0, 0.0, -0.0, -0.0, -0.0, 1e-06, -1.0, 0.37472, -0.0, 1.0, 1e-06, -0.0, 0.0, 0.0, 0.0, 1.0],
                [1.0, 0.0, -0.0, -0.0, -0.0, 1e-06, -1.0, 0.37472, -0.0, 1.0, 1e-06, -0.0, 0.0, 0.0, 0.0, 1.0],
                [1.0, 0.0, -0.0, -0.0, -0.0, 0.0, -1.0, 0.395216, -0.0, 1.0, 1e-06, 0.0, 0.0, 0.0, 0.0, 1.0],
                [1.0, 0.0, -0.0, -0.0, -0.0, 0.0, -1.0, 0.395216, -0.0, 1.0, 1e-06, 0.0, 0.0, 0.0, 0.0, 1.0],
                [1.0, 0.0, -0.0, -0.0, -0.0, 1e-06, -1.0, 0.378381, -0.0, 1.0, 1e-06, 0.0, 0.0, 0.0, 0.0, 1.0]
            ]
        },
        {
            "name": "Thigh_L",
            "time": [0.0, 0.2, 0.2833, 0.3667, 0.7, 0.95],
            "transform": [
                [0.84998, -0.312968, -0.423773, -0.125006, -0.022038, -0.824828, 0.564954, -0.002831, -0.526353, -0.470861, -0.707985, -1.2e-05, 0.0, 0.0, 0.0, 1.0],
                [0.853062, -0.491294, -0.175829, -0.125006, -0.023735, -0.373146, 0.927469, -0.002831, -0.52127, -0.787015, -0.329978, -1.2e-05, 0.0, 0.0, 0.0, 1.0],
                [0.996179, 0.021553, 0.084637, -0.125006, 0.010333, -0.99135, 0.130837, -0.002831, 0.086725, -0.129462, -0.987784, -1.2e-05, 0.0, 0.0, 0.0, 1.0],
                [0.780546, -0.516495, 0.352109, -0.125006, -0.040325, -0.603718, -0.796177, -0.002831, 0.623796, 0.607254, -0.492057, -1.2e-05, 0.0, 0.0, 0.0, 1.0],
                [0.780546, -0.516495, 0.352109, -0.125006, -0.040325, -0.603718, -0.796177, -0.002831, 0.623796, 0.607254, -0.492057, -1.2e-05, 0.0, 0.0, 0.0, 1.0],
                [0.962795, -0.198013, -0.183891, -0.125006, -0.105177, -0.901421, 0.419972, -0.002831, -0.248924, -0.385006, -0.888711, -1.2e-05, 0.0, 0.0, 0.0, 1.0]
            ]
        },
        {
            "name": "Leg_L",
            "time": [0.0, 0.2, 0.2833, 0.3667, 0.7, 0.95],
            "transform": [
                [1.0, -0.0, 1e-06, 0.0, 0.0, 0.970939, 0.239328, 0.37472, -1e-06, -0.239328, 0.970939, -0.0, 0.0, 0.0, 0.0, 1.0],
                [1.0, -0.0, 1e-06, -0.0, 0.0, 0.970938, 0.239328, 0.37472, -1e-06, -0.239328, 0.970939, -0.0, 0.0, 0.0, 0.0, 1.0],
                [1.0, -0.0, 1e-06, -0.0, 0.0, 0.992708, 0.120543, 0.37472, -1e-06, -0.120543, 0.992708, -0.0, 0.0, 0.0, 0.0, 1.0],
                [1.0, 0.0, 1e-06, -0.0, -0.0, 1.0, 0.0, 0.37472, -1e-06, -0.0, 1.0, -0.0, 0.0, 0.0, 0.0, 1.0],
                [1.0, 0.0, 1e-06, -0.0, -0.0, 1.0, 0.0, 0.37472, -1e-06, -0.0, 1.0, -0.0, 0.0, 0.0, 0.0, 1.0],
                [1.0, -1e-06, 1e-06, -0.0, 0.0, 0.906149, 0.422958, 0.37472, -1e-06, -0.422957, 0.90615, 0.0, 0.0, 0.0, 0.0, 1.0]
            ]
        },
        {
            "name": "Knee_L",
            "time": [0.0, 0.2, 0.2833, 0.3667, 0.7, 0.95],
            "transform": [
                [1.0, 0.0, -0.0, 0.0, -0.0, 1e-06, -1.0, 0.37472, -0.0, 1.0, 1e-06, -0.0, 0.0, 0.0, 0.0, 1.0],
                [1.0, 0.0, -0.0, -0.0, -0.0, 1e-06, -1.0, 0.37472, -0.0, 1.0, 1e-06, -0.0, 0.0, 0.0, 0.0, 1.0],
                [1.0, 0.0, -0.0, -0.0, -0.0, 1e-06, -1.0, 0.37472, -0.0, 1.0, 1e-06, -0.0, 0.0, 0.0, 0.0, 1.0],
                [1.0, 0.0, -0.0, -0.0, -0.0, 1e-06, -1.0, 0.37472, -0.0, 1.0, 1e-06, -0.0, 0.0, 0.0, 0.0, 1.0],
                [1.0, 0.0, -0.0, -0.0, -0.0, 1e-06, -1.0, 0.37472, -0.0, 1.0, 1e-06, -0.0, 0.0, 0.0, 0.0, 1.0],
                [1.0, 0.0, -0.0, 0.0, -0.0, 0.0, -1.0, 0.377888, -0.0, 1.0, 1e-06, 0.0, 0.0, 0.0, 0.0, 1.0]
            ]
        },
        {
            "name": "Torso",
            "time": [0.0, 0.2, 0.3333, 0.4333, 0.7, 0.95],