{
    "animation": [
        {
            "name": "Root",
            "time": [0.0, 0.3333, 0.5, 0.6667, 1.0667, 1.3333],
            "transform": [
                [1.0, 0.0, 0.0, 0.000314, 0.0, -0.166831, -0.985986, -1.595797, 0.0, 0.985986, -0.166831, 1.370934, 0.0, 0.0, 0.0, 1.0],
                [1.0, 0.0, 0.0, 0.000314, 0.0, -0.193258, -0.981148, -1.659415, 0.0, 0.981148, -0.193258, 1.358591, 0.0, 0.0, 0.0, 1.0],
                [1.0, 0.0, 0.0, 0.000314, 0.0, 0.049919, -0.998753, -0.1859, 0.0, 0.998753, 0.049919, 1.236097, 0.0, 0.0, 0.0, 1.0],
                [1.0, 0.0, 0.0, 0.000314, 0.0, 0.073707, -0.99728, -0.042142, 0.0, 0.99728, 0.073707, 1.224706, 0.0, 0.0, 0.0, 1.0],
                [1.0, 0.0, 0.0, 0.000314, 0.0, -0.017295, -0.99985, 0.037285, 0.0, 0.99985, -0.017295, 1.234623, 0.0, 0.0, 0.0, 1.0],
                [1.0, 0.0, 0.0, 0.000314, 0.0, -0.017295, -0.99985, 0.037285, 0.0, 0.99985, -0.017295, 1.234623, 0.0, 0.0, 0.0, 1.0]
            ]
        },
        {
            "name": "Torso",
            "time": [0.0, 0.3333, 0.5, 0.6667, 1.0667, 1.3333],
            "transform": [
                [0.896071, 0.022793, -0.443324, 0.0, 0.077569, 0.975276, 0.206929, 0.0, 0.43708, -0.219811, 0.872149, -0.307468, 0.0, 0.0, 0.0, 1.0],
                [0.861496, 0.035621, -0.506513, 0.0, 0.09813, 0.967051, 0.234911, 0.0, 0.498192, -0.252079, 0.829615, -0.307468, 0.0, 0.0, 0.0, 1.0],
                [0.948677, 0.007476, 0.316159, 0.0, 0.021354, 0.995925, -0.087624, -0.0, -0.315525, 0.089878, 0.944651, -0.307468, 0.0, 0.0, 0.0, 1.0],
                [0.920298, 0.020119, 0.3907, -0.0, 0.028835, 0.992472, -0.119029, -0.0, -0.390154, 0.120808, 0.91279, -0.307468, 0.0, 0.0, 0.0, 1.0],
                [0.996094, -0.014712, 0.087065, 0.0, 0.0142, 0.999878, 0.006504, -0.0, -0.08715, -0.005242, 0.996181, -0.307468, 0.0, 0.0, 0.0, 1.0],
                [0.996094, -0.014712, 0.087065, 0.0, 0.0142, 0.999878, 0.006504, -0.0, -0.08715, -0.005242, 0.996181, -0.307468, 0.0, 0.0, 0.0, 1.0]
            ]
        },
        {
            "name": "Leg_LR",
            "time": [0.0, 0.3333, 0.5, 0.6667, 1.0667, 1.3333],
            "transform": [
                [0.136018, -0.258496, -0.956389, 0.552169, 0.226284, -0.931736, 0.284015, 0.73273, -0.964518, -0.255046, -0.06824, -0.959395, 0.0, 0.0, 0.0, 1.0],
                [0.170689, -0.329402, -0.928633, 0.684687, 0.20708, -0.909422, 0.36065, 0.735259, -0.963319, -0.253861, -0.087016, -0.995357, 0.0, 0.0, 0.0, 1.0],
                [0.03476, -0.1566, -0.98705, 0.563949, -0.386992, -0.912705, 0.131176, 0.732955, -0.921428, 0.377421, -0.092328, -0.962591, 0.0, 0.0, 0.0, 1.0],
                [0.028085, -0.135686, -0.990354, 0.552169, -0.440584, -0.890999, 0.109579, 0.73273, -0.897272, 0.433257, -0.084804, -0.959395, 0.0, 0.0, 0.0, 1.0],
                [0.022806, -0.103228, -0.994396, 0.552169, -0.383417, -0.9195, 0.08666, 0.73273, -0.923294, 0.379292, -0.06055, -0.959395, 0.0, 0.0, 0.0, 1.0],
                [0.022806, -0.103228, -0.994396, 0.552169, -0.383417, -0.9195, 0.08666, 0.73273, -0.923294, 0.379292, -0.06055, -0.959395, 0.0, 0.0, 0.0, 1.0]
            ]
        },
        {
            "name": "Foot_LR",
            "time": [0.0, 0.3333, 0.5, 0.6667, 1.0667, 1.3333],
            "transform": [
                [-0.0, -0.009729, 0.999953, -0.0, 0.0, 0.999953, 0.009729, 1.166197, -1.0, 0.0, -0.0, -0.0, 0.0, 0.0, 0.0, 1.0],
                [-0.0, -0.010265, 0.999947, 0.0, -0.0, 0.999947, 0.010265, 1.166197, -1.0, -0.0, -0.0, -0.0, 0.0, 0.0, 0.0, 1.0],
                [-0.0, -0.010504, 0.999945, 0.0, -0.0, 0.999945, 0.010504, 1.166197, -1.0, -0.0, -0.0, -0.0, 0.0, 0.0, 0.0, 1.0],
                [-0.0, -0.010518, 0.999945, 0.0, -0.0, 0.999945, 0.010518, 1.166196, -1.0, -0.0, -0.0, 0.0, 0.0, 0.0, 0.0, 1.0],
                [0.0, -0.00895, 0.99996, -0.0, -0.0, 0.99996, 0.00895, 1.166197, -1.0, -0.0, 0.0, 0.0, 0.0, 0.0, 0.0, 1.0],
                [0.0, -0.00895, 0.99996, -0.0, -0.0, 0.99996, 0.00895, 1.166197, -1.0, -0.0, 0.0, 0.0, 0.0, 0.0, 0.0, 1.0]
            ]
        },
        {
            "name": "Leg_LR_F",
            "time": [0.0, 0.3333, 0.5, 1.3333],
            "transform": [
                [0.0, 1.0, 0.0, -0.0, -0.0, 0.0, -1.0, 1.233018, -1.0, 0.0, 0.0, -0.0, 0.0, 0.0, 0.0, 1.0],
                [0.0, 1.0, 0.0, 0.0, -0.0, 0.0, -1.0, 1.243741, -1.0, 0.0, 0.0, 0.0, 0.0, 0.0, 0.0, 1.0],
                [0.0, 1.0, 0.0, 0.0, -0.0, 0.0, -1.0, 1.243741, -1.0, 0.0, 0.0, -0.0, 0.0, 0.0, 0.0, 1.0],
                [0.0, 1.0, 0.0, -0.0, -0.0, 0.0, -1.0, 1.243741, -1.0, 0.0, 0.0, 0.0, 0.0, 0.0, 0.0, 1.0]
            ]
        },
        {
            "name": "Leg_LF",
            "time": [0.0, 0.3333, 0.5, 0.6667, 1.0667, 1.3333],
            "transform": [
                [-0.367092, -0.243377, -0.897782, -0.547831, 0.359322, -0.927348, 0.104469, 0.732731, -0.857981, -0.284243, 0.427872, -0.959395, 0.0, 0.0, 0.0, 1.0],
                [-0.414023, -0.288013, -0.863501, -0.547831, 0.390091, -0.91324, 0.117566, 0.73273, -0.822444, -0.288169, 0.490453, -0.959395, 0.0, 0.0, 0.0, 1.0],
                [-0.055615, 0.022373, -0.998202, -0.547831, -0.265465, -0.964096, -0.006818, 0.73273, -0.962515, 0.264608, 0.059558, -0.959395, 0.0, 0.0, 0.0, 1.0],
                [-0.01056, 0.039146, -0.999178, -0.547831, -0.322184, -0.946078, -0.033661, 0.73273, -0.946618, 0.321564, 0.022603, -0.959395, 0.0, 0.0, 0.0, 1.0],
                [-0.175459, 0.037754, -0.983763, -0.547831, -0.357207, -0.933609, 0.02788, 0.73273, -0.917397, 0.356299, 0.177296, -0.959395, 0.0, 0.0, 0.0, 1.0],
                [-0.175459, 0.037754, -0.983763, -0.547831, -0.357207, -0.933609, 0.02788, 0.73273, -0.917397, 0.356299, 0.177296, -0.959395, 0.0, 0.0, 0.0, 1.0]
            ]
        },
        {
            "name": "Foot_LF",
            "time": [0.0, 0.3333, 0.5, 0.6667, 1.0667, 1.3333],
            "transform": [
                [0.0, -0.446452, 0.894808, -0.0, -0.0, 0.894808, 0.446452, 1.166196, -1.0, -0.0, 0.0, 0.0, 0.0, 0.0, 0.0, 1.0],
                [0.0, -0.446167, 0.89495, -0.0, -0.0, 0.89495, 0.446167, 1.166197, -1.0, -0.0, 0.0, -0.0, 0.0, 0.0, 0.0, 1.0],
                [0.0, -0.049821, 0.998758, 0.0, 0.0, 0.998758, 0.049821, 1.166196, -1.0, 0.0, 0.0, -0.0, 0.0, 0.0, 0.0, 1.0],
                [-0.0, -0.009881, 0.999951, 0.0, -0.0, 0.999951, 0.009881, 1.166197, -1.0, -0.0, -0.0, 0.0, 0.0, 0.0, 0.0, 1.0],
                [0.0, -0.010042, 0.99995, -0.0, 0.0, 0.99995, 0.010042, 1.166197, -1.0, 0.0, 0.0, -0.0, 0.0, 0.0, 0.0, 1.0],
                [0.0, -0.010042, 0.99995, -0.0, 0.0, 0.99995, 0.010042, 1.166197, -1.0, 0.0, 0.0, -0.0, 0.0, 0.0, 0.0, 1.0]
            ]
        },
        {
            "name": "Leg_LF_F",
            "time": [0.0, 0.3333, 0.6667, 1.0667, 1.3333],
            "transform": [
                [0.0, 1.0, 0.0, -0.0, -0.0, 0.0, -1.0, 1.233017, -1.0, 0.0, 0.0, 0.0, 0.0, 0.0, 0.0, 1.0],
                [0.0, 1.0, -0.0, -0.0, -0.0, -0.0, -1.0, 1.243741, -1.0, 0.0, 0.0, -0.0, 0.0, 0.0, 0.0, 1.0],
                [0.0, 1.0, -0.0, -0.0, -0.0, 0.0, -1.0, 1.243741, -1.0, 0.0, 0.0, 0.0, 0.0, 0.0, 0.0, 1.0],
                [0.0, 1.0, 0.0, -0.0, -0.0, -0.0, -1.0, 1.243741, -1.0, 0.0, 0.0, 0.0, 0.0, 0.0, 0.0, 1.0],
                [0.0, 1.0, 0.0, -0.0, -0.0, -0.0, -1.0, 1.243741, -1.0, 0.0, 0.0, 0.0, 0.0, 0.0, 0.0, 1.0]
            ]
        },
        {
            "name": "Head_Root",
            "time": [0.0, 0.3333, 0.5, 0.6667, 1.0667, 1.3333],