{
    "animation": [
        {
            "name": "Root",
            "time": [0.0, 0.25, 0.3333, 0.55, 0.6667, 1.1667],
            "transform": [
                [0.982585, -0.125201, 0.137303, -0.952926, 0.069627, -0.43701, -0.896758, -1.647734, 0.172277, 0.8907, -0.420682, 1.370742, 0.0, 0.0, 0.0, 1.0],
                [0.949335, -0.208062, 0.235529, -1.191217, 0.080595, -0.563206, -0.822377, -1.687048, 0.303757, 0.799693, -0.517902, 1.053879, 0.0, 0.0, 0.0, 1.0],
                [0.808367, -0.415685, 0.416831, -1.249957, 0.067777, -0.637651, -0.767338, -1.735437, 0.584764, 0.648542, -0.487282, 0.600865, 0.0, 0.0, 0.0, 1.0],
                [0.120233, -0.776056, 0.619097, -1.119357, 0.0, -0.623621, -0.781727, -1.563532, 0.992746, 0.093989, -0.07498, 0.6127, 0.0, 0.0, 0.0, 1.0],
                [-0.000101, -0.781727, 0.623621, -1.067945, 0.0, -0.623621, -0.781727, -1.584954, 1.0, -7.9e-05, 6.3e-05, 0.6127, 0.0, 0.0, 0.0, 1.0],
                [-0.000101, -0.781727, 0.623621, -1.067945, 0.0, -0.623621, -0.781727, -1.584954, 1.0, -7.9e-05, 6.3e-05, 0.6127, 0.0, 0.0, 0.0, 1.0]
            ]
        },
        {
            "name": "Torso",
            "time": [0.0, 0.25, 0.3333, 0.55, 0.6667, 1.1667],
            "transform": [
                [0.995042, -0.004012, -0.099371, 0.0, 0.003239, 0.999963, -0.007933, -0.0, 0.099399, 0.007572, 0.995019, -0.307468, 0.0, 0.0, 0.0, 1.0],
                [0.985656, -0.007196, -0.168611, 0.0, 0.004474, 0.999853, -0.016518, -0.0, 0.168705, 0.015527, 0.985544, -0.307468, 0.0, 0.0, 0.0, 1.0],
                [0.96913, -0.011733, -0.246273, 0.0, 0.00271, 0.999314, -0.036946, 0.0, 0.246537, 0.035139, 0.968496, -0.307468, 0.0, 0.0, 0.0, 1.0],
                [0.958474, -4.9e-05, -0.285181, -0.0, -0.025329, 0.996033, -0.085301, -0.0, 0.284054, 0.088982, 0.95467, -0.307468, 0.0, 0.0, 0.0, 1.0],
                [1.0, -0.0, 0.0, 0.0, 0.0, 0.996239, -0.086651, -0.0, 0.0, 0.086651, 0.996239, -0.307468, 0.0, 0.0, 0.0, 1.0],
                [1.0, -0.0, 0.0, 0.0, 0.0, 0.996239, -0.086651, -0.0, 0.0, 0.086651, 0.996239, -0.307468, 0.0, 0.0, 0.0, 1.0]
            ]
        },
        {
            "name": "Leg_RF",
            "time": [0.0, 1.1667],
            "transform": [
                [0.0, -0.0, -1.0, 0.552169, -0.0, -1.0, 0.0, 0.732731, -1.0, -0.0, -0.0, -0.959395, 0.0, 0.0, 0.0, 1.0],
                [0.0, -0.0, -1.0, 0.552169, 0.0, -1.0, 0.0, 0.732731, -1.0, 0.0, -0.0, -0.959395, 0.0, 0.0, 0.0, 1.0]
            ]
        },
        {
            "name": "Foot_RF",
            "time": [0.0, 1.1667],
            "transform": [
                [0.0, -0.0, 1.0, -0.0, -0.0, 1.0, 0.0, 1.166197, -1.0, -0.0, 0.0, -0.0, 0.0, 0.0, 0.0, 1.0],
                [0.0, -0.0, 1.0, -0.0, -0.0, 1.0, -0.0, 1.166196, -1.0, -0.0, 0.0, 0.0, 0.0, 0.0, 0.0, 1.0]
            ]
        },
        {
            "name": "Leg_RF_F",
            "time": [0.0, 1.1667],
            "transform": [
                [0.0, 1.0, 0.0, -0.0, -0.0, 0.0, -1.0, 1.166197, -1.0, 0.0, 0.0, -0.0, 0.0, 0.0, 0.0, 1.0],
                [0.0, 1.0, 0.0, -0.0, -0.0, -0.0, -1.0, 1.166196, -1.0, 0.0, 0.0, 0.0, 0.0, 0.0, 0.0, 1.0]
            ]
        },
        {
            "name": "Leg_LF",
            "time": [0.0, 0.25, 0.55, 1.1667],
            "transform": [
                [0.062168, 0.112709, -0.991681, -0.565769, -0.174259, -0.977116, -0.121978, 0.733079, -0.982735, 0.180393, -0.041105, -1.14047, 0.0, 0.0, 0.0, 1.0],
                [0.062168, 0.112709, -0.991681, -0.565769, -0.174259, -0.977115, -0.121978, 0.733079, -0.982735, 0.180393, -0.041105, -1.14047, 0.0, 0.0, 0.0, 1.0],
                [0.008428, 0.022418, -0.999713, -0.550928, 0.096746, -0.995077, -0.021498, 0.732791, -0.995274, -0.096536, -0.010555, -0.990656, 0.0, 0.0, 0.0, 1.0],
                [0.008428, 0.022418, -0.999713, -0.550928, 0.096745, -0.995077, -0.021498, 0.732791, -0.995273, -0.096537, -0.010555, -0.990656, 0.0, 0.0, 0.0, 1.0]
            ]
        },
        {
            "name": "Foot_LF",
            "time": [0.0, 0.3333, 0.55, 0.6667, 1.1667],
            "transform": [
                [0.0, 0.0, 1.0, -0.0, -0.0, 1.0, 0.0, 1.166196, -1.0, 0.0, 0.0, 0.0, 0.0, 0.0, 0.0, 1.0],
                [0.0, -0.0, 1.0, 0.0, 0.0, 1.0, 0.0, 1.166196, -1.0, 0.0, 0.0, -0.0, 0.0, 0.0, 0.0, 1.0],
                [-0.0, 0.021329, 0.999772, 0.0, -2e-06, 0.999772, -0.021329, 1.166196, -1.0, -2e-06, -0.0, 0.0, 0.0, 0.0, 0.0, 1.0],
                [-1.8e-05, 0.395958, 0.918268, 0.0, -3.7e-05, 0.918269, -0.395958, 1.166197, -1.0, -4.1e-05, -2e-06, -0.0, 0.0, 0.0, 0.0, 1.0],
                [-1.8e-05, 0.395958, 0.918268, -0.0, -3.7e-05, 0.918269, -0.395958, 1.166197, -1.0, -4.1e-05, -2e-06, -0.0, 0.0, 0.0, 0.0, 1.0]
            ]
        },
        {
            "name": "Leg_LF_F",
            "time": [0.0, 1.1667],
            "transform": [
                [0.0, 1.0, -0.0, -0.0, -0.0, -0.0, -1.0, 1.166196, -1.0, 0.0, 0.0, 0.0, 0.0, 0.0, 0.0, 1.0],
                [0.0, 1.0, -0.0, -0.0, -0.0, 0.0, -1.0, 1.166197, -1.0, 0.0, 0.0, -0.0, 0.0, 0.0, 0.0, 1.0]
            ]
        },
        {
            "name": "Head_Root",
            "time": [0.0, 0.25, 0.3333, 0.55, 0.6667, 1.1667],
            "transform": [
                [0.999029, -0.003096, -0.043959, -0.005745, 0.001208, 0.999078, -0.04292, -1.7e-05, 0.044051, 0.042825, 0.998111, -0.786506, 0.0, 0.0, 0.0, 1.0],
                [0.997489, -0.005898, -0.070571, -0.009239, 0.001016, 0.997615, -0.069012, -2.8e-05, 0.07081, 0.068767, 0.995117, -0.785203, 0.0, 0.0, 0.0, 1.0],
                [0.996119, -0.008087, -0.087645, -0.011491, 0.000504, 0.996277, -0.086204, -3.4e-05, 0.088016, 0.085825, 0.992415, -0.784364, 0.0, 0.0, 0.0, 1.0],
                [0.999999, -0.001592, -6.6e-05, -0.0, 0.001581, 0.99626, -0.086394, 0.0, 0.000203, 0.086394, 0.996261, -0.788647, 0.0, 0.0, 0.0, 1.0],
                [1.0, -0.0, -0.0, -0.0, -0.0, 0.995661, -0.093055, 0.0, 0.0, 0.093055, 0.995661, -0.788647, 0.0, 0.0, 0.0, 1.0],
                [1.0, -0.0, -0.0, -0.0, -0.0, 0.995661, -0.093055, 0.0, 0.0, 0.093055, 0.995661, -0.788647, 0.0, 0.0, 0.0, 1.0]
            ]
        },
        {
            "name": "Head",
            "time": [0.0, 0.25, 0.3333, 0.55, 0.6667, 1.1667],
            "transform": [
                [0.996709, -0.020642, -0.078398, 0.046797, 0.018028, 0.999262, -0.033911, -0.000207, 0.07904, 0.032386, 0.996345, -0.995637, 0.0, 0.0, 0.0, 1.0],
                [0.990332, -0.034665, -0.134314, 0.079832, 0.027429, 0.99809, -0.055351, -0.000333, 0.135977, 0.051132, 0.989392, -0.990685, 0.0, 0.0, 0.0, 1.0],
                [0.976265, -0.045597, -0.211723, 0.123847, 0.031299, 0.997028, -0.070399, -0.000414, 0.214304, 0.062102, 0.974791, -0.983893, 0.0, 0.0, 0.0, 1.0],
                [0.954093, -0.04626, -0.295918, 0.165245, 0.026174, 0.997098, -0.071485, 0.00085, 0.298366, 0.060458, 0.952535, -0.97679, 0.0, 0.0, 0.0, 1.0],
                [1.0, -0.0, -0.0, 0.0, -0.0, 0.997378, -0.072364, -0.0, -0.0, 0.072364, 0.997378, -1.002567, 0.0, 0.0, 0.0, 1.0],
                [1.0, -0.0, -0.0, 0.0, -0.0, 0.997378, -0.072364, -0.0, -0.0, 0.072364, 0.997378, -1.002567, 0.0, 0.0, 0.0, 1.0]
            ]
        },
        {
            "name": "Ear_L",
            "time": [0.0, 0.3333, 0.55, 0.6667, 1.1667],